site_no,name,huc,lat,lon,drainage_area,altitude,regulated_from_wy,n_pre_regulation,skew,skew_mse,prl,n_systematic,n_peaks,n_low_outliers,yb,ye,ph,at_site_option,excluded
05010000,Belly River at international boundary,090400020103,48.9970916666667,-113.682355555556,74.9,4500.0,,17,,,,,,,,,,,< 25 pre-regulation peaks (17)
05010500,North Fork Belly River at international boundary,090400020104,48.9882472222222,-113.762916666667,9.68,5100.0,,8,,,,,,,,,,,< 25 pre-regulation peaks (8)
05011500,Waterton River near international boundary,090400020402,48.95495,-113.899861111111,61.8,4200.0,,17,,,,,,,,,,,< 25 pre-regulation peaks (17)
05012000,Street Creek at international boundary,090400020405,48.9879694444444,-113.878730555556,5.36,4400.0,,9,,,,,,,,,,,< 25 pre-regulation peaks (9)
05012500,Boundary Creek at international boundary,090400020403,48.9958361111111,-113.907680555556,20.4,4300.0,,17,,,,,,,,,,,< 25 pre-regulation peaks (17)
05013700,St. Mary River ab Swiftcurrent Creek nr Babb,090400010404,48.8508805555556,-113.416175,174.0,4460.0,,14,,,,,,,,,,,< 25 pre-regulation peaks (14)
05013900,Grinnell C at G Glacier nr Many Glacier MT,090400010201,48.757675,-113.724669444444,0.64,6322.0,,16,,,,,,,,,,,< 25 pre-regulation peaks (16)
05014000,Grinnell Creek nr. Many Glacier MT,090400010201,48.7701138888889,-113.698619444444,3.33,4920.0,,29,1.1580700715780172,0.34040357845141817,29.0,29.0,29.0,0.0,1950.0,1978.0,29.0,ADJE,
05014300,Swiftcurrent Cr ab Swiftcurrent Lk at Many Glacier,090400010201,48.7954444444444,-113.680583333333,15.8,4920.0,,19,,,,,,,,,,,< 25 pre-regulation peaks (19)
05014500,Swiftcurrent Creek at Many Glacier MT,090400010201,48.798833,-113.656731,31.2,4881.47,,111,1.6848491045065956,0.257351730567677,111.0,111.0,111.0,0.0,1913.0,2023.0,111.0,ADJE,
05015000,Canyon Creek near Many Glacier MT,090400010203,48.7960472222222,-113.624188888889,7.74,4900.0,,13,,,,,,,,,,,< 25 pre-regulation peaks (13)
05016000,Swiftcurrent Creek at Sherburne MT,090400010203,48.8299083333333,-113.517211111111,64.8,4730.26,1919.0,6,,,,,,,,,,,< 25 pre-regulation peaks (6)
05016500,Swiftcurrent Creek near Babb MT,090400010203,48.8486277777778,-113.444352777778,99.1,4490.0,,6,,,,,,,,,,,< 25 pre-regulation peaks (6)
05017500,St. Mary River near Babb MT,090400010404,48.8330371842266,-113.420653317679,275.0,4468.13,,90,1.0168671151026656,0.13815290163169222,89.67438938439928,89.0,90.0,0.0,1902.0,2024.0,123.0,ADJE,
05019500,St. Mary River bl St. Mary Canal nr Babb,090400010404,48.8539166666667,-113.415716666667,295.0,4450.0,,21,,,,,,,,,,,< 25 pre-regulation peaks (21)
05020000,Kennedy Creek near Babb MT,090400010403,48.9164861111111,-113.437258333333,61.1,4500.0,,2,,,,,,,,,,,< 25 pre-regulation peaks (2)
06006000,"Red Rock Cr ab Lakes, nr Lakeview, MT",100200010101,44.615792,-111.625669,37.3,6683.01,,29,-0.2122756714991272,0.18960441924309834,29.0,29.0,29.0,0.0,1997.0,2025.0,29.0,ADJE,
06007000,Tom Creek near Lakeview MT,100200010104,44.588275,-111.664091666667,6.95,6740.0,,1,,,,,,,,,,,< 25 pre-regulation peaks (1)
06008000,Odell Cr ab Taft Ranch nr Lakeview MT,100200010105,44.5774055555556,-111.779863888889,17.9,6750.0,,5,,,,,,,,,,,< 25 pre-regulation peaks (5)
06010600,Red Rock River at Brundage Bridge nr Monida,100200010202,44.6575888888889,-111.982563888889,276.0,6605.0,,1,,,,,,,,,,,< 25 pre-regulation peaks (1)
06011000,Red Rock R at Kennedy Ranch nr Lakeview MT,100200010204,44.6479305555556,-112.056405555556,321.0,6596.37,,29,-0.5993159319770895,0.22664336165344406,28.78119855968044,28.0,29.0,0.0,1937.0,1984.0,48.0,ADJE,
06011400,Long Creek near Lakeview MT,100200010205,44.7134194444444,-112.077533333333,36.6,6800.0,,10,,,,,,,,,,,< 25 pre-regulation peaks (10)
06011900,Red Rock River Tributary near Monida MT,100200010210,44.58375,-112.249205555556,0.4,6750.0,,9,,,,,,,,,,,< 25 pre-regulation peaks (9)
06012500,Red Rock R bl Lima Reservoir nr Monida MT,100200011401,44.6558805555556,-112.371222222222,566.0,6530.0,1912.0,0,,,,,,,,,,,< 25 pre-regulation peaks (0)
06013200,Traux Creek near Lima MT,100200010304,44.617475,-112.567372222222,4.02,6350.0,,16,,,,,,,,,,,< 25 pre-regulation peaks (16)
06013400,Muddy Creek near Dell MT,100200010702,44.6395055555556,-112.809388888889,63.1,6570.0,,16,,,,,,,,,,,< 25 pre-regulation peaks (16)
06013500,Big Sheep Cr bl Muddy Cr nr Dell MT,100200010803,44.6551111111111,-112.778475,279.0,6530.0,,40,-0.029549009674822713,0.1291376862200444,40.0,40.0,40.0,0.0,1946.0,1991.0,46.0,ADJE,
06014000,Red Rock River near Dell MT,100200011404,44.7834138888889,-112.733102777778,1424.0,5870.0,,25,0.5735429363119643,0.2518611046527244,25.0,25.0,25.0,0.0,1943.0,1967.0,25.0,ADJE,
06014500,Red Rock River at Red Rock MT,100200011405,44.9169388888889,-112.831241666667,1555.0,5582.45,,10,,,,,,,,,,,< 25 pre-regulation peaks (10)
06015000,Horse Prairie Creek near Grant MT,100200011302,45.016525,-113.2175,321.0,6050.0,,8,,,,,,,,,,,< 25 pre-regulation peaks (8)
06015400,Beaverhead River near Grant MT,100200020402,45.0035444444444,-112.853827777778,2316.0,5442.78,1965.0,2,,,,,,,,,,,< 25 pre-regulation peaks (2)
06015430,Clark Canyon near Dillon MT,100200020401,45.0157805555556,-112.837222222222,17.3,5450.0,,49,-0.3442089690730236,0.12897960405714423,48.53937918321227,46.0,49.0,0.0,1969.0,2021.0,53.0,ADJE,
06015460,"Farlin Creek near Polaris, MT",100200020103,45.3388388888889,-113.120402777778,5.49,6280.0,,22,,,,,,,,,,,< 25 pre-regulation peaks (22)
06015480,"Grasshopper Creek tributary near Dillon, MT",100200020108,45.1696166666667,-113.013377777778,1.37,5810.0,,22,,,,,,,,,,,< 25 pre-regulation peaks (22)
06015500,Grasshopper Creek near Dillon MT,100200020110,45.1101416666667,-112.800819444444,348.0,5350.0,,39,-0.3509558008296632,0.1571844200772328,38.847079201583746,38.0,39.0,0.0,1921.0,1975.0,55.0,ADJE,
06016000,Beaverhead River at Barretts MT,100200020404,45.1161277777778,-112.750494444444,2730.0,5268.17,1965.0,57,-0.23120731376568276,0.10553895932036474,56.24355871790346,51.0,57.0,6.0,1908.0,1964.0,57.0,B17B,
06016900,Beaverhead River Tributary nr Dillon MT,100200020405,45.2223222222222,-112.685636111111,0.91,5250.0,,15,,,,,,,,,,,< 25 pre-regulation peaks (15)
06017000,Beaverhead River at Dillon MT,100200020405,45.2183833333333,-112.655333333333,2892.0,5100.0,2002.0,10,,,,,,,,,,,< 25 pre-regulation peaks (10)
06017500,Blacktail Deer Creek near Dillon MT,100200020309,45.0460638888889,-112.549655555556,316.0,5667.59,,21,,,,,,,,,,,< 25 pre-regulation peaks (21)
06018000,Beaverhead River near Dillon MT,100200020605,45.3047972222222,-112.563180555556,3419.0,4960.0,1965.0,3,,,,,,,,,,,< 25 pre-regulation peaks (3)
06018200,Beaverhead River Tributary no 2 nr Dillon MT,100200020604,45.3186694444444,-112.528891666667,0.93,4970.0,,8,,,,,,,,,,,< 25 pre-regulation peaks (8)
06018500,Beaverhead River near Twin Bridges MT,100200020703,45.3833888888889,-112.452830555556,3618.0,4809.15,1965.0,28,0.04352975929033968,0.1812235562126171,28.000000000000004,28.0,28.0,0.0,1936.0,1964.0,29.0,ADJE,"redundant (nested, DAR <= 5)"
06019000,Ruby River ab Warm Springs C nr Alder MT,100200030106,44.9943833333333,-111.966247222222,143.0,6200.0,,6,,,,,,,,,,,< 25 pre-regulation peaks (6)
06019400,Sweetwater Creek near Alder MT,100200030204,45.0774416666667,-112.226327777778,81.6,5995.0,,18,,,,,,,,,,,< 25 pre-regulation peaks (18)
06019500,"Ruby River above reservoir near Alder, MT",100200030308,45.1923194444444,-112.142816666667,534.0,5400.0,,86,0.5174623140900511,0.09092766759352469,86.0,86.0,86.0,0.0,1939.0,2024.0,86.0,ADJE,
06019800,Idaho Creek near Alder MT,100200030308,45.1972583333333,-112.140422222222,11.0,5420.0,,26,-0.5467601478290434,0.24135566446693354,22.941627004929796,14.0,26.0,12.0,1960.0,1985.0,26.0,B17B,
06020600,"Ruby River below reservoir near Alder, MT",100200030501,45.2418694444444,-112.111238888889,595.0,5286.6,1963.0,0,,,,,,,,,,,< 25 pre-regulation peaks (0)
06021000,Ruby River near Alder MT,100200030501,45.2884722222222,-112.098902777778,612.0,5190.0,,24,,,,,,,,,,,< 25 pre-regulation peaks (24)
06021500,Ruby River at Laurin MT,100200030503,45.3525055555556,-112.122463888889,643.0,5045.0,,14,,,,,,,,,,,< 25 pre-regulation peaks (14)
06022000,Ruby River bl Ramshorn Cr nr Alder MT,100200030508,45.4112944444444,-112.205752777778,839.0,4890.0,,7,,,,,,,,,,,< 25 pre-regulation peaks (7)
06023000,Ruby River near Twin Bridges MT,100200030508,45.5069138888889,-112.330888888889,970.0,4670.0,2015.0,23,,,,,,,,,,,< 25 pre-regulation peaks (23)
06023500,Big Hole River near Jackson MT,100200040302,45.2457916666667,-113.45715,36.3,6950.0,,9,,,,,,,,,,,< 25 pre-regulation peaks (9)
06023800,Big Hole River ab Spring Creek nr Jackson MT,100200040305,45.3609805555556,-113.440966666667,117.0,6470.0,,4,,,,,,,,,,,< 25 pre-regulation peaks (4)
06024000,Miner Creek near Jackson MT,100200040306,45.3370972222222,-113.552394444444,18.6,6960.0,,6,,,,,,,,,,,< 25 pre-regulation peaks (6)
06024020,Big Hole River at Miner Creek nr Jackson MT,100200040309,45.4228638888889,-113.449394444444,381.0,6320.0,,4,,,,,,,,,,,< 25 pre-regulation peaks (4)
06024100,"Fox Gulch near Jackson, MT",100200040309,45.4478916666667,-113.4574,3.62,6315.0,,22,,,,,,,,,,,< 25 pre-regulation peaks (22)
06024450,Big Hole River bl Big Lake Cr at Wisdom MT,100200040407,45.6179666666667,-113.456941666667,586.0,6040.0,,37,-0.12574204307686723,0.146058192782551,37.0,37.0,37.0,0.0,1988.0,2024.0,37.0,ADJE,
06024470,Swamp Creek near Wisdom MT,100200040408,45.6590388888889,-113.469730555556,68.6,6000.0,,2,,,,,,,,,,,< 25 pre-regulation peaks (2)
06024500,Trail Creek near Wisdom MT,100200040503,45.6564194444444,-113.716702777778,72.6,6250.0,,12,,,,,,,,,,,< 25 pre-regulation peaks (12)
06024510,West Fork Ruby Creek near Wisdom MT,100200040504,45.5468166666667,-113.763822222222,13.5,6630.0,,2,,,,,,,,,,,< 25 pre-regulation peaks (2)
06024540,Big Hole River bl Mudd Cr nr Wisdom MT,100200040803,45.8075416666667,-113.313269444444,1275.0,5880.0,,28,-1.0400198603636732,0.31087890196107065,25.053971196277047,20.0,28.0,8.0,1998.0,2025.0,28.0,B17B,"redundant (nested, DAR <= 5)"
06024580,Big Hole River near Wise River MT,100200040807,45.850822,-113.068361,1604.0,5700.0,,7,,,,,,,,,,,< 25 pre-regulation peaks (7)
06024590,Wise River near Wise River MT,100200040908,45.7045555555556,-113.031611111111,221.0,6112.52,,13,,,,,,,,,,,< 25 pre-regulation peaks (13)
06025100,Quartz Hill Gulch near Wise River MT,100200041102,45.7763722222222,-112.861930555556,14.3,5600.0,,50,0.0024723097028738106,0.10318469362033043,48.7558400051213,33.0,50.0,14.0,1974.0,2023.0,50.0,B17B,
06025250,Big Hole River at Maiden Rock nr Divide MT,100200041104,45.7012694444444,-112.735969444444,2199.0,5300.0,,22,,,,,,,,,,,< 25 pre-regulation peaks (22)
06025270,"Moose Creek above MacLean Creek, near Divide, MT",100200041201,45.74335,-112.670663888889,31.9,5790.0,,2,,,,,,,,,,,< 25 pre-regulation peaks (2)
06025300,Moose Creek near Divide MT,100200041201,45.7136472222222,-112.705255555556,42.4,5430.0,,15,,,,,,,,,,,< 25 pre-regulation peaks (15)
06025480,Rock Cr bl Brownes Lake nr Glen MT,100200041208,45.5284388888889,-112.81825,23.1,6550.0,,2,,,,,,,,,,,< 25 pre-regulation peaks (2)
06025500,Big Hole River near Melrose MT,100200041209,45.5265805555556,-112.701725,2472.0,5032.87,,100,-0.9204508605914056,0.11442234021500286,89.24354871642068,70.0,99.0,29.0,1924.0,2024.0,101.0,B17B,
06025800,Willow Creek near Glen MT,100200041302,45.44775,-112.820425,36.1,6020.0,,2,,,,,,,,,,,< 25 pre-regulation peaks (2)
06026000,Birch Creek near Glen MT,100200041303,45.3794916666667,-112.797544444444,35.7,5860.0,,30,-0.3181986444630389,0.19339041243779972,30.0,30.0,30.0,0.0,1946.0,1976.0,31.0,ADJE,
06026210,Big Hole River near Glen MT,100200041305,45.4400944444444,-112.556091666667,2668.0,4850.0,,27,-0.34174661765606346,0.21388791109514,27.0,27.0,27.0,0.0,1998.0,2024.0,27.0,ADJE,"redundant (nested, DAR <= 5)"
06026400,Big Hole River near Twin Bridges MT,100200041308,45.5483027777778,-112.365313888889,2790.6,4680.0,,2,,,,,,,,,,,< 25 pre-regulation peaks (2)
06026420,"Big Hole R bl Hamilton Ditch nr Twin Bridges, MT",100200041308,45.5500222222222,-112.360675,2790.7,4630.0,,17,,,,,,,,,,,< 25 pre-regulation peaks (17)
06026500,"Jefferson River near Twin Bridges, MT",100200050102,45.613283,-112.329397,7616.0,4561.45,,49,-0.9953268570867888,0.20343521049410815,44.016211178275654,35.0,49.0,14.0,1942.0,2025.0,84.0,B17B,"redundant (nested, DAR <= 5)"
06027000,Jefferson River near Silver Star MT,100200050103,45.6434861111111,-112.311272222222,7685.0,4550.0,,25,-0.7932948611671091,0.2847646814353355,24.0,24.0,24.0,0.0,1911.0,1939.0,29.0,ADJE,"redundant (nested, DAR <= 5)"
06027200,Jefferson River at Silver Star MT,100200050104,45.6859972222222,-112.283572222222,7694.0,4506.7,,2,,,,,,,,,,,< 25 pre-regulation peaks (2)
06027600,"Jefferson River at Parsons Bdg nr Silver Star, MT",100200050106,45.747503,-112.187228,7759.0,4424.99,,5,,,,,,,,,,,< 25 pre-regulation peaks (5)
06027700,"Fish Creek near Silver Star, MT",100200050501,45.77085833333333,-112.25015,39.0,4805.67,,33,-0.5724906458424271,0.20210436205141968,32.78860266872723,32.0,33.0,1.0,1959.0,1991.0,33.0,B17B,
06028500,Little Pipestone Cr nr Whitehall MT,100200050203,45.8413555555556,-112.293408333333,30.9,4820.0,,6,,,,,,,,,,,< 25 pre-regulation peaks (6)
06029000,Whitetail Creek near Whitehall MT,100200050402,46.0226138888889,-112.207913888889,30.4,5640.2,,19,,,,,,,,,,,< 25 pre-regulation peaks (19)
06030200,Jefferson River trib near Whitehall MT,100200050503,45.87723888888889,-112.0008,1.85,4340.0,,16,,,,,,,,,,,< 25 pre-regulation peaks (16)
06030300,Jefferson River trib no. 2 nr Whitehall MT,100200050503,45.8802972222222,-111.974255555556,4.51,4330.0,,55,-0.7965812126850689,0.15528264187410878,48.74501494765997,35.0,55.0,20.0,1958.0,2012.0,55.0,B17B,
06030500,Boulder River ab Rock Cr nr Basin MT,100200060104,46.2542694444444,-112.500947222222,24.4,6260.0,,12,,,,,,,,,,,< 25 pre-regulation peaks (12)
06031950,Cataract Creek near Basin MT,100200060302,46.28635,-112.243383333333,30.5,5450.0,,51,2.0334725338239568,0.5022016824073978,51.0,51.0,51.0,0.0,1973.0,2024.0,52.0,ADJE,
06033000,"Boulder River near Boulder, MT",100200060503,46.21103055555556,-112.09165,381.0,4815.57,,86,0.39879499530409757,0.08324729197907302,85.6693969569298,84.0,86.0,0.0,1929.0,2025.0,97.0,ADJE,
06034000,South Boulder River nr Jefferson Island MT,100200050601,45.6567361111111,-112.0215,21.9,5400.0,,8,,,,,,,,,,,< 25 pre-regulation peaks (8)
06034500,Jefferson River at Sappington MT,100200050802,45.8037111111111,-111.752261111111,9270.0,4170.0,,42,-0.39265370184942955,0.15107251520910667,41.836269180384434,41.0,42.0,0.0,1895.0,1975.0,81.0,ADJE,"redundant (nested, DAR <= 5)"
06034700,"Sand Creek at Sappington, MT",100200050802,45.7913611111111,-111.7555,9.34,4218.0,,18,,,,,,,,,,,< 25 pre-regulation peaks (18)
06034800,Jefferson River trib no. 3 nr Sappington MT,100200050805,45.8333138888889,-111.698647222222,1.21,4200.0,,15,,,,,,,,,,,< 25 pre-regulation peaks (15)
06035000,Willow Creek near Harrison MT,100200050705,45.723058,-111.741025,85.9,4744.33,,87,0.04399687067245439,0.06325851433478079,87.0,87.0,87.0,0.0,1938.0,2025.0,88.0,ADJE,
06035500,Norwegian Creek near Harrison MT,100200050704,45.6775416666667,-111.719977777778,22.8,4750.0,,11,,,,,,,,,,,< 25 pre-regulation peaks (11)
06036500,Willow Creek near Willow Creek MT,100200050705,45.75035,-111.658208333333,167.0,4340.0,,21,,,,,,,,,,,< 25 pre-regulation peaks (21)
06036600,Jefferson River trib no. 4 nr Three Forks MT,100200050805,45.899625,-111.601847222222,4.34,4140.0,,17,,,,,,,,,,,< 25 pre-regulation peaks (17)
06036650,Jefferson River near Three Forks MT,100200050805,45.89713611111111,-111.59567222222222,9558.0,4079.5,,47,-0.6690015123380564,0.16167880859183426,41.28387261990139,27.0,47.0,20.0,1979.0,2025.0,47.0,B17B,"redundant (nested, DAR <= 5)"
06036700,Jefferson River trib no. 5 nr Three Forks MT,100200050805,45.9096055555556,-111.59845,3.77,4120.0,,18,,,,,,,,,,,< 25 pre-regulation peaks (18)
06037500,"Madison River near West Yellowstone, MT",100200070205,44.657072,-111.067964,438.0,6637.3,,99,0.22071064682531058,0.06440121541089948,99.0,99.0,99.0,0.0,1914.0,2025.0,112.0,ADJE,
06038500,Madison River bl Hebgen Lake nr Grayling MT,100200070404,44.8663916666667,-111.338780555556,931.0,6448.47,1940.0,0,,,,,,,,,,,< 25 pre-regulation peaks (0)
06038550,Cabin Creek near West Yellowstone MT,100200070401,44.8714416666667,-111.343461111111,30.4,6476.23,,52,0.21173442277494192,0.11306085750389085,52.0,52.0,52.0,0.0,1974.0,2025.0,52.0,ADJE,
06038800,Madison River at Kirby Ranch nr Cameron MT,100200070703,44.88865555555555,-111.58088611111111,1093.0,5872.92,1960.0,0,,,,,,,,,,,< 25 pre-regulation peaks (0)
06039200,West Fork Madison River near Cameron MT,100200070604,44.8875416666667,-111.582841666667,214.0,5870.0,,2,,,,,,,,,,,< 25 pre-regulation peaks (2)
06040000,Madison River near Cameron MT,100200071202,45.233133,-111.751633,1728.0,5145.23,,29,-0.5581125156586225,0.22237866145305282,29.0,29.0,29.0,0.0,1952.0,2025.0,74.0,ADJE,
06040300,Jack Creek near Ennis MT,100200071002,45.3562666666667,-111.581622222222,51.3,5600.0,,15,,,,,,,,,,,< 25 pre-regulation peaks (15)
06040800,Madison River ab powerplant nr McAllister MT,100200071501,45.486594,-111.633858,2212.7,4690.0,2002.0,0,,,,,,,,,,,< 25 pre-regulation peaks (0)
06041000,Madison River bl Ennis Lake nr McAllister MT,100200071501,45.490231,-111.634506,2212.9,4693.07,1939.0,0,,,,,,,,,,,< 25 pre-regulation peaks (0)
06042000,Madison River bl Cherry Cr nr Norris MT,100200071502,45.6471694444444,-111.524252777778,2352.0,4400.0,,8,,,,,,,,,,,< 25 pre-regulation peaks (8)
06042500,Madison River near Three Forks MT,100200071505,45.823558,-111.499656,2516.0,4160.0,,16,,,,,,,,,,,< 25 pre-regulation peaks (16)
06043000,Taylor Creek near Grayling MT,100200080107,45.0708972222222,-111.205169444444,98.0,6600.0,,11,,,,,,,,,,,< 25 pre-regulation peaks (11)
06043120,"Gallatin River above Deer Creek, near Big Sky, MT",100200080306,45.2972777777778,-111.211391666667,537.6,5875.0,,7,,,,,,,,,,,< 25 pre-regulation peaks (7)
06043200,"Storm Castle Creek near Gallatin Gateway, MT",100200080504,45.4414,-111.206697222222,37.2,5400.0,,17,,,,,,,,,,,< 25 pre-regulation peaks (17)
06043300,Logger Creek near Gallatin Gateway MT,100200080507,45.45395,-111.2449,2.5,5340.0,,67,0.4305865634543523,0.10481362834271163,67.0,67.0,67.0,0.0,1959.0,2025.0,67.0,ADJE,
06043500,"Gallatin River near Gallatin Gateway, MT",100200080507,45.4973,-111.270708333333,819.0,5167.67,,97,-0.22724696077051507,0.0659047860995385,96.75964024561675,95.0,97.0,2.0,1890.0,2025.0,136.0,B17B,
06044000,Gallatin River near Salesville MT,100200080701,45.5405277777778,-111.234166666667,830.0,5050.0,,15,,,,,,,,,,,< 25 pre-regulation peaks (15)
06046500,Rocky Creek near Bozeman MT,100200080902,45.6436277777778,-110.926558333333,49.6,5076.0,,35,0.5373868556382468,0.18948921246489217,34.79795615024348,34.0,35.0,1.0,1952.0,1991.0,40.0,B17B,
06046520,Unnamed Creek near Bozeman MT,100200080905,45.6664138888889,-110.981686111111,2.68,4900.0,,5,,,,,,,,,,,< 25 pre-regulation peaks (5)
06046700,Pitcher Creek near Bozeman MT,100200080902,45.654875,-110.942611111111,2.38,5040.0,,17,,,,,,,,,,,< 25 pre-regulation peaks (17)
06047000,"Bear Canyon Creek near Bozeman, MT",100200080903,45.6240666666667,-110.934866666667,17.3,5183.4,,19,,,,,,,,,,,< 25 pre-regulation peaks (19)
06048000,East Gallatin River at Bozeman MT,100200080905,45.7005361111111,-111.029266666667,151.0,4701.6,,23,,,,,,,,,,,< 25 pre-regulation peaks (23)
06048500,Bridger Creek near Bozeman MT,100200080802,45.705175,-110.962055555556,62.3,4960.0,,28,0.2953276426881954,0.20306392438927257,27.861058332663582,27.0,28.0,0.0,1946.0,1987.0,42.0,ADJE,
06048650,E Gallatin R ab Water Reclamation Fa nr Bozeman MT,100200081301,45.7256666666667,-111.066194444444,226.0,4625.0,,11,,,,,,,,,,,< 25 pre-regulation peaks (11)
06048700,East Gallatin R bl Bridger C nr Bozeman MT,100200081301,45.725425,-111.068591666667,227.0,4610.0,,13,,,,,,,,,,,< 25 pre-regulation peaks (13)
06050000,Hyalite C at Hyalite R S nr Bozeman MT,100200081002,45.5633277777778,-111.071888888889,48.5,5539.6,1951.0,19,,,,,,,,,,,< 25 pre-regulation peaks (19)
06052500,Gallatin River at Logan MT,100200081403,45.886247222222224,-111.44200833333333,1789.0,4086.42,,106,-0.3543193931046726,0.06745471840025809,106.0,106.0,106.0,0.0,1895.0,2025.0,131.0,ADJE,
06053000,Sixteenmile Creek at Ringling MT,100301010404,46.2721916666667,-110.805388888889,80.6,5300.0,,5,,,,,,,,,,,< 25 pre-regulation peaks (5)
06053050,Lost Creek near Ringling MT,100301010404,46.260525,-110.786211111111,10.9,5340.0,,50,-0.24996283137967729,0.1197819883492192,49.74553200418302,48.0,50.0,0.0,1974.0,2023.0,50.0,ADJE,
06054500,Missouri River at Toston MT,100301010505,46.1465722222222,-111.420277777778,14641.0,3905.68,2024.0,91,-0.985759473617124,0.13183441888597913,79.34463536100041,59.0,91.0,31.0,1890.0,2023.0,134.0,B17B,
06055500,Crow Creek near Radersburg MT,100301010705,46.2622888888889,-111.687119444444,77.9,4820.0,,22,,,,,,,,,,,< 25 pre-regulation peaks (22)
06056200,"Castle Creek Tributary near Ringling, MT",100301010801,46.35786944444445,-111.09650833333333,2.59,5643.0,,20,,,,,,,,,,,< 25 pre-regulation peaks (20)
06056300,Cabin Creek near Townsend MT,100301010802,46.3348583333333,-111.219977777778,11.9,4900.0,,65,0.021690484058167408,0.08169230109636845,64.44205429513227,57.0,65.0,0.0,1960.0,2024.0,65.0,ADJE,
06056600,Deep Cr bl N F Deep C nr Townsend MT,100301010805,46.3246555555556,-111.293480555556,88.9,4510.0,,19,,,,,,,,,,,< 25 pre-regulation peaks (19)
06057000,Missouri River near Townsend MT,100301010906,46.3347388888889,-111.531372222222,15286.0,3785.0,,13,,,,,,,,,,,< 25 pre-regulation peaks (13)
06058700,Mitchell Gulch near East Helena MT,100301011603,46.5712638888889,-111.823455555556,7.93,4060.0,,45,-0.9994234370814363,0.21654322528174466,36.80383130079899,24.0,45.0,21.0,1959.0,2003.0,45.0,B17B,
06058900,Prickly Pear C bl Andrsn Gl nr Jefferson Cty MT,100301011301,46.3622388888889,-111.997197222222,14.1,4900.0,,2,,,,,,,,,,,< 25 pre-regulation peaks (2)
06061000,Lump Gulch C at Zastrow's Rch nr Clancy MT,100301011305,46.4821138888889,-111.996494444444,43.0,4220.0,,6,,,,,,,,,,,< 25 pre-regulation peaks (6)
06061500,Prickly Pear Creek near Clancy MT,100301011308,46.51909722222222,-111.94678611111111,192.0,4070.3,,85,0.5421026445947916,0.09347875947071677,84.79810208096258,84.0,85.0,0.0,1911.0,2025.0,115.0,ADJE,
06061700,Jackson Creek near East Helena MT,100301011307,46.471775,-111.853144444444,3.45,4990.0,,18,,,,,,,,,,,< 25 pre-regulation peaks (18)
06061800,Crystal Creek near East Helena MT,100301011307,46.4831694444444,-111.861027777778,3.9,4860.0,,18,,,,,,,,,,,< 25 pre-regulation peaks (18)
06061900,Mcclellan Creek nr East Helena MT,100301011307,46.5330666666667,-111.879094444444,33.3,4200.0,,19,,,,,,,,,,,< 25 pre-regulation peaks (19)
06062500,Tenmile Creek near Rimini MT,100301011401,46.5238972222222,-112.256647222222,33.0,4850.0,,107,0.30179164508621076,0.06416438422102899,107.0,107.0,107.0,0.0,1915.0,2024.0,110.0,ADJE,
06062700,Little Porcupine Cr trib nr Helena MT,100301011402,46.5878833333333,-112.270105555556,0.42,5360.0,,17,,,,,,,,,,,< 25 pre-regulation peaks (17)
06062750,Tenmile Cr at Tenmile Wt Treatment Pl nr Rimini MT,100301011402,46.571975,-112.215477777778,53.4,4450.0,,6,,,,,,,,,,,< 25 pre-regulation peaks (6)
06063000,Tenmile Creek near Helena MT,100301011406,46.6050055555556,-112.088263888889,98.7,3953.21,,61,0.3678800548580269,0.10872670505366207,60.68430451313905,59.0,61.0,0.0,1909.0,2023.0,115.0,ADJE,
06064100,Tenmile Cr at Green Meadow Drive at Helena MT,100301011406,46.6319333333333,-112.047005555556,163.0,3820.0,,2,,,,,,,,,,,< 25 pre-regulation peaks (2)
06064150,Tenmile Cr ab Prickley Pear Cr nr Helena,100301011406,46.6607472222222,-111.989944444444,190.0,3690.0,,2,,,,,,,,,,,< 25 pre-regulation peaks (2)
06065500,Missouri River bl Hauser Dam near Helena MT,100301012001,46.7661916666667,-111.888794444444,16669.0,3580.0,1995.0,20,,,,,,,,,,,< 25 pre-regulation peaks (20)
06066500,Missouri River bl Holter Dam nr Wolf Cr MT,10030102,46.9947388888889,-112.010666666667,16924.0,3464.11,1953.0,7,,,,,,,,,,,< 25 pre-regulation peaks (7)
06068500,Little Prickly Pear Cr nr Marysville MT,100301011803,46.7877111111111,-112.406722222222,44.6,4700.0,,20,,,,,,,,,,,< 25 pre-regulation peaks (20)
06071000,Little Prickly Pear C nr Canyon Cr MT,100301011809,46.8189083333333,-112.250505555556,182.0,4240.0,,15,,,,,,,,,,,< 25 pre-regulation peaks (15)
06071100,L Prickly Pear C at Sieben Rnch nr Wolf Cr MT,100301011904,46.8927805555556,-112.128316666667,271.0,3880.0,,6,,,,,,,,,,,< 25 pre-regulation peaks (6)
06071200,Lyons Creek near Wolf Creek MT,100301011903,46.9394083333333,-112.126438888889,29.9,3730.0,1975.0,15,,,,,,,,,,,< 25 pre-regulation peaks (15)
06071300,Little Prickly Pear Cr at Wolf Cr MT,100301011906,47.0054361111111,-112.070311111111,391.0,3547.38,,40,-0.06962311974015865,0.13198724213335877,39.92098327961893,39.0,40.0,0.0,1962.0,2025.0,64.0,ADJE,
06071400,"Dog Creek near Craig, MT",100301020504,47.0865138888889,-111.993647222222,16.2,3643.0,,19,,,,,,,,,,,< 25 pre-regulation peaks (19)
06071600,Wegner Creek at Craig MT,100301020502,47.0762111111111,-111.955455555556,35.7,3450.0,,32,0.2980371648618687,0.18119486889043415,32.0,32.0,32.0,0.0,1960.0,1991.0,32.0,ADJE,
06073000,Dearborn River near Clemons MT,100301020105,47.2940472222222,-112.448788888889,115.0,4560.0,,30,1.3285918496005804,0.39345713214858935,28.745483490094657,27.0,30.0,1.0,1921.0,1975.0,55.0,B17B,
06073500,Dearborn River near Craig MT,100301020404,47.199025,-112.095905555556,322.0,3800.0,,57,0.26327641607425956,0.10771614318143204,56.87055521152202,56.0,57.0,0.0,1946.0,2025.0,80.0,ADJE,
06073600,Black Rock Creek near Augusta MT,100301020303,47.2908861111111,-112.163766666667,5.63,4165.0,,51,-0.4462942086777964,0.13264519845584316,46.720727089913815,31.0,51.0,17.0,1974.0,2024.0,51.0,B17B,
06074000,Missouri River at Cascade MT,100301020605,47.2694861111111,-111.695230555556,18173.0,3337.8,2014.0,13,,,,,,,,,,,< 25 pre-regulation peaks (13)
06074500,Smith River nr White Sulphur Springs MT,100301030102,46.6716916666667,-110.723363888889,32.9,5600.0,,12,,,,,,,,,,,< 25 pre-regulation peaks (12)
06075500,Smith R ab Fivemile C nr White Sul Spgs MT,100301030103,46.6137583333333,-110.761280555556,91.1,5400.0,,10,,,,,,,,,,,< 25 pre-regulation peaks (10)
06075600,Fivemile Cr nr White Sulphur Springs MT,100301030103,46.6127777777778,-110.75665,6.48,5380.0,,15,,,,,,,,,,,< 25 pre-regulation peaks (15)
06076000,Newlan Cr nr White Sulphur Springs MT,100301030301,46.7315916666667,-110.838747222222,7.23,5590.0,,22,,,,,,,,,,,< 25 pre-regulation peaks (22)
06076500,Newlan C nr Damsite nr White Sulphur Springs MT,100301030302,46.6335805555556,-110.957872222222,44.4,5100.0,,7,,,,,,,,,,,< 25 pre-regulation peaks (7)
06076560,Smith River bl Newlan Cr nr White Sulphur Springs,100301030306,46.59105,-111.057686111111,517.0,4785.0,,7,,,,,,,,,,,< 25 pre-regulation peaks (7)
06076590,Camas C nr Mouth nr White Sulphur Springs MT,100301030502,46.678486111111106,-111.19391944444445,59.2,4642.0,,3,,,,,,,,,,,< 25 pre-regulation peaks (3)
06076690,Smith River near Ft Logan MT,100301030507,46.7958,-111.178555555556,845.0,4400.0,,35,0.3844973426079269,0.17527740394207866,35.0,35.0,35.0,0.0,1978.0,2025.0,48.0,ADJE,
06076700,Sheep Creek near Neihart MT,100301030401,46.7995805555556,-110.703669444444,5.65,6600.0,,32,-0.26102454772690187,0.17796052807869006,32.0,32.0,32.0,0.0,1960.0,1991.0,32.0,ADJE,
06076800,Nugget Creek near Neihart MT,100301030401,46.7749194444444,-110.701472222222,1.55,6400.0,,15,,,,,,,,,,,< 25 pre-regulation peaks (15)
06077000,Sheep Cr nr White Sulphur Springs MT,100301030401,46.7681638888889,-110.809977777778,43.1,5820.0,,33,0.23449293013776554,0.17098939383717737,32.7513633035814,31.0,33.0,0.0,1942.0,1981.0,40.0,ADJE,
06077200,Smith River bl Eagle Cr nr Fort Logan MT,100301030705,46.8279805555556,-111.192238888889,1087.0,4350.0,,29,-0.14482940223857735,0.1837994167124037,29.0,29.0,29.0,0.0,1997.0,2025.0,29.0,ADJE,"redundant (nested, DAR <= 5)"
06077300,Trout Creek near Eden MT,100301030902,47.01938333333333,-111.37282777777777,14.3,4515.0,,11,,,,,,,,,,,< 25 pre-regulation peaks (11)
06077500,Smith River near Eden MT,100301030906,47.1892916666667,-111.386238888889,1588.0,3520.0,,41,0.8941999559233104,0.20681104507326664,39.70488381396808,39.0,40.0,0.0,1951.0,2025.0,75.0,ADJE,
06077700,Smith River Tributary near Eden MT,100301031106,47.3064222222222,-111.42445,1.65,3420.0,,16,,,,,,,,,,,< 25 pre-regulation peaks (16)
06077800,Goodman Coulee nr Eden MT,100301031106,47.3237416666667,-111.427213888889,22.0,4560.0,,24,,,,,,,,,,,< 25 pre-regulation peaks (24)
06078000,Smith River at Truly MT,100301031106,47.3569388888889,-111.441258333333,1990.0,3330.0,,8,,,,,,,,,,,< 25 pre-regulation peaks (8)
06078200,Missouri River near Ulm MT,100301020805,47.4349666666667,-111.388444444444,20605.0,3313.27,1953.0,1,,,,,,,,,,,< 25 pre-regulation peaks (1)
06078230,Sand Coulee Ck ab Cottonwood Cr at Centerville,100301020903,47.3891972222222,-111.138797222222,78.9,3470.0,,2,,,,,,,,,,,< 25 pre-regulation peaks (2)
06078250,Cottonwood Creek near Stockett MT,100301020902,47.3682805555556,-111.15905,11.1,3530.0,,2,,,,,,,,,,,< 25 pre-regulation peaks (2)
06078260,Number Five Coulee bl Giffen Spring nr Stockett,100301020902,47.317175,-111.18805,16.6,3830.0,,2,,,,,,,,,,,< 25 pre-regulation peaks (2)
06078270,Sand Coulee at Sand Coulee MT,100301020904,47.4050111111111,-111.163708333333,6.49,3430.0,,2,,,,,,,,,,,< 25 pre-regulation peaks (2)
06078500,North Fork Sun River near Augusta MT,100301040111,47.63986111111111,-112.85933333333332,259.0,4783.84,,44,2.7683626042224905,0.9049192131360453,44.0,44.0,44.0,0.0,1911.0,2025.0,115.0,ADJE,
06079000,South Fork Sun River near Augusta MT,100301040208,47.6286083333333,-112.865761111111,251.0,4730.0,,17,,,,,,,,,,,< 25 pre-regulation peaks (17)
06079600,Beaver Cr at Gibson Dam nr Augusta MT,100301040402,47.602325,-112.757466666667,20.8,4560.0,,15,,,,,,,,,,,< 25 pre-regulation peaks (15)
06080000,"Sun River bl Wagner Basin, nr Augusta, MT",100301040403,47.620875,-112.707002777778,609.0,4474.0,,27,1.2487475219015245,0.3883247492272279,26.610852722177803,26.0,27.0,0.0,1890.0,1964.0,75.0,ADJE,"redundant (nested, DAR <= 5)"
06080900,Sun River bl Diversion Dam nr Augusta MT,100301040404,47.61850555555556,-112.69205555555556,610.0,4363.27,1964.0,0,,,,,,,,,,,< 25 pre-regulation peaks (0)
06081500,Willow Creek near Augusta MT,100301040304,47.5455055555556,-112.473683333333,95.1,4150.0,,20,,,,,,,,,,,< 25 pre-regulation peaks (20)
06082200,Sun River bl Willow Cr nr Augusta MT,100301040601,47.54713611111111,-112.36743055555554,814.0,3960.23,1964.0,0,,,,,,,,,,,< 25 pre-regulation peaks (0)
06082500,Smith Creek near Augusta MT,100301040502,47.4120555555556,-112.646230555556,25.9,4600.0,,7,,,,,,,,,,,< 25 pre-regulation peaks (7)
06083500,Ford Creek near Augusta MT,100301040501,47.4352361111111,-112.671727777778,20.2,4760.0,,8,,,,,,,,,,,< 25 pre-regulation peaks (8)
06084000,Smith Cr bl Ford Cr nr Augusta MT,100301040505,47.4398055555556,-112.520716666667,70.4,4300.0,,9,,,,,,,,,,,< 25 pre-regulation peaks (9)
06084500,Elk Creek at Augusta MT,100301040506,47.4854,-112.387486111111,165.0,4070.0,,23,,,,,,,,,,,< 25 pre-regulation peaks (23)
06085510,"Crown Butte creek tributary nr Simms, MT",100301020702,47.4504694444444,-111.922941666667,0.21,3660.0,,21,,,,,,,,,,,< 25 pre-regulation peaks (21)
06085800,Sun River at Simms MT,100301040708,47.50162777777778,-111.9319138888889,1296.0,3551.08,2024.0,42,0.6689846028880088,0.17622597489955005,40.77290761025952,37.0,42.0,4.0,1964.0,2023.0,60.0,B17B,
06086000,Sun River at Fort Shaw MT,100301040708,47.5134444444444,-111.815497222222,1395.0,3465.0,,16,,,,,,,,,,,< 25 pre-regulation peaks (16)
06087500,Sun River at Sun River MT,100301040708,47.5358555555556,-111.717636111111,1428.0,3400.0,,7,,,,,,,,,,,< 25 pre-regulation peaks (7)
06087900,Muddy Creek Tributary near Power MT,100301040804,47.7556861111111,-111.729558333333,3.81,3710.0,,17,,,,,,,,,,,< 25 pre-regulation peaks (17)
06088000,Muddy Creek near Power MT,100301040804,47.7127333333333,-111.722688888889,99.5,3640.0,,2,,,,,,,,,,,< 25 pre-regulation peaks (2)
06088100,Spring Coulee near Power MT,100301040806,47.662925,-111.704530555556,18.5,3590.0,,1,,,,,,,,,,,< 25 pre-regulation peaks (1)
06088200,Tank Coulee near Power MT,100301040807,47.6433,-111.680277777778,29.7,3510.0,,1,,,,,,,,,,,< 25 pre-regulation peaks (1)
06088300,Muddy Creek near Vaughn MT,100301040808,47.6250222222222,-111.635405555556,224.0,3441.79,,32,1.0344539216090956,0.2827218243825647,32.0,32.0,32.0,0.0,1968.0,2007.0,40.0,ADJE,"redundant (nested, DAR <= 5)"
06088500,Muddy Creek at Vaughn MT,100301040809,47.56126666666666,-111.54176944444444,256.0,3330.0,2016.0,80,1.407450123617915,0.24199395580952246,80.0,80.0,80.0,0.0,1925.0,2015.0,91.0,ADJE,
06089000,Sun River near Vaughn MT,100301040905,47.5257777777778,-111.511036111111,1774.0,3340.02,,92,-0.10566852210105465,0.06294653857032627,91.27080153258663,84.0,92.0,8.0,1934.0,2025.0,92.0,B17B,
06089300,Sun River Tributary near Great Falls MT,100301040906,47.5270555555556,-111.401925,21.3,3330.0,,21,,,,,,,,,,,< 25 pre-regulation peaks (21)
06090300,Missouri River near Great Falls MT,100301021204,47.5844444444444,-111.060580555556,22881.0,2807.21,1952.0,0,,,,,,,,,,,< 25 pre-regulation peaks (0)
06090500,Belt Creek near Monarch MT,100301050306,47.20859444444445,-110.93174722222223,355.0,3980.0,,44,0.7613140889299853,0.17923619022389528,44.0,44.0,44.0,0.0,1952.0,2025.0,74.0,ADJE,
06090550,Little Otter Creek near Raynesford MT,100301050204,47.2517777777778,-110.731591666667,40.4,4180.0,,50,0.18826922013679612,0.11541023180337921,49.54783563334382,46.0,50.0,0.0,1974.0,2024.0,51.0,ADJE,
06090570,Big Otter Creek near Belt MT,100301050207,47.3454861111111,-110.889427777778,197.0,3600.0,,5,,,,,,,,,,,< 25 pre-regulation peaks (5)
06090590,Anaconda Drain at Belt MT,100301050401,47.3837305555556,-110.928491666667,1.11,3520.0,,2,,,,,,,,,,,< 25 pre-regulation peaks (2)
06090610,Belt Creek near Portage MT,100301050408,47.5873638888889,-111.031738888889,798.0,2840.0,,3,,,,,,,,,,,< 25 pre-regulation peaks (3)
06090650,Lake Creek near Power MT,100301021102,47.7079055555556,-111.40915,66.1,3640.0,2015.0,25,0.3693303399923193,0.23104435491574615,25.0,25.0,25.0,0.0,1990.0,2014.0,25.0,ADJE,
06090700,Highwood Creek near Highwood MT,100301021303,47.5166344182598,-110.750777210165,57.8,3650.0,,1,,,,,,,,,,,< 25 pre-regulation peaks (1)
06090720,Highwood Creek near Portage MT,100301021304,47.6424583333333,-110.933577777778,124.0,2940.0,,3,,,,,,,,,,,< 25 pre-regulation peaks (3)
06090800,Missouri River at Fort Benton MT,100301021602,47.8169111111111,-110.666141666667,24297.0,2614.05,1953.0,61,0.4930534168167794,0.11800725646867168,61.0,61.0,61.0,0.0,1891.0,1952.0,62.0,ADJE,
06090810,Ninemile Coulee near Fort Benton MT,100301021503,47.7004777777778,-110.704141666667,16.6,3230.0,,18,,,,,,,,,,,< 25 pre-regulation peaks (18)
06091000,Two Medicine Creek near East Glacier MT,100302010102,48.4863944444444,-113.258055555556,56.0,4850.0,,9,,,,,,,,,,,< 25 pre-regulation peaks (9)
06091700,Two Medicine River bl South Fork nr Browning MT,100302010106,48.42695277777778,-112.98998333333333,250.0,4180.0,,49,0.560080365372067,0.14673343516694978,49.0,49.0,49.0,0.0,1977.0,2025.0,49.0,ADJE,
06092000,Two Medicine River near Browning MT,100302010301,48.4717166666667,-112.803780555556,320.0,3930.0,,43,2.0901358005012796,0.5736316290758036,43.0,43.0,43.0,0.0,1907.0,1977.0,71.0,ADJE,"redundant (nested, DAR <= 5)"
06092020,"Two Medicine River ab Badger Cr, nr Piegan, MT",100302010302,48.5077222222222,-112.612269444444,366.1,3796.0,2020.0,0,,,,,,,,,,,< 25 pre-regulation peaks (0)
06092200,"Badger Creek tributary nr Heart Butte, MT",100302010203,48.3166333333333,-112.938913888889,2.77,4510.0,,1,,,,,,,,,,,< 25 pre-regulation peaks (1)
06092500,Badger Creek near Browning MT,100302010205,48.3462194444444,-112.840863888889,126.0,4179.26,,23,,,,,,,,,,,< 25 pre-regulation peaks (23)
06093200,Badger Cr bl Four Horns Canal nr Browning MT,100302010205,48.36945,-112.801780555556,153.0,4140.0,2025.0,51,1.3388835351551747,0.2903094348269072,51.0,51.0,51.0,0.0,1974.0,2024.0,51.0,ADJE,
06093500,Badger Creek near Family MT,100302010206,48.4360555555556,-112.700805555556,235.0,3900.0,,14,,,,,,,,,,,< 25 pre-regulation peaks (14)
06094500,Birch Cr at Swift Dam nr Dupuyer MT,100302010604,48.1654833333333,-112.869025,75.7,4720.0,1914.0,1,,,,,,,,,,,< 25 pre-regulation peaks (1)
06094900,"Birch Cr bl Heart Butte Road, nr Heart Butte, MT",100302010604,48.24466666666667,-112.69791666666667,102.0,4281.0,2022.0,0,,,,,,,,,,,< 25 pre-regulation peaks (0)
06095000,Birch Creek near Dupuyer MT,100302010604,48.2419027777778,-112.653586111111,111.0,4180.0,1913.0,4,,,,,,,,,,,< 25 pre-regulation peaks (4)
06096000,"Birch Creek below B Canal, near Dupuyer, MT",100302010606,48.2494444444444,-112.62725,113.0,4137.0,1914.0,0,,,,,,,,,,,< 25 pre-regulation peaks (0)
06096500,Birch Cr at Hall's Ranch nr Dupuyer MT,100302010606,48.2927638888889,-112.5942,124.0,4000.0,1913.0,0,,,,,,,,,,,< 25 pre-regulation peaks (0)
06097000,"Birch Creek at Robare, MT",100302010606,48.31985277777778,-112.56578055555555,132.0,3916.0,1915.0,0,,,,,,,,,,,< 25 pre-regulation peaks (0)
06097100,Blacktail Creek near Heart Butte MT,100302010401,48.2487611111111,-112.789086111111,16.8,4470.0,,17,,,,,,,,,,,< 25 pre-regulation peaks (17)
06097200,Blacktail Creek near Dupuyer MT,100302010402,48.3530306648606,-112.556997665031,,,,1,,,,,,,,,,,< 25 pre-regulation peaks (1)
06097300,Cartwright Coulee nr Dupuyer,100302010605,48.265825,-112.532327777778,8.33,3888.0,,17,,,,,,,,,,,< 25 pre-regulation peaks (17)
06098000,Dupuyer Creek near Valier MT,100302010504,48.2350055555556,-112.398216666667,135.0,3920.0,,25,0.9197526606136626,0.2999327222543856,24.38415191508428,23.0,25.0,0.0,1913.0,1964.0,52.0,ADJE,
06098100,Birch Creek near Valier MT,100302010608,48.3582444444444,-112.338333333333,472.0,3561.0,,6,,,,,,,,,,,< 25 pre-regulation peaks (6)
06098120,"Birch Creek at Bullhead Bridge, nr Valier, MT",100302010608,48.3911027777778,-112.319661111111,481.0,3503.0,2021.0,0,,,,,,,,,,,< 25 pre-regulation peaks (0)
06098500,Cut Bank Creek near Browning MT,100302020104,48.6168583333333,-113.036108333333,121.0,4380.0,,30,1.116743543029585,0.31993578905400644,30.0,30.0,30.0,0.0,1918.0,2014.0,97.0,ADJE,
06098700,Powell Coulee near Browning MT,100302020304,48.7503444444444,-112.756744444444,12.6,4145.0,,50,-0.9316262982846477,0.18696597696832615,47.08933770058605,41.0,50.0,8.0,1974.0,2024.0,51.0,B17B,
06098800,"Cut Bank Cr ab Gillam Coulee, nr Sundance, MT",100302020702,48.6784777777778,-112.594005555556,526.8,3835.0,,6,,,,,,,,,,,< 25 pre-regulation peaks (6)
06099000,Cut Bank Creek at Cut Bank MT,100302020705,48.6334027777778,-112.346480555556,1032.0,3561.42,,76,0.6043094558698352,0.1068498250032521,75.78175243205227,75.0,76.0,0.0,1906.0,2025.0,120.0,ADJE,
06099010,"Cut Bank Creek tributary nr Cut Bank, MT",100302020705,48.6282,-112.359394444444,2.12,3725.0,,10,,,,,,,,,,,< 25 pre-regulation peaks (10)
06099500,Marias River near Shelby MT,100302030803,48.4271972222222,-111.889836111111,2716.0,3087.72,,119,0.7361201748248286,0.08442466761684297,118.0,118.0,118.0,0.0,1902.0,2025.0,124.0,ADJE,
06099700,M F Dry Fork Marias River nr Dupuyer MT,100302030602,48.1469666666667,-112.463805555556,20.4,4120.0,,16,,,,,,,,,,,< 25 pre-regulation peaks (16)
06100200,Heines Coulee Tributary near Valier MT,100302030605,48.2488833333333,-112.228966666667,1.39,3860.0,,17,,,,,,,,,,,< 25 pre-regulation peaks (17)
06100300,Lone Man Coulee near Valier MT,100302030604,48.2364,-112.232275,13.9,3780.0,,65,-0.7628879739061911,0.1343181052443886,58.76693518267001,44.0,65.0,17.0,1960.0,2024.0,65.0,B17B,
06100500,Dry Fork Marias River at Fowler MT,100302030706,48.3157194444444,-111.782494444444,372.0,3130.0,,12,,,,,,,,,,,< 25 pre-regulation peaks (12)
06101200,"Willow Creek near Galata, MT",100302040603,48.4486555555556,-111.345305555556,818.0,3026.0,,9,,,,,,,,,,,< 25 pre-regulation peaks (9)
06101500,Marias River near Chester MT,100302032103,48.3059611111111,-111.080527777778,4944.0,2814.03,1956.0,2,,,,,,,,,,,< 25 pre-regulation peaks (2)
06101510,Pondera Coulee trib nr Conrad,100302030902,48.101305555555555,-112.0648361111111,4.42,3700.0,,19,,,,,,,,,,,< 25 pre-regulation peaks (19)
06101520,Favot Coulee trib near Ledger MT,100302030903,48.2629611111111,-111.703355555556,0.76,3530.0,,51,-1.3957500545202646,0.3093020083140871,38.35592284231341,26.0,51.0,25.0,1974.0,2024.0,51.0,B17B,
06101560,Pondera Coulee near Chester MT,100302031306,48.2704611111111,-111.145766666667,648.0,2940.0,,11,,,,,,,,,,,< 25 pre-regulation peaks (11)
06101600,Marias River Tributary no. 3 nr Chester MT,100302032105,48.2309527777778,-110.891744444444,0.19,2900.0,,16,,,,,,,,,,,< 25 pre-regulation peaks (16)
06101700,"Fey Coulee trib nr Chester, MT",100302031802,48.45868333333333,-111.08071388888888,2.4,3100.0,,29,-1.019587513502386,0.29771484776190216,26.509094402344804,22.0,29.0,7.0,1963.0,1991.0,29.0,B17B,
06101800,Sixmile Coulee nr Chester MT,100302031803,48.3304611111111,-110.945325,31.4,2950.0,,17,,,,,,,,,,,< 25 pre-regulation peaks (17)
06101900,Dead Indian Coulee near Fort Benton MT,100302032106,48.0815222222222,-110.8379,2.83,3250.0,,16,,,,,,,,,,,< 25 pre-regulation peaks (16)
06102000,Marias River near Brinkman MT,100302032107,48.2631833333333,-110.714222222222,6522.0,2677.25,,36,0.724306109319987,0.20407170642012928,36.0,36.0,36.0,0.0,1908.0,1956.0,49.0,ADJE,"redundant (nested, DAR <= 5)"
06102050,Marias River near Loma MT,100302032206,47.9459027777778,-110.580838888889,7027.0,2570.0,1960.0,0,,,,,,,,,,,< 25 pre-regulation peaks (0)
06102100,Dry Fork Coulee Tributary near Loma MT,100302032205,47.9486055555556,-110.544116666667,0.72,2580.0,,15,,,,,,,,,,,< 25 pre-regulation peaks (15)
06102200,Marias River Tributary at Loma MT,100302032206,47.9439333333333,-110.514555555556,1.7,2590.0,,18,,,,,,,,,,,< 25 pre-regulation peaks (18)
06102300,Marias River Tributary no. 2 at Loma MT,100302032206,47.9412722222222,-110.505763888889,0.2,2590.0,,18,,,,,,,,,,,< 25 pre-regulation peaks (18)
06102500,Teton River bl South Fork nr Choteau MT,100302050105,47.88308333333333,-112.61198333333333,110.0,4779.85,,36,2.0957993990257333,0.6349995891292034,35.546512274276566,35.0,36.0,0.0,1948.0,2025.0,78.0,ADJE,
06103000,Teton River at Strabane MT,100302050105,47.8787888888889,-112.459519444444,124.0,4440.0,,18,,,,,,,,,,,< 25 pre-regulation peaks (18)
06105800,Bruce Coulee Tributary near Choteau MT,100302050305,47.7350916666667,-112.252663888889,1.84,3940.0,,40,0.056238540755908575,0.13102857714951868,40.0,40.0,40.0,0.0,1963.0,2002.0,40.0,ADJE,
06106000,Deep Creek near Choteau MT,100302050306,47.7520333333333,-112.239508333333,269.0,3860.0,,15,,,,,,,,,,,< 25 pre-regulation peaks (15)
06106400,"Government Coulee Trib nr Dutton, MT",100302050902,47.8431166666667,-111.874788888889,0.8,3755.0,,7,,,,,,,,,,,< 25 pre-regulation peaks (7)
06106500,Muddy Creek near Bynum MT,100302050605,47.991075,-112.357530555556,72.1,4020.0,,10,,,,,,,,,,,< 25 pre-regulation peaks (10)
06107000,North Fork Muddy Creek near Bynum MT,100302050604,47.9918694444444,-112.357361111111,55.8,4020.0,,11,,,,,,,,,,,< 25 pre-regulation peaks (11)
06108000,Teton River near Dutton MT,100302050905,47.930324999999996,-111.55294166666667,1238.0,3240.63,,70,0.6054721155079235,0.11404684334756011,70.0,70.0,70.0,0.0,1955.0,2024.0,70.0,ADJE,
06108200,Kinley Coulee near Dutton MT,100302051001,47.842775,-111.591727777778,14.4,3560.0,,16,,,,,,,,,,,< 25 pre-regulation peaks (16)
06108300,Kinley Coulee Tributary near Dutton MT,100302051001,47.8428027777778,-111.552075,2.96,3610.0,,16,,,,,,,,,,,< 25 pre-regulation peaks (16)
06108500,Teton River near Fort Benton MT,100302051205,47.8721928032011,-110.614658280777,1989.0,2650.0,,4,,,,,,,,,,,< 25 pre-regulation peaks (4)
06108800,Teton River at Loma MT,100302051205,47.9327194444444,-110.514433333333,2027.0,2560.0,,28,0.7016210186991448,0.2439901843385093,28.0,28.0,28.0,0.0,1998.0,2025.0,28.0,ADJE,
06109500,Missouri River at Virgelle MT,100401010308,48.0037833333333,-110.258822222222,34000.0,2507.5,1953.0,18,,,,,,,,,,,< 25 pre-regulation peaks (18)
06109530,"Little Sandy Creek trib near Virgelle, MT",100401010101,48.08765555555556,-109.94404722222222,0.2,3340.0,,30,2.8795423844283357,1.2062741613249424,23.839070467206135,18.0,30.0,11.0,1972.0,2002.0,31.0,B17B,
06109560,Alkali Coulee trib near Virgelle MT,100401010306,48.05531111111111,-110.09007222222222,0.78,2785.0,,48,-0.42168766978292954,0.13742277631797709,46.92492135424378,42.0,48.0,4.0,1974.0,2021.0,48.0,B17B,
06109600,"Chip Creek Trib near Winifred, MT",100401010403,47.7589222222222,-109.661172222222,0.08,2535.0,,19,,,,,,,,,,,< 25 pre-regulation peaks (19)
06109750,M F Judith River bl Lost Fork nr Utica MT,100401030304,46.8377194444444,-110.3778,108.0,5220.0,,4,,,,,,,,,,,< 25 pre-regulation peaks (4)
06109780,Middle Fork Judith River near Utica MT,100401030304,46.8488805555556,-110.272155555556,171.0,4940.0,,8,,,,,,,,,,,< 25 pre-regulation peaks (8)
06109800,South Fork Judith River near Utica MT,100401030401,46.7534333333333,-110.323158333333,49.9,5300.0,,21,,,,,,,,,,,< 25 pre-regulation peaks (21)
06109900,Judith River Tributary near Utica MT,100401030502,46.88235,-110.265875,7.42,5100.0,,15,,,,,,,,,,,< 25 pre-regulation peaks (15)
06110000,Judith River near Utica MT,100401030503,46.8924111111111,-110.231452777778,312.0,4790.0,,56,1.24664607549388,0.24728954235417486,51.48791138881662,45.0,56.0,10.0,1920.0,2011.0,92.0,B17B,
06110020,Judith River above Carr Creek near Utica MT,100401030503,46.9177222222222,-110.188944444444,319.0,4678.0,,10,,,,,,,,,,,< 25 pre-regulation peaks (10)
06111000,Ross Fork Creek near Hobson MT,100401030205,46.9927361111111,-109.795075,340.0,3860.0,,16,,,,,,,,,,,< 25 pre-regulation peaks (16)
06111500,Big Spring Creek near Lewistown MT,100401030703,47.0064611111111,-109.349322222222,22.3,4130.0,1941.0,9,,,,,,,,,,,< 25 pre-regulation peaks (9)
06111700,Mill Creek nr Lewistown MT,100401030704,46.9954638888889,-109.447805555556,3.12,4200.0,,32,-0.23157391086552143,0.1754282850486121,31.878105195764668,31.0,32.0,1.0,1960.0,1991.0,32.0,B17B,
06111800,Big Spring Cr at R&B Trading Post nr Lewistown MT,100401030706,47.0878333333333,-109.4575,191.0,3843.0,2015.0,0,,,,,,,,,,,< 25 pre-regulation peaks (0)
06112100,Cottonwood Creek near Moore MT,100401030709,46.9790333333333,-109.493936111111,47.9,4300.0,,19,,,,,,,,,,,< 25 pre-regulation peaks (19)
06112800,Bull Creek trib near Hilger MT,100401030802,47.2551361111111,-109.368352777778,0.83,4050.0,,39,-0.026514841769898163,0.13200645632828517,39.0,39.0,39.0,0.0,1974.0,2012.0,39.0,ADJE,
06114000,Wolf Cr at Nevbert ranch nr Stanford MT,100401031203,47.1188083333333,-110.287372222222,116.07,4500.0,,7,,,,,,,,,,,< 25 pre-regulation peaks (7)
06114500,Wolf Creek near Stanford MT,100401031203,47.1190083333333,-110.287202777778,116.08,4490.0,,13,,,,,,,,,,,< 25 pre-regulation peaks (13)
06114550,Wolf Creek trib near Coffee Creek MT,100401031203,47.3009833333333,-110.132597222222,5.05,3875.0,,52,0.1730258058947282,0.1104102913510873,51.334965269469755,46.0,52.0,6.0,1974.0,2025.0,52.0,B17B,
06114700,"Judith River nr mouth, nr Winifred MT",100401031408,47.6651583333333,-109.652013888889,2747.0,2502.0,,25,0.3168273855612235,0.2259763235552511,25.0,25.0,25.0,0.0,2001.0,2025.0,25.0,ADJE,
06114900,Taffy Creek trib near Winifred MT,100401010505,47.6521972222222,-109.259897222222,2.93,3170.0,,29,-0.635831810989316,0.23049119498441056,28.295179451595377,26.0,29.0,3.0,1974.0,2002.0,29.0,B17B,
06115000,Missouri R Power Plant ferry nr Zortman MT,100401040704,47.7300333333333,-108.934752777778,40447.0,2273.02,1955.0,21,,,,,,,,,,,< 25 pre-regulation peaks (21)
06115100,Missouri River Tributary nr Landusky MT,100401040708,47.6262083333333,-108.698591666667,3.32,2280.0,,17,,,,,,,,,,,< 25 pre-regulation peaks (17)
06115200,Missouri River near Landusky MT,100401040708,47.631431,-108.687744,40649.0,2243.21,1953.0,19,,,,,,,,,,,< 25 pre-regulation peaks (19)
06115270,Armells Creek nr Landusky MT,100401040504,47.6105583333333,-108.695638888889,397.0,2280.0,,5,,,,,,,,,,,< 25 pre-regulation peaks (5)
06115300,Duval Creek near Landusky MT,100401040706,47.7547111111111,-108.706761111111,3.9,2973.0,,58,-0.4482543436097305,0.11945727709154241,57.08418929532805,53.0,58.0,5.0,1963.0,2020.0,58.0,B17B,
06115350,Rock Creek near Landusky MT,100401040603,47.7046972222222,-108.548102777778,74.5,2670.0,,5,,,,,,,,,,,< 25 pre-regulation peaks (5)
06115500,North Fork Musselshell River nr Delpine MT,100402010101,46.6097861111111,-110.576622222222,37.3,5380.0,,39,-0.35870550263554335,0.15784121766317005,39.0,39.0,39.0,0.0,1941.0,1979.0,39.0,ADJE,
06116000,N F Musselshell River at Delpine MT,100402010105,46.5839222222222,-110.565975,47.3,5380.0,,14,,,,,,,,,,,< 25 pre-regulation peaks (14)
06117000,Checkerboard Creek at Delpine MT,100402010102,46.5707138888889,-110.548047222222,26.6,5200.0,1922.0,0,,,,,,,,,,,< 25 pre-regulation peaks (0)
06117800,Big Coulee near Martinsdale MT,100402010107,46.549875,-110.315119444444,2.88,5050.0,,30,0.05673169139540094,0.17103390391569426,29.59391605666516,25.0,30.0,4.0,1972.0,2002.0,31.0,B17B,
06118000,N F Musselshell River nr Martinsdale MT,100402010107,46.4829805555556,-110.278183333333,248.0,4670.0,,7,,,,,,,,,,,< 25 pre-regulation peaks (7)
06118500,South Fork Musselshell R ab Martinsdale MT,100402010210,46.4532416666667,-110.382288888889,268.0,4900.0,,43,0.7390312596855186,0.18004535858473028,43.0,43.0,43.0,0.0,1942.0,2019.0,78.0,ADJE,
06119200,"South Fork Musselshell River at Martinsdale, MT",100402010210,46.46231944444445,-110.31850277777778,274.0,4783.0,2020.0,0,,,,,,,,,,,< 25 pre-regulation peaks (0)
06119500,S F Musselshell River nr Martinsdale MT,100402010210,46.4689972222222,-110.290222222222,280.0,4720.0,,8,,,,,,,,,,,< 25 pre-regulation peaks (8)
06119600,"Musselshell River nr Martinsdale, MT",100402010503,46.476958333333336,-110.24896666666666,537.0,4659.4,2003.0,0,,,,,,,,,,,< 25 pre-regulation peaks (0)
06120500,Musselshell River at Harlowton MT,100402011003,46.428799999999995,-109.84119444444444,1108.0,4165.88,,116,-0.2802066183821084,0.058799785898192465,116.0,116.0,116.0,0.0,1909.0,2024.0,116.0,ADJE,
06120600,Antelope Cr Tributary nr Harlowton MT,100402010801,46.6411361111111,-109.977594444444,0.53,5300.0,,18,,,,,,,,,,,< 25 pre-regulation peaks (18)
06120700,"Antelope Cr tributary near mouth, nr Harlowton, MT",100402010801,46.613939,-109.951408,1.97,5000.0,,18,,,,,,,,,,,< 25 pre-regulation peaks (18)
06120800,Alkali Creek near Harlowton MT,100402010802,46.4643361111111,-109.822883333333,15.4,4210.0,,36,0.05833720568338068,0.14460404460003976,36.0,36.0,36.0,0.0,1956.0,1991.0,36.0,ADJE,
06120900,"Antelope Creek at Harlowton, MT",100402010802,46.438491666666664,-109.82253055555555,90.9,4203.0,,29,0.7639497934443661,0.24451559751377133,28.468966986408066,27.0,29.0,0.0,1950.0,2025.0,76.0,ADJE,
06121000,American Fork near Harlowton MT,100402010904,46.3739527777778,-109.792091666667,79.1,4220.0,1909.0,1,,,,,,,,,,,< 25 pre-regulation peaks (1)
06121500,Lebo Creek near Harlowton MT,100402010903,46.3804194444444,-109.799294444444,54.6,4220.0,1910.0,0,,,,,,,,,,,< 25 pre-regulation peaks (0)
06122000,American Fork bl Lebo Cr nr Harlowton MT,100402010904,46.3961972222222,-109.742144444444,171.0,4170.0,,23,,,,,,,,,,,< 25 pre-regulation peaks (23)
06122800,Musselshell River nr Shawmut MT,100402011006,46.3503027777778,-109.555813888889,1484.0,3880.0,,12,,,,,,,,,,,< 25 pre-regulation peaks (12)
06123030,Musselshell River ab Mud Cr nr Shawmut MT,100402011006,46.3189916666667,-109.460547222222,1518.0,3790.0,,28,0.2417724673868223,0.19820836453400537,28.0,28.0,28.0,0.0,1998.0,2025.0,28.0,ADJE,
06123200,"Sadie Creek near Harlowton, MT",100402011201,46.193889,-109.900492,1.94,4884.0,,54,-0.5576482498370653,0.13562833531966112,48.19310935757083,31.0,54.0,17.0,1971.0,2025.0,55.0,B17B,
06123500,Musselshell River near Ryegate MT,100402012302,46.3084388888889,-109.190677777778,1957.0,3580.0,1947.0,0,,,,,,,,,,,< 25 pre-regulation peaks (0)
06124600,East Fk Roberts Cr trib nr Judith Gap MT,100402011301,46.6793055555556,-109.679569444444,1.25,4725.0,,48,-1.144292638523416,0.2429971919694565,37.46434736780984,24.0,48.0,23.0,1974.0,2021.0,48.0,B17B,
06125500,Careless Creek at Wallum MT,100402011407,46.4061333333333,-109.378252777778,470.0,3820.0,,8,,,,,,,,,,,< 25 pre-regulation peaks (8)
06125520,Swimming Woman Cr trib nr Living Springs MT,100402011405,46.6066805555556,-109.360522222222,1.26,4944.0,,48,1.7117954799189083,0.415772693915004,38.26148128298277,29.0,48.0,18.0,1974.0,2021.0,48.0,B17B,
06125600,Musselshell River ab Big Coulee Creek at Lavina MT,100402012304,46.28905555555556,-108.93761111111111,2691.0,3419.65,2012.0,0,,,,,,,,,,,< 25 pre-regulation peaks (0)
06125680,Big Coulee Creek trib near Cushman MT,100402011506,46.2476555555556,-109.034305555556,2.3,3575.0,,48,-0.2797100545753651,0.12634354181322055,45.671294315023474,33.0,48.0,15.0,1974.0,2021.0,48.0,B17B,
06125700,Big Coulee near Lavina MT,100402011506,46.2644777777778,-108.947844444444,235.0,3480.0,,16,,,,,,,,,,,< 25 pre-regulation peaks (16)
06126050,Musselshell River near Lavina MT,100402012306,46.2923138888889,-108.892708333333,2947.0,3400.0,1992.0,0,,,,,,,,,,,< 25 pre-regulation peaks (0)
06126300,Currant Creek near Roundup MT,100402011806,46.3687222222222,-108.647316666667,220.0,3250.0,,15,,,,,,,,,,,< 25 pre-regulation peaks (15)
06126470,Halfbreed Creek near Klein MT,100402012202,46.3872027777778,-108.541802777778,59.3,3330.0,,14,,,,,,,,,,,< 25 pre-regulation peaks (14)
06126500,Musselshell River near Roundup MT,100402020401,46.42771944444444,-108.57010277777778,3998.0,3188.54,1946.0,0,,,,,,,,,,,< 25 pre-regulation peaks (0)
06127020,Willow Cr ab LMGA Reservoir nr Roundup MT,100402020104,46.5976722222222,-108.693686111111,124.0,3660.0,,9,,,,,,,,,,,< 25 pre-regulation peaks (9)
06127060,Willow Cr at U.S. canal nr Roundup MT,100402020106,46.5543388888889,-108.678830555556,138.0,3610.0,1996.0,0,,,,,,,,,,,< 25 pre-regulation peaks (0)
06127100,South Willow Cr Tributary nr Roundup MT,100402020108,46.5146555555556,-108.578288888889,1.07,3450.0,,15,,,,,,,,,,,< 25 pre-regulation peaks (15)
06127200,Musselshell River Tributary nr Musselshell MT,100402020403,46.5070861111111,-108.254933333333,10.3,3070.0,,16,,,,,,,,,,,< 25 pre-regulation peaks (16)
06127500,Musselshell River at Musselshell MT,100402020404,46.522425,-108.108872222222,4534.0,2984.72,1929.0,0,,,,,,,,,,,< 25 pre-regulation peaks (0)
06127505,Fishel Creek near Musselshell MT,100402020303,46.4568,-108.111716666667,16.9,3150.0,,48,-0.6333323475588064,0.15576768797807974,40.282840662562116,22.0,48.0,22.0,1974.0,2021.0,48.0,B17B,
06127520,Home Creek near Sumatra MT,100402021003,46.6371,-107.620283333333,2.3,3080.0,,48,0.6796691701684364,0.16010010758835802,44.54207289470103,35.0,48.0,12.0,1973.0,2023.0,51.0,B17B,
06127570,Butts Coulee near Melstone MT,100402021004,46.6470555555556,-107.821275,6.76,2810.0,,59,-0.9375413694829721,0.1677123286517951,55.415566221548815,48.0,59.0,10.0,1963.0,2021.0,59.0,B17B,
06127585,"Little Wall Creek near Flatwillow, MT",100402020801,46.758580555555554,-108.60434444444444,9.9,3813.0,,48,-0.5433251423163202,0.14768435011827796,46.50109656854965,41.0,48.0,4.0,1974.0,2021.0,48.0,B17B,
06127900,Flatwillow Creek near Flatwillow MT,100402030405,46.7912333333333,-108.614155555556,187.0,3560.0,1911.0,0,,,,,,,,,,,< 25 pre-regulation peaks (0)
06128200,Flatwillow Creek near Winnett MT,100402030502,46.9382416666667,-108.197663888889,627.0,2790.0,,14,,,,,,,,,,,< 25 pre-regulation peaks (14)
06128400,South Fork Bear Creek near Roy MT,100402040202,47.2023583333333,-108.800275,40.5,3250.0,,15,,,,,,,,,,,< 25 pre-regulation peaks (15)
06128500,South Fork Bear Cr Tributary nr Roy MT,100402040202,47.2276638888889,-108.800536111111,5.23,3300.0,,63,-0.5043397606550938,0.11581992034935111,61.59760873623258,56.0,63.0,6.0,1962.0,2024.0,63.0,B17B,
06128900,Box Elder Cr Tributary nr Winnett MT,100402040709,47.01625,-108.159919444444,16.3,2760.0,,19,,,,,,,,,,,< 25 pre-regulation peaks (19)
06129000,Box Elder Creek near Winnett MT,100402040710,47.0125277777778,-108.155341666667,691.0,2720.0,,22,,,,,,,,,,,< 25 pre-regulation peaks (22)
06129100,North Fork Mcdonald Cr trib nr Heath MT,100402040502,47.0684,-109.213658333333,2.72,4280.0,,16,,,,,,,,,,,< 25 pre-regulation peaks (16)
06129200,Alkali Creek near Heath MT,100402040501,47.0789527777778,-109.147891666667,3.78,4060.0,,15,,,,,,,,,,,< 25 pre-regulation peaks (15)
06129400,S F McDonald Cr tributary nr Grass Range MT,100402040405,47.005375,-108.791122222222,0.7,3700.0,,15,,,,,,,,,,,< 25 pre-regulation peaks (15)
06129500,Mcdonald Creek at Winnett MT,100402040604,46.9936388888889,-108.356444444444,424.0,2930.0,,37,0.23861812295563264,0.15496423216630262,35.76263132713354,28.0,37.0,7.0,1931.0,2011.0,81.0,B17B,
06129700,Gorman Coulee near Cat Creek MT,100402040710,47.0126055555556,-108.098977777778,2.43,2823.0,,51,-0.3739361408236838,0.1269378977552788,48.69441312888714,38.0,51.0,10.0,1955.0,2021.0,67.0,B17B,
06129800,Gorman Coulee Tributary nr Cat Cr MT,100402040710,47.0125555555556,-108.093436111111,0.82,2760.0,,48,-0.19806220280297376,0.12038143874728964,47.88745816227412,47.0,48.0,1.0,1955.0,2002.0,48.0,B17B,"redundant (nested, DAR <= 5)"
06130000,Flatwillow Creek near Mosby MT,100402030503,46.9286611111111,-107.932841666667,1855.0,2563.0,,10,,,,,,,,,,,< 25 pre-regulation peaks (10)
06130500,Musselshell River at Mosby MT,100402050101,46.9946916666667,-107.889163888889,7784.0,2493.9,,94,-0.29735091227390137,0.07149597760739064,93.86205447925288,93.0,94.0,1.0,1929.0,2025.0,97.0,B17B,
06130600,Cat Creek near Cat Creek MT,100402050103,47.0431555555556,-108.015791666667,34.8,2650.0,,18,,,,,,,,,,,< 25 pre-regulation peaks (18)
06130610,Bair Coulee near Mosby MT,100402050204,47.0540666666667,-107.612583333333,1.76,2980.0,,52,-0.32353044547778975,0.12107877032375024,50.92769966207731,45.0,52.0,6.0,1974.0,2025.0,52.0,B17B,
06130620,Blood Creek trib near Valentine MT,100402050301,47.3361305555556,-108.459883333333,1.97,2950.0,,48,0.6308847236861326,0.15554212720851537,47.54451258541381,46.0,48.0,2.0,1974.0,2021.0,48.0,B17B,
06130630,"Crooked Creek Tributary nr Roy, MT",100402050601,47.4172916666667,-108.751463888889,0.58,2980.0,,22,,,,,,,,,,,< 25 pre-regulation peaks (22)
06130650,Hell Creek near Jordan MT,100401041802,47.5788416666667,-106.927108333333,70.3,2270.0,,5,,,,,,,,,,,< 25 pre-regulation peaks (5)
06130700,Sand Creek near Jordan MT,100401050612,47.2524416666667,-106.849002777778,315.0,2586.28,,11,,,,,,,,,,,< 25 pre-regulation peaks (11)
06130800,"Second Creek Tributary near Jordan, MT",100401050610,47.1942,-106.8054,0.3,2750.0,,17,,,,,,,,,,,< 25 pre-regulation peaks (17)
06130850,Second Cr Tributary no. 2 nr Jordan MT,100401050610,47.2064472222222,-106.816186111111,2.19,2750.0,,33,0.1660678331971604,0.16529911547946888,32.06811309921663,25.0,33.0,8.0,1958.0,1990.0,33.0,B17B,
06130900,Second Cr Tributary no 3 nr Jordan MT,100401050610,47.2192833333333,-106.825977777778,0.78,2780.0,,15,,,,,,,,,,,< 25 pre-regulation peaks (15)
06130915,Russian Coulee near Jordan MT,100401050905,47.3327333333333,-106.711444444444,3.44,2530.0,,52,-0.342079050701008,0.12246300571743608,50.371919847836686,42.0,52.0,9.0,1974.0,2025.0,52.0,B17B,
06130925,Thompson Creek trib near Cohagen MT,100401060204,46.9512694444444,-106.461266666667,1.22,2750.0,,22,,,,,,,,,,,< 25 pre-regulation peaks (22)
06130940,Spring Creek trib near Van Norman MT,100401060703,47.2491972222222,-106.306169444444,1.4,2440.0,,46,0.06657563558277213,0.11582593248285404,45.41666627489149,39.0,46.0,6.0,1974.0,2019.0,46.0,B17B,
06130950,Little Dry Creek near Van Norman MT,100401060705,47.3394416666667,-106.363622222222,1223.0,2340.0,,20,,,,,,,,,,,< 25 pre-regulation peaks (20)
06131000,Big Dry Creek near Van Norman MT,100401050908,47.3494472222222,-106.357816666667,2551.0,2330.0,,69,-0.6775891552267256,0.12119137120718743,66.22723908767694,58.0,69.0,11.0,1940.0,2014.0,75.0,B17B,
06131100,Terry Coulee near Van Norman MT,100401042107,47.3858805555556,-106.170841666667,0.46,2425.0,,48,-0.26845143474554206,0.12550418285917203,47.027906839066766,41.0,48.0,5.0,1974.0,2021.0,48.0,B17B,
06131120,Timber Creek near Van Norman MT,100401042107,47.4056166666667,-106.173444444444,284.0,2500.0,,5,,,,,,,,,,,< 25 pre-regulation peaks (5)
06131200,Nelson Creek near Van Norman MT,100401042202,47.5365944444444,-106.153452777778,110.0,2300.0,,36,-0.5455853401852444,0.18605236874871542,34.46257080219459,29.0,36.0,6.0,1976.0,2024.0,49.0,B17B,
06131300,Mcguire Creek trib near Van Norman MT,100401042304,47.6053777777778,-106.152983333333,0.77,2400.0,,52,-0.9478247486514773,0.18524741686016008,41.5468197108144,25.0,52.0,23.0,1974.0,2025.0,52.0,B17B,
06132000,Missouri River below Fort Peck Dam MT,100600010102,48.044425,-106.35625833333333,56490.0,2019.44,1939.0,5,,,,,,,,,,,< 25 pre-regulation peaks (5)
06132200,South Fork Milk River near Babb MT,100500010102,48.7534833333333,-113.167430555556,69.1,4731.6,,49,1.1130666286582083,0.23167361297408287,49.0,49.0,49.0,0.0,1961.0,2009.0,49.0,ADJE,
06132250,Livermore Creek near Babb MT,100500010103,48.7674916666667,-113.176716666667,23.0,4730.0,,6,,,,,,,,,,,< 25 pre-regulation peaks (6)
06132300,Middle Fork Milk River nr Babb MT,100500010104,48.8444249247247,-113.215097940645,,4815.0,,1,,,,,,,,,,,< 25 pre-regulation peaks (1)
06132400,Dry Fork Milk River near Babb MT,100500010105,48.8305055555556,-113.201525,18.0,4750.0,,30,-0.09944778260843515,0.1745012299534477,29.91280697712362,29.0,30.0,1.0,1962.0,1991.0,30.0,B17B,
06132700,Milk River near Del Bonita MT,100500010203,48.9536722222222,-112.753975,323.0,4030.0,,21,,,,,,,,,,,< 25 pre-regulation peaks (21)
06133500,N F Milk River ab St. Mary canal nr Browning MT,100500010302,48.9635277777778,-113.062355555556,60.8,4240.0,,86,0.2188201500233898,0.07281883248895434,86.0,86.0,86.0,0.0,1911.0,2025.0,115.0,ADJE,
06134800,Van Cleeve Coulee Tributary nr Sunburst MT,100302030203,48.8848805555556,-111.823286111111,11.4,3340.0,,29,-1.1726110272165235,0.3452268518208367,27.47126382928283,25.0,29.0,4.0,1963.0,1991.0,29.0,B17B,
06135000,Milk River at Eastern Crossing of Int Bndry,100500021203,48.9748194444444,-110.421777777778,2452.0,2660.0,1919.0,6,,,,,,,,,,,< 25 pre-regulation peaks (6)
06136400,Spring Coulee trib near Simpson MT,100500020902,48.9443138888889,-110.215963888889,2.76,2775.0,,30,-0.8603587876532549,0.24949597530886766,25.535359132534314,17.0,30.0,12.0,1972.0,2002.0,31.0,B17B,
06137400,Big Sandy Cr at Res Bndry nr Rocky Boy MT,100500050202,48.1724444444444,-109.826011111111,24.6,3830.0,,24,,,,,,,,,,,< 25 pre-regulation peaks (24)
06137570,"Boxelder Creek near Rocky Boy, MT",100500050303,48.2988333333333,-109.835416666667,46.6,3234.0,,26,0.5898196579530162,0.24589408363322326,26.0,26.0,26.0,0.0,1976.0,2025.0,50.0,ADJE,
06137575,"Boxelder Creek at Box Elder, MT",100500050303,48.3103527777778,-110.019575,67.1,2672.0,2021.0,0,,,,,,,,,,,< 25 pre-regulation peaks (0)
06137580,Sage Creek near Whitlash MT,100500060102,48.8913722222222,-111.031094444444,7.43,3900.0,,12,,,,,,,,,,,< 25 pre-regulation peaks (12)
06137600,Sage Creek trib no 2 near Joplin MT,100500060105,48.9104666666667,-110.772994444444,2.71,3135.0,,50,-0.7380820540797738,0.16074890992303079,43.96286715562602,30.0,50.0,15.0,1974.0,2024.0,51.0,B17B,
06137900,England Coulee at Hingham MT,100500060402,48.5595305555556,-110.42165,1.61,3000.0,,15,,,,,,,,,,,< 25 pre-regulation peaks (15)
06138000,Sage Creek near Kremlin MT,100500060506,48.4621305555556,-110.106580555556,911.0,2680.0,,6,,,,,,,,,,,< 25 pre-regulation peaks (6)
06138500,Big Sandy Creek near Box Elder MT,100500050401,48.3599444444444,-109.992130555556,1610.0,2620.0,1927.0,0,,,,,,,,,,,< 25 pre-regulation peaks (0)
06138580,"Big Sandy Cr ab Spring Coulee, nr Laredo, MT",100500050405,48.4526916666667,-109.920827777778,,2562.0,,5,,,,,,,,,,,< 25 pre-regulation peaks (5)
06138700,South Fork Spring Coulee near Havre MT,100500050403,48.4092111111111,-109.829844444444,6.59,2770.0,,53,-1.0799320940006218,0.21209195116402335,43.1551384774864,29.0,53.0,24.0,1960.0,2012.0,53.0,B17B,
06138800,Spring Coulee near Havre MT,100500050403,48.4208222222222,-109.865213888889,18.0,2670.0,,15,,,,,,,,,,,< 25 pre-regulation peaks (15)
06139500,Big Sandy Creek near Havre MT,100500050405,48.5267138888889,-109.841577777778,1787.0,2510.0,,64,-0.3875846181152368,0.10578837908433077,62.995083011140046,58.0,64.0,1.0,1946.0,2024.0,79.0,B17B,
06139800,"West Fork Beaver Creek nr Rocky Boy, MT",100500040101,48.176972,-109.641714,5.0,4636.84,,2,,,,,,,,,,,< 25 pre-regulation peaks (2)
06139850,"Beaver Creek ab Elk Creek, nr Rocky Boy, MT",100500040101,48.1793166666667,-109.643569444444,8.96,4619.0,2025.0,2,,,,,,,,,,,< 25 pre-regulation peaks (2)
06139900,Beaver Cr at Res Bndry nr Rocky Boy MT,100500040101,48.2240805555556,-109.652266666667,16.1,4171.0,2025.0,4,,,,,,,,,,,< 25 pre-regulation peaks (4)
06140000,Beaver Creek near Havre MT,100500040103,48.4807472222222,-109.777027777778,88.9,,,24,,,,,,,,,,,< 25 pre-regulation peaks (24)
06140400,Bullhook Creek near Havre MT,100500040403,48.5076027777778,-109.638888888889,39.1,2610.0,,17,,,,,,,,,,,< 25 pre-regulation peaks (17)
06140500,Milk River at Havre MT,100500040404,48.5636861111111,-109.695955555556,5655.0,2465.24,1952.0,24,,,,,,,,,,,< 25 pre-regulation peaks (24)
06141600,Little Box Elder Cr at Mouth nr Havre MT,100500040202,48.5621444444444,-109.5323,95.9,,,10,,,,,,,,,,,< 25 pre-regulation peaks (10)
06141900,Milk River Tributary near Lohman MT,100500040405,48.5849361111111,-109.429530555556,0.18,2450.0,,15,,,,,,,,,,,< 25 pre-regulation peaks (15)
06142400,Clear Creek near Chinook MT,100500040303,48.5788694444445,-109.391130555556,135.0,2470.0,,40,0.5121267723184884,0.16795766192671832,38.76386280757139,34.0,40.0,4.0,1984.0,2023.0,40.0,B17B,
06143000,Milk River at Lohman MT,100500040603,48.6017055555556,-109.399883333333,6028.0,2420.0,1940.0,9,,,,,,,,,,,< 25 pre-regulation peaks (9)
06150000,Woodpile Coulee near international boundary,100500080502,48.9832138888889,-109.531094444444,67.0,2740.0,,51,-0.6254646412965997,0.1479063564216059,46.89982256100236,35.0,51.0,15.0,1927.0,1986.0,60.0,B17B,
06150500,East Fork Battle Creek nr international boundary,100500080404,48.9711083333333,-109.130266666667,89.5,2760.0,,50,-0.70228823019971,0.1573184432706412,44.525138467425826,31.0,50.0,18.0,1927.0,1986.0,60.0,B17B,
06151500,Battle Creek near Chinook MT,100500080511,48.6494916666667,-109.231694444444,1631.0,2410.0,,59,-0.7005986881257685,0.138631544006014,50.086818540246966,30.0,59.0,23.0,1905.0,2025.0,121.0,B17B,
06153400,Fifteenmile Creek trib near Zurich MT,100500040604,48.6454027777778,-109.045658333333,1.7,2590.0,,52,0.01973507056616943,0.1005100665447712,50.94847617586854,38.0,52.0,10.0,1974.0,2025.0,52.0,B17B,
06153800,"Milk River at Merrill Rd, nr Harlem, MT",100500041302,48.52430555555556,-108.85516666666666,8924.7,2353.0,2023.0,0,,,,,,,,,,,< 25 pre-regulation peaks (0)
06154100,Milk River near Harlem MT,100500041302,48.4896416666667,-108.75895,9652.0,2319.4,1952.0,0,,,,,,,,,,,< 25 pre-regulation peaks (0)
06154140,Fifteenmile Cr Tributary nr Harlem MT,100500041202,48.3248333333333,-108.708327777778,2.11,2650.0,,10,,,,,,,,,,,< 25 pre-regulation peaks (10)
06154350,Peoples Creek trib near Lloyd MT,100500090201,48.1922138888889,-109.307611111111,2.6,4140.0,,51,-0.5941124971343589,0.14511451949659068,46.454033314085756,33.0,51.0,13.0,1974.0,2024.0,51.0,B17B,
06154390,"Peoples Creek near Cleveland, MT",100500090204,48.26405555555556,-108.86182777777778,,2973.0,,1,,,,,,,,,,,< 25 pre-regulation peaks (1)
06154400,Peoples Creek near Hays MT,100500090206,48.2237333333333,-108.714052777778,227.0,2714.1,,58,-0.07633305108403407,0.09411000034852908,58.0,58.0,58.0,0.0,1967.0,2024.0,58.0,ADJE,
06154410,"Little Peoples Creek near Hays, MT",,47.9649333333333,-108.655961111111,12.8,3789.0,,38,-0.20915157668529855,0.14902661438875975,38.0,38.0,38.0,0.0,1973.0,2025.0,53.0,ADJE,HUC  outside MT basins
06154430,"Lodge Pole Creek at Lodge Pole, MT",100500090104,48.0310972222222,-108.532611111111,19.5,3411.0,,14,,,,,,,,,,,< 25 pre-regulation peaks (14)
06154490,Willow Coulee near Dodson MT,100500090403,48.3251472222222,-108.415375,5.53,2450.0,,10,,,,,,,,,,,< 25 pre-regulation peaks (10)
06154500,Peoples Creek near Dodson MT,100500090403,48.3423888888889,-108.359819444444,680.0,2310.0,,29,-0.344178898023764,0.20149235762315884,29.0,29.0,29.0,0.0,1906.0,1988.0,83.0,ADJE,"redundant (nested, DAR <= 5)"
06154510,Kuhr Coulee Tributary near Dodson MT,100500090403,48.3390361111111,-108.3887,1.34,2430.0,2002.0,19,,,,,,,,,,,< 25 pre-regulation peaks (19)
06154550,Peoples Cr bl Kuhr Coulee nr Dodson MT,100500090403,48.3636333333333,-108.356238888889,688.0,2309.0,,50,-0.07237249002098035,0.10762431666932479,49.92044766795147,49.0,50.0,0.0,1906.0,2009.0,104.0,ADJE,
06155030,Milk River near Dodson MT,100500041306,48.4027777777778,-108.294094444444,11134.0,2250.0,,42,-0.4412333334188007,0.1552186521184024,42.0,42.0,42.0,0.0,1983.0,2024.0,42.0,ADJE,
06155100,Black Coulee near Malta MT,100500041602,48.2120583333333,-108.047052777778,11.7,2462.0,,13,,,,,,,,,,,< 25 pre-regulation peaks (13)
06155200,Alkali Creek near Malta MT,100500041605,48.2680916666667,-107.966225,184.0,2280.0,,17,,,,,,,,,,,< 25 pre-regulation peaks (17)
06155300,Disjardin Coulee near Malta MT,100500041605,48.2759944444444,-107.964333333333,3.77,2280.0,,47,1.0002356774447059,0.21041918948010574,45.33810073439332,42.0,47.0,5.0,1956.0,2002.0,47.0,B17B,
06155400,Taylor Coulee nr Malta MT,100500041901,48.3261805555556,-107.914675,4.93,2290.0,,18,,,,,,,,,,,< 25 pre-regulation peaks (18)
06155500,Milk River at Malta MT,100500041901,48.3621944444444,-107.876375,11654.0,2246.0,,32,0.7564022944504194,0.22647294136690743,27.992522983439454,19.0,32.0,11.0,1903.0,2024.0,122.0,B17B,"redundant (nested, DAR <= 5)"
06155600,Murphy Coulee Tributary nr Hogeland MT,100500100101,48.78861666666666,-108.7479388888889,2.46,3250.0,,48,-0.16369226744365892,0.11795659791135268,47.68333381147249,45.0,48.0,2.0,1974.0,2024.0,51.0,B17B,
06155900,Milk River at Cree Crossing nr Saco MT,100500041905,48.5405861111111,-107.519930555556,13134.0,2185.0,2000.0,0,,,,,,,,,,,< 25 pre-regulation peaks (0)
06156000,Whitewater Creek near international boundary,100500110701,48.9526277777778,-107.862219444444,420.0,2500.0,,52,-0.9806490672988806,0.19218082794669028,47.10840272847458,38.0,52.0,14.0,1927.0,1979.0,53.0,B17B,
06156100,Lush Coulee near Whitewater MT,100500110705,48.6860527777778,-107.690952777778,8.9,2455.0,,52,-0.42222165971882497,0.12862806634975715,49.08060807842524,37.0,52.0,10.0,1972.0,2025.0,54.0,B17B,
06164510,Milk River at Juneberg Bridge nr Saco MT,100500042102,48.5092027777778,-107.218755555556,17691.0,2130.0,1978.0,0,,,,,,,,,,,< 25 pre-regulation peaks (0)
06164590,Beaver Creek near Zortman MT,100500140201,47.9386277777778,-108.391219444444,10.4,3320.0,,9,,,,,,,,,,,< 25 pre-regulation peaks (9)
06164600,Beaver Creek trib near Zortman MT,100500140201,47.9274972222222,-108.352672222222,3.76,3010.0,,52,0.23850017539701973,0.11493075800053218,51.36253300257996,47.0,52.0,3.0,1974.0,2025.0,52.0,B17B,
06164615,Little Warm C at Reservation Bndry nr Zortman MT,100500140103,47.9730333333333,-108.362866666667,5.75,3070.0,,10,,,,,,,,,,,< 25 pre-regulation peaks (10)
06164623,Little Warm Cr Tributary nr Lodge Pole MT,100500140103,47.9952388888889,-108.320052777778,2.39,2910.87,,41,-0.561269183377567,0.16916411849966548,40.79204623959288,40.0,41.0,1.0,1983.0,2024.0,42.0,B17B,
06164630,Big Warm Creek near Zortman MT,100500140101,48.0146833333333,-108.450955555556,8.6,3220.0,,5,,,,,,,,,,,< 25 pre-regulation peaks (5)
06164800,Beaver Cr ab Dix Cr nr Malta MT,100500140402,48.0883555555556,-107.555461111111,914.0,2269.18,,12,,,,,,,,,,,< 25 pre-regulation peaks (12)
06165000,Beaver Creek near Malta MT,100500140403,48.1609666666667,-107.525736111111,1010.0,2260.0,,5,,,,,,,,,,,< 25 pre-regulation peaks (5)
06165200,Guston Coulee near Malta MT,100500140406,48.2419388888889,-107.548583333333,2.4,2275.0,,48,-0.9162317652774139,0.18914211038458142,40.431766140598896,27.0,48.0,20.0,1974.0,2021.0,48.0,B17B,
06165500,Beaver Creek Overflow near Bowdoin MT,100500140701,48.3671583333333,-107.618075,,2213.6,,6,,,,,,,,,,,< 25 pre-regulation peaks (6)
06166000,Beaver Cr bl Guston Coulee nr Saco MT,100500140701,48.3567833333333,-107.582186111111,1199.0,2215.0,,44,-0.24891449001324753,0.1338783847577739,43.874023824821336,43.0,44.0,1.0,1920.0,2024.0,105.0,B17B,
06166500,Beaver Creek near Saco MT,100500140701,48.3999958427038,-107.533988767982,1224.0,2200.0,,5,,,,,,,,,,,< 25 pre-regulation peaks (5)
06167500,Beaver Creek near Hinsdale MT,100500140705,48.4203111111111,-107.171138888889,1804.89,2130.0,,25,-0.34570723993516905,0.2287501375992268,24.847503030969254,24.0,25.0,0.0,1912.0,2025.0,114.0,ADJE,"redundant (nested, DAR <= 5)"
06168500,Rock Creek at international boundary,100500150405,48.9888805555556,-106.792283333333,239.0,2550.0,,35,-0.44470563028199334,0.18074218184661134,35.0,35.0,35.0,0.0,1927.0,1961.0,35.0,ADJE,"redundant (nested, DAR <= 5)"
06169000,Horse Creek at international boundary,100500150203,48.9883805555556,-106.835158333333,74.9,2540.0,,46,-0.7102617303698158,0.16835219105545574,45.5024181376187,44.0,46.0,2.0,1915.0,1961.0,47.0,B17B,"redundant (nested, DAR <= 5)"
06169500,Rock Creek bl Horse Creek nr int'l boundary,100500150405,48.969375,-106.839841666667,322.0,2530.0,,77,-0.20615065624452986,0.07956204520404071,72.44201366059472,45.0,77.0,31.0,1917.0,2023.0,107.0,B17B,
06169600,South Creek Tributary near Opheim MT,100500150302,48.8760416666667,-106.638319444444,2.11,,,5,,,,,,,,,,,< 25 pre-regulation peaks (5)
06169700,South Creek tributary No. 2 nr Opheim MT,100500150302,48.8885416666667,-106.660591666667,1.62,,,5,,,,,,,,,,,< 25 pre-regulation peaks (5)
06169800,South Creek tributary No. 3 nr int'l boundary,100500150302,48.9312666666667,-106.812525,0.27,,,5,,,,,,,,,,,< 25 pre-regulation peaks (5)
06170000,McEachern Creek at international boundary,100500150507,48.9909861111111,-106.928547222222,171.0,2540.0,,53,-0.44813429911678354,0.12865313393269426,51.88784955935657,47.0,53.0,6.0,1924.0,1976.0,53.0,B17B,"redundant (nested, DAR <= 5)"
06170050,Rock Creek bl McEachern Creek nr int'l boundary,100500150903,48.8815,-106.900608333333,633.0,,,5,,,,,,,,,,,< 25 pre-regulation peaks (5)
06170080,Starbuck Coulee nr international boundary,100500150903,48.8604694444444,-106.900025,4.25,,,5,,,,,,,,,,,< 25 pre-regulation peaks (5)
06170200,Willow Creek near Hinsdale MT,100500150808,48.5649583333333,-106.982463888889,290.0,2200.0,,11,,,,,,,,,,,< 25 pre-regulation peaks (11)
06171000,Rock Creek near Hinsdale MT,100500150907,48.4527027777778,-107.036533333333,1300.0,2140.0,,12,,,,,,,,,,,< 25 pre-regulation peaks (12)
06172000,Milk River near Vandalia MT,100500120401,48.3730416666667,-106.973241666667,21052.0,2089.0,1915.0,0,,,,,,,,,,,< 25 pre-regulation peaks (0)
06172200,Buggy Creek near Tampico MT,100500120203,48.360775,-106.777875,124.0,2180.0,,13,,,,,,,,,,,< 25 pre-regulation peaks (13)
06172300,Unger Creek near Vandalia MT,100500120203,48.3707277777778,-106.79735,10.0,2220.0,,65,-0.4017173741110658,0.10541558024858826,63.42631814174265,56.0,65.0,8.0,1958.0,2025.0,68.0,B17B,
06172310,Milk River at Tampico MT,100500120404,48.3079055555555,-106.822316666667,21341.0,2110.0,,43,0.3487969617773633,0.14450766898337206,41.86398182036067,36.0,43.0,6.0,1952.0,2025.0,74.0,B17B,
06172350,Mooney Coulee near Tampico MT,100500120403,48.28585,-106.709216666667,13.8,2220.0,,16,,,,,,,,,,,< 25 pre-regulation peaks (16)
06173300,Willow Creek trib near Fort Peck MT,100500120904,47.8931305555556,-106.890327777778,0.95,2275.0,,19,,,,,,,,,,,< 25 pre-regulation peaks (19)
06174000,Willow Creek near Glasgow MT,100500120908,48.1143944444444,-106.671563888889,531.0,2110.0,1955.0,1,,,,,,,,,,,< 25 pre-regulation peaks (1)
06174300,Milk River trib no 3 near Glasgow MT,100500121001,48.20469444444445,-106.55231944444444,1.55,2255.0,,50,0.12769263423566038,0.11127291623115669,47.04370217280541,26.0,50.0,23.0,1974.0,2024.0,51.0,B17B,
06174500,Milk River at Nashua MT,100500121002,48.1300527777778,-106.364313888889,22452.0,2027.75,1940.0,0,,,,,,,,,,,< 25 pre-regulation peaks (0)
06174600,Snow Coulee at Opheim MT,100500160102,48.8406777777778,-106.413672222222,3.11,3200.0,,40,-0.17446095355028793,0.13974292652028808,39.197429895626286,33.0,40.0,6.0,1972.0,2012.0,41.0,B17B,
06175000,Porcupine Creek at Nashua MT,100500160506,48.1358666666667,-106.342288888889,724.0,2060.0,,30,0.7510696024763371,0.2370079529359208,28.923860307735378,26.0,30.0,3.0,1909.0,2023.0,115.0,B17B,
06175540,Prairie Elk Creek near Oswego MT,100600010603,47.998975,-105.867411111111,340.0,2180.0,,10,,,,,,,,,,,< 25 pre-regulation peaks (10)
06175550,East Fork Sand Creek near Vida MT,100600010702,47.804225,-105.614341666667,8.51,2200.0,,15,,,,,,,,,,,< 25 pre-regulation peaks (15)
06175700,East Fork Wolf Creek near Lustre MT,100600011001,48.4071361111111,-105.794086111111,9.98,2720.0,,47,0.493735297290317,0.14588304865789425,44.46115405059225,35.0,47.0,12.0,1956.0,2002.0,47.0,B17B,
06175900,Wolf Cr Tributary no. 2 nr Wolf Point MT,100600011102,48.1899694444444,-105.745880555556,6.1,2232.0,,30,-0.5449067822532898,0.21512707936259254,28.679848566409394,24.0,30.0,6.0,1955.0,1984.0,30.0,B17B,
06176500,Wolf Creek near Wolf Point MT,100600011103,48.0971555555556,-105.680205555556,251.0,2010.0,,38,-0.52989189767987,0.1805360593005504,35.496747982117114,30.0,37.0,7.0,1910.0,2023.0,114.0,B17B,
06176950,Missouri River no 6 near Wolf Point MT,100600011402,48.0562638888889,-105.556877777778,0.55,1995.0,,19,,,,,,,,,,,< 25 pre-regulation peaks (19)
06177000,Missouri River near Wolf Point MT,100600011403,48.067325000000004,-105.53309722222222,80650.0,1958.57,1937.0,8,,,,,,,,,,,< 25 pre-regulation peaks (8)
06177020,Tule Creek trib near Wolf Point MT,100600011205,48.2445722222222,-105.492652777778,1.97,2320.0,2018.0,44,0.1946564624678876,0.129805345886652,42.4771060704178,32.0,44.0,12.0,1974.0,2017.0,44.0,B17B,
06177050,East Fork Duck Creek near Brockway MT,100600020202,47.1872222222222,-105.785555555556,13.9,2660.0,,48,-0.4221650667286773,0.13746162317399685,45.27069365429777,34.0,48.0,14.0,1955.0,2002.0,48.0,B17B,
06177100,"Duck Creek near Brockway, MT",100600020202,47.2390583333333,-105.817066666667,54.6,2622.0,,20,,,,,,,,,,,< 25 pre-regulation peaks (20)
06177150,Redwater River at Brockway MT,100600020305,47.3051416666667,-105.767680555556,240.0,2550.0,,18,,,,,,,,,,,< 25 pre-regulation peaks (18)
06177200,Tusler Creek near Brockway MT,100600020404,47.2972,-105.663527777778,89.4,2570.0,,16,,,,,,,,,,,< 25 pre-regulation peaks (16)
06177250,Tusler Creek Tributary near Brockway MT,100600020404,47.2977944444444,-105.678491666667,3.09,2590.0,,18,,,,,,,,,,,< 25 pre-regulation peaks (18)
06177300,Redwater River Tributary Brockway MT,100600020505,47.3462944444444,-105.684977777778,0.26,2570.0,,18,,,,,,,,,,,< 25 pre-regulation peaks (18)
06177350,South Fork Dry Ash Creek near Circle MT,100600020501,47.2954055555556,-105.597327777778,6.76,2660.0,,19,,,,,,,,,,,< 25 pre-regulation peaks (19)
06177400,McCune Creek near Circle MT,100600020503,47.3498083333333,-105.586027777778,29.7,2500.0,,24,,,,,,,,,,,< 25 pre-regulation peaks (24)
06177500,Redwater River at Circle MT,100600020505,47.4139722222222,-105.575644444444,551.0,2394.32,,88,-1.0122856637311894,0.13946152733824427,70.33824072204368,44.0,88.0,44.0,1929.0,2024.0,96.0,B17B,
06177650,Redwater River near Richey MT,100600020808,47.6308666666667,-105.328138888889,1077.0,,,3,,,,,,,,,,,< 25 pre-regulation peaks (3)
06177700,"Cow Creek Tributary near Vida, MT",100600020903,47.707683333333335,-105.49175277777778,1.76,2396.0,,61,-0.0938919904112637,0.09088092139348526,59.22579850747896,43.0,61.0,14.0,1963.0,2024.0,62.0,B17B,
06177720,West Fork Sullivan Creek near Richey MT,100600021001,47.5322277777778,-105.235122222222,14.7,2520.0,,20,,,,,,,,,,,< 25 pre-regulation peaks (20)
06177800,Gady Coulee near Vida MT,100600021302,47.9127083333333,-105.497125,0.83,2400.0,,30,0.02641977405079076,0.1686153140606941,29.097560513932514,19.0,30.0,11.0,1962.0,1991.0,30.0,B17B,
06177820,Horse Creek Tributary near Richey MT,100600021504,47.8773027777778,-104.935947222222,0.67,2350.0,,46,0.3645495815271725,0.13771768324953954,44.659601105477044,38.0,46.0,6.0,1974.0,2019.0,46.0,B17B,
06177825,Redwater River near Vida MT,100600021601,47.9022361111111,-105.212808333333,1982.0,2100.0,,13,,,,,,,,,,,< 25 pre-regulation peaks (13)
06178000,Poplar River at international boundary,100600030209,48.9902861111111,-105.696908333333,358.0,2460.0,,94,-0.2551889101727625,0.06922151559856829,94.0,94.0,94.0,0.0,1931.0,2025.0,95.0,ADJE,
06179000,East Fork Poplar River near Scobey MT,100600030605,48.8525944444444,-105.421697222222,725.0,2370.47,1976.0,1,,,,,,,,,,,< 25 pre-regulation peaks (1)
06179100,Butte Creek trib near Four Buttes MT,100600030704,48.8094361111111,-105.586088888889,1.62,2460.0,,49,-0.6792783716157588,0.15756332048024194,43.280895151066304,29.0,49.0,17.0,1972.0,2022.0,51.0,B17B,
06180000,West Fork Poplar River near Richland MT,100600040306,48.8071222222222,-106.021197222222,454.0,2660.0,,17,,,,,,,,,,,< 25 pre-regulation peaks (17)
06180500,Poplar River near Bredette MT,100600031005,48.4061944444444,-105.210088888889,2904.0,2110.0,,14,,,,,,,,,,,< 25 pre-regulation peaks (14)
06181000,Poplar River near Poplar MT,100600031013,48.1179166666667,-105.192816666667,3170.0,1943.0,,75,-0.045320472131860995,0.0726740192307577,74.92776862975785,74.0,75.0,0.0,1909.0,2025.0,117.0,ADJE,
06181200,Missouri River trib no. 2 nr Brockton MT,100600050204,48.1519722222222,-104.901905555556,0.69,1960.0,,15,,,,,,,,,,,< 25 pre-regulation peaks (15)
06182500,Big Muddy Creek at Daleview MT,100600060702,48.910875,-104.939097222222,276.0,2120.0,,26,-0.4906243244908607,0.23556456596171285,25.80943724924599,25.0,26.0,0.0,1948.0,1975.0,28.0,ADJE,
06182700,Middle Fork Big Muddy Cr nr Flaxville MT,100600060803,48.8022475610225,-105.113868811017,3.26,2570.0,,11,,,,,,,,,,,< 25 pre-regulation peaks (11)
06183000,Big Muddy Creek at Plentywood MT,100600061303,48.7660805555556,-104.578094444444,850.0,1980.0,,19,,,,,,,,,,,< 25 pre-regulation peaks (19)
06183100,Boxelder Creek near Plentywood MT,100600061301,48.823819,-104.499653,11.0,2190.0,,19,,,,,,,,,,,< 25 pre-regulation peaks (19)
06183200,"Boxelder Creek at damsite, near Plentywood, MT",100600061301,48.793328,-104.548425,20.5,2110.0,,9,,,,,,,,,,,< 25 pre-regulation peaks (9)
06183300,Marron Creek trib near Plentywood MT,100600061303,48.8093416666667,-104.455125,6.21,2260.0,,48,-0.4074549545993929,0.13626965731355026,45.54901109535607,35.0,48.0,13.0,1955.0,2002.0,48.0,B17B,
06183400,Spring Cr at Highway nr Plentywood MT,100600061303,48.766575,-104.525197222222,15.4,2040.0,,19,,,,,,,,,,,< 25 pre-regulation peaks (19)
06183450,Big Muddy Creek near Antelope MT,100600061304,48.6728972222222,-104.512086111111,955.0,2000.0,,46,-0.8401633278925533,0.18154954259554965,41.936695560068955,33.0,46.0,13.0,1979.0,2024.0,46.0,B17B,
06183500,Big Muddy Creek at Reserve MT,100600061304,48.6068055555556,-104.458966666667,1037.0,1950.0,,8,,,,,,,,,,,< 25 pre-regulation peaks (8)
06183750,Lake Creek near Dagmar MT,100600061705,48.5641388888889,-104.177552777778,111.0,1979.0,,19,,,,,,,,,,,< 25 pre-regulation peaks (19)
06183800,Cottonwood Creek near Dagmar MT,100600061704,48.5092138888889,-104.173352777778,128.0,1975.0,,20,,,,,,,,,,,< 25 pre-regulation peaks (20)
06183850,Sand Creek near Dagmar MT,100600061604,48.4989472222222,-104.272588888889,117.0,,,20,,,,,,,,,,,< 25 pre-regulation peaks (20)
06184200,Lost Creek trib near Homestead MT,100600062002,48.4025234717266,-104.497454633995,1.92,1970.0,,50,-0.8133704757847581,0.1682106313544923,44.29477053593071,32.0,50.0,14.0,1972.0,2024.0,53.0,B17B,
06185000,Big Muddy Creek near Culbertson MT,100600062010,48.2571388888889,-104.723597222222,2650.0,1910.0,,12,,,,,,,,,,,< 25 pre-regulation peaks (12)
06185100,Big Muddy Cr Tributary nr Culbertson MT,100600062010,48.1927638888889,-104.697852777778,7.24,1940.0,,15,,,,,,,,,,,< 25 pre-regulation peaks (15)
06185110,Big Muddy Creek nr mouth nr Culbertson MT,100600062010,48.1644805555556,-104.629519444444,2717.0,1896.5,,24,,,,,,,,,,,< 25 pre-regulation peaks (24)
06185200,Missouri River trib no. 3 nr Culbertson MT,100600050901,48.1042083333333,-104.515797222222,1.25,1950.0,,15,,,,,,,,,,,< 25 pre-regulation peaks (15)
06185300,Missouri River trib no. 4 nr Bainville MT,100600050501,48.1418722222222,-104.352811111111,11.0,2000.0,,15,,,,,,,,,,,< 25 pre-regulation peaks (15)
06185400,Missouri River trib no. 5 at Culbertson MT,100600050502,48.1587166666667,-104.516058333333,3.82,1970.0,,59,-0.6128129438067116,0.13099208295880316,53.87893401624433,39.0,59.0,20.0,1963.0,2021.0,59.0,B17B,
06185500,Missouri River near Culbertson MT,100600050901,48.1235,-104.47330000000001,89858.0,1885.08,1942.0,0,,,,,,,,,,,< 25 pre-regulation peaks (0)
06187915,Soda Butte Cr at Park Bndry at Silver Gate,100700010602,45.0028305555556,-110.001872222222,30.9,7340.0,,26,-0.3107413925670387,0.2179270837577231,26.0,26.0,26.0,0.0,1999.0,2024.0,26.0,ADJE,
06191000,"Gardner River near Mammoth, YNP",100700010906,44.9923444444444,-110.690975,199.0,5623.97,,76,-0.6227281556341056,0.10825934767523908,71.02033936540984,56.0,76.0,20.0,1939.0,2025.0,87.0,B17B,
06191500,Yellowstone River at Corwin Springs MT,100700020103,45.1121194444444,-110.793666666667,2615.0,5079.09,,118,0.011643148037438412,0.046409531684733094,118.0,118.0,118.0,0.0,1890.0,2024.0,135.0,ADJE,
06191800,Big Creek near Emigrant MT,100700020203,45.3065611111111,-110.877991666667,67.0,5270.0,,9,,,,,,,,,,,< 25 pre-regulation peaks (9)
06192000,Mill Creek near Pray MT,100700020305,45.3594555555556,-110.617669444444,155.0,5160.0,,6,,,,,,,,,,,< 25 pre-regulation peaks (6)
06192500,"Yellowstone River near Livingston, MT",100700020409,45.5972111111111,-110.566497222222,3551.0,4542.49,,101,0.2214922657119223,0.06331318161056908,100.88189512817884,100.0,101.0,1.0,1897.0,2025.0,129.0,B17B,
06192900,"Dugout Creek at mouth, nr Wilsall, MT",100700030301,46.1848055555555,-110.379638888889,,6507.0,,4,,,,,,,,,,,< 25 pre-regulation peaks (4)
06192980,"Shields River ab Smith Cr, nr Wilsall, MT",100700030304,46.167161111111106,-110.55428611111111,53.9,5747.0,,6,,,,,,,,,,,< 25 pre-regulation peaks (6)
06193000,Shields River near Wilsall MT,100700030304,46.15260555555555,-110.58681944444444,90.9,5590.0,,22,,,,,,,,,,,< 25 pre-regulation peaks (22)
06193500,Shields River at Clyde Park MT,100700030406,45.8857333333333,-110.617958333333,539.0,4780.0,,41,0.258893919697553,0.14319987934575543,40.8713116572497,40.0,41.0,1.0,1921.0,1967.0,47.0,B17B,
06194000,Brackett Creek near Clyde Park MT,100700030404,45.8666194444444,-110.670230555556,58.1,4930.0,,27,0.7051150159109871,0.25119392991546197,27.0,27.0,27.0,0.0,1921.0,1957.0,37.0,ADJE,
06195600,Shields River nr Livingston MT,100700030507,45.7383611111111,-110.479469444444,846.0,4420.0,,47,0.387871074169862,0.1370996677083809,47.0,47.0,47.0,0.0,1979.0,2025.0,47.0,ADJE,"redundant (nested, DAR <= 5)"
06197000,Big Timber Creek near Big Timber MT,100700020603,45.9543111111111,-110.029455555556,75.5,4680.0,,13,,,,,,,,,,,< 25 pre-regulation peaks (13)
06197500,Boulder River near Contact MT,100700020908,45.5545333333333,-110.200541666667,225.0,4930.0,,35,0.788632079674556,0.21538957441308892,34.73212596247692,34.0,35.0,0.0,1910.0,2022.0,113.0,ADJE,
06197800,"East Boulder River bl Dry Fork Cr nr Mcleod, MT",100700020701,45.5123333333333,-110.087722222222,38.9,6152.0,,6,,,,,,,,,,,< 25 pre-regulation peaks (6)
06198000,East Boulder River nr Mcleod,100700020702,45.6146027777778,-110.125838888889,85.8,4870.0,,4,,,,,,,,,,,< 25 pre-regulation peaks (4)
06198500,West Fork Boulder River nr Bruffeys MT,100700020805,45.5680861111111,-110.278655555556,91.7,5470.0,,6,,,,,,,,,,,< 25 pre-regulation peaks (6)
06199000,West Boulder River at McLeod MT,100700020805,45.6634277777778,-110.1184,134.0,4810.0,,8,,,,,,,,,,,< 25 pre-regulation peaks (8)
06200000,Boulder River at Big Timber MT,100700020909,45.8337944444445,-109.938705555556,525.0,4056.3,,77,0.15596294838988023,0.07675793421945419,77.0,77.0,77.0,0.0,1947.0,2024.0,78.0,ADJE,
06200500,Sweet Grass Creek above Melville MT,100700021202,46.1553805555556,-110.08705,56.2,5490.0,,46,0.6232051756318028,0.16004898383027585,45.54822354906041,44.0,46.0,0.0,1914.0,1975.0,62.0,ADJE,
06201000,Sweet Grass Creek below Melville MT,100700021206,46.0614333333333,-109.845241666667,147.0,4740.0,,30,0.38264896287909006,0.1993361772882297,30.0,30.0,30.0,0.0,1907.0,1952.0,46.0,ADJE,
06201550,Yellowstone River Tributary nr Greycliff MT,100700021409,45.7343416666667,-109.715072222222,2.58,3860.0,,15,,,,,,,,,,,< 25 pre-regulation peaks (15)
06201600,Bridger Creek near Greycliff MT,100700021408,45.6913611111111,-109.716261111111,61.3,4080.0,,16,,,,,,,,,,,< 25 pre-regulation peaks (16)
06201650,Work Creek near Reed Point MT,100700040201,45.7030805555556,-109.625119444444,32.4,3820.0,,16,,,,,,,,,,,< 25 pre-regulation peaks (16)
06201700,Hump Creek near Reed Point MT,100700040202,45.7091722222222,-109.592463888889,8.0,3780.0,,53,-0.8522126315535029,0.16513507375444253,46.38081713629281,33.0,53.0,20.0,1960.0,2012.0,53.0,B17B,
06201750,Berry Creek near Columbus MT,100700040301,45.7053638888889,-109.391122222222,23.5,3700.0,,17,,,,,,,,,,,< 25 pre-regulation peaks (17)
06202510,Stillwater River ab Nye Cr nr Nye MT,100700050204,45.3943083333333,-109.869516666667,192.0,4880.0,,13,,,,,,,,,,,< 25 pre-regulation peaks (13)
06202600,Stillwater River at Nye MT,100700050503,45.4375555555556,-109.791547222222,337.0,4770.0,,7,,,,,,,,,,,< 25 pre-regulation peaks (7)
06204050,West Rosebud Creek near Roscoe MT,100700050404,45.2432388888889,-109.731302777778,53.0,6535.6,1966.0,0,,,,,,,,,,,< 25 pre-regulation peaks (0)
06204070,W Rosebud Cr at Emerald Lk Campground nr Roscoe,100700050404,45.2543873454378,-109.699894521552,66.4,6340.0,2006.0,0,,,,,,,,,,,< 25 pre-regulation peaks (0)
06204170,"Meadow Creek nr Dean, MT",100700050401,45.408518130849906,-109.66439079031608,6.05,5086.41,,22,,,,,,,,,,,< 25 pre-regulation peaks (22)
06204500,Rosebud Creek near Absarokee MT,100700050406,45.4865916666667,-109.456130555556,396.0,4160.0,,36,0.30835615160979385,0.16456760885949728,35.858124041303704,35.0,36.0,0.0,1935.0,2022.0,88.0,ADJE,"redundant (nested, DAR <= 5)"
06204700,Rosebud Creek at Absarokee MT,100700050406,45.5235536310113,-109.447944598817,401.0,4030.0,,1,,,,,,,,,,,< 25 pre-regulation peaks (1)
06205000,"Stillwater River near Absarokee, MT",100700050605,45.5367416666667,-109.422055555556,936.0,3957.0,,94,0.10510259906540413,0.06169647831604127,94.0,94.0,94.0,0.0,1911.0,2024.0,114.0,ADJE,
06205100,Allen Creek near Park City MT,100700040405,45.5967805555556,-109.056872222222,7.16,3470.0,,42,-0.7215731024330236,0.1814674328513427,36.56544646919523,24.0,42.0,18.0,1961.0,2002.0,42.0,B17B,
06207500,Clarks Fork Yellowstone River nr Belfry MT,100700060605,45.0099111111111,-109.065366666667,1153.0,3986.24,,101,0.5334875699621585,0.08089526205645471,101.0,101.0,101.0,0.0,1922.0,2022.0,101.0,ADJE,
06207510,Big Sand Cl at Wy-Mont State Line,100700060604,45.0045555555556,-109.058322222222,134.0,4000.0,1973.0,0,,,,,,,,,,,< 25 pre-regulation peaks (0)
06207540,Silver Tip Creek near Belfry MT,100700060609,45.1557666666667,-108.96965,87.1,3900.0,,8,,,,,,,,,,,< 25 pre-regulation peaks (8)
06207600,Jack Creek trib near Belfry MT,100700060705,45.1621708083728,-108.82402641894,0.87,4035.0,,17,,,,,,,,,,,< 25 pre-regulation peaks (17)
06207800,"Bluewater Creek near Bridger, MT",100700061002,45.3313722222222,-108.801475,28.0,3927.0,,15,,,,,,,,,,,< 25 pre-regulation peaks (15)
06208000,Clarks Fork Yellowstone River at Fromberg MT,100700061004,45.3916694444444,-108.895452777778,1953.0,3520.0,,9,,,,,,,,,,,< 25 pre-regulation peaks (9)
06208400,Elbow Creek near Joliet MT,100700061003,45.4547972222222,-108.958161111111,49.0,,,1,,,,,,,,,,,< 25 pre-regulation peaks (1)
06208500,Clarks Fork Yellowstone River at Edgar MT,100700061007,45.4657138888889,-108.844105555556,2045.0,3460.0,,86,0.5515218246607939,0.09326017744729918,86.00000000000001,86.0,86.0,0.0,1922.0,2025.0,104.0,ADJE,
06208800,Clarks Fork Yellowstone River nr Silesia MT,100700061007,45.5129722222222,-108.828411111111,2110.0,3410.0,,17,,,,,,,,,,,< 25 pre-regulation peaks (17)
06209500,Rock Creek near Red Lodge MT,100700060905,45.0861472222222,-109.329188888889,108.0,6400.0,,25,0.5908370574692426,0.2537078818077265,25.0,25.0,25.0,0.0,2000.0,2024.0,25.0,ADJE,"redundant (nested, DAR <= 5)"
06209510,"Rock Creek above Maurice Creek, near Red Lodge, MT",100700060905,45.12077831430212,-109.29654427682262,124.0,6099.42,,52,-0.12608186670704574,0.10727904931573783,52.0,52.0,52.0,0.0,1932.0,1986.0,55.0,ADJE,
06210000,W F Rock Cr bl Basin Cr nr Red Lodge MT,100700060904,45.1545361111111,-109.367433333333,51.1,6290.0,,20,,,,,,,,,,,< 25 pre-regulation peaks (20)
06210500,West Fork Rock Creek near Red Lodge MT,100700060904,45.1528416666667,-109.314333333333,65.1,6205.0,,13,,,,,,,,,,,< 25 pre-regulation peaks (13)
06210950,"Cole Creek near Red Lodge, MT",100700060801,45.2579998954566,-109.314325010504,4.28,5100.0,,21,,,,,,,,,,,< 25 pre-regulation peaks (21)
06211000,Red Lodge Cr ab Cooney Re nr Boyd MT,100700060805,45.43785,-109.253311111111,142.0,4248.0,,89,-0.11228437952057357,0.065203750621736,89.0,89.0,89.0,0.0,1937.0,2025.0,89.0,ADJE,
06211500,Willow Creek near Boyd MT,100700060804,45.4221472222222,-109.230530555556,49.0,4260.0,,88,0.47720234768038927,0.0866057858136248,88.0,88.0,88.0,0.0,1937.0,2024.0,88.0,ADJE,"redundant (nested, DAR <= 5)"
06212500,Red Lodge Cr bl Cooney Reservoir nr Boyd MT,100700060806,45.4499027777778,-109.185402777778,205.0,4139.12,1940.0,2,,,,,,,,,,,< 25 pre-regulation peaks (2)
06213500,Rock Creek at Joliet MT,100700060908,45.4752555555556,-108.997355555556,539.0,3780.0,,8,,,,,,,,,,,< 25 pre-regulation peaks (8)
06214000,Rock Creek at Rockvale MT,100700060908,45.5178777777778,-108.862091666667,562.0,3470.0,,17,,,,,,,,,,,< 25 pre-regulation peaks (17)
06214150,Mills Creek at Rapelje MT,100700040702,45.9674450858466,-109.255445527851,3.85,4025.0,,29,-0.7130862946002253,0.23884849055656227,25.062012579657207,16.0,29.0,13.0,1974.0,2002.0,29.0,B17B,
06214500,Yellowstone River at Billings MT,100700041006,45.800119,-108.468031,11807.0,3081.72,,99,0.030463002647974274,0.05551697151459043,98.79330382076635,96.0,99.0,2.0,1904.0,2024.0,121.0,B17B,
06215000,Pryor Creek above Pryor MT,100700080103,45.3506611111111,-108.565994444444,42.6,4380.0,,12,,,,,,,,,,,< 25 pre-regulation peaks (12)
06215500,Lost Creek near Pryor MT,100700080105,45.3517666666667,-108.491841666667,9.49,4770.0,,3,,,,,,,,,,,< 25 pre-regulation peaks (3)
06216000,Pryor Creek at Pryor MT,100700080105,45.4346777777778,-108.533652777778,118.0,4007.35,,47,1.0772606576313046,0.2289035888271222,46.65749618523564,46.0,47.0,0.0,1922.0,2011.0,90.0,ADJE,
06216200,West Wets Creek nr Billings MT,100700080205,45.62701111111111,-108.40453611111111,8.82,3520.0,,69,-0.6045634676367335,0.11526638847106663,58.394796315158096,32.0,69.0,30.0,1955.0,2023.0,69.0,B17B,
06216300,West Buckeye Creek near Billings MT,100700080205,45.6498111111111,-108.392333333333,2.71,3470.0,,20,,,,,,,,,,,< 25 pre-regulation peaks (20)
06216500,Pryor Creek near Billings MT,100700080303,45.7148944444444,-108.314283333333,430.0,3310.0,,49,0.867139027509384,0.17627704268789798,48.71243789958491,48.0,49.0,0.0,1912.0,1978.0,67.0,ADJE,
06216900,Pryor Creek nr Huntley MT,100700080305,45.8196944444445,-108.290333333333,574.0,3140.0,,25,1.176435921269872,0.38070309509123973,25.0,25.0,25.0,0.0,1978.0,2017.0,40.0,ADJE,"redundant (nested, DAR <= 5)"
06217000,Pryor Creek at Huntley MT,100700080305,45.8869305555556,-108.311769444444,602.0,3011.5,,12,,,,,,,,,,,< 25 pre-regulation peaks (12)
06217300,Twelvemile Creek near Shepherd MT,100700070402,45.9210658470276,-108.462911892007,9.15,3220.0,,52,-0.8865150947079413,0.17096707644603096,42.516348551301085,26.0,52.0,24.0,1973.0,2025.0,53.0,B17B,
06217500,Yellowstone River at Huntley MT,100700070404,45.9042861111111,-108.319697222222,12902.0,3001.0,,9,,,,,,,,,,,< 25 pre-regulation peaks (9)
06217700,North Fork Crooked Creek near Shepherd MT,100700070202,46.073469,-108.503997,6.9,3395.0,,59,0.0464640009761697,0.09087169209053685,58.702192436514686,55.0,59.0,1.0,1962.0,2021.0,60.0,B17B,
06217750,Fly Creek at Pompeys Pillar MT,100700070704,45.9921611111111,-107.952697222222,292.0,2870.0,,14,,,,,,,,,,,< 25 pre-regulation peaks (14)
06217800,Yellowstone R trib no. 2 nr Pompeys Pillar MT,100700071103,46.0417611111111,-107.796769444444,0.67,2850.0,,12,,,,,,,,,,,< 25 pre-regulation peaks (12)
06217950,Buffalo Creek near Custer MT,100700071007,46.1338916666667,-107.630997222222,221.0,2760.0,,4,,,,,,,,,,,< 25 pre-regulation peaks (4)
06286350,Dry Head Cr ab Hoodoo Cr nr Pryor MT,100800100703,45.2193111111111,-108.160958333333,76.0,3760.0,,2,,,,,,,,,,,< 25 pre-regulation peaks (2)
06286390,Black Canyon Creek near St. Xavier MT,100800100903,45.1569583333333,-107.926377777778,44.2,4540.0,,2,,,,,,,,,,,< 25 pre-regulation peaks (2)
06286395,Black Canyon Cr bl Three Springs Cr nr St. Xavier,100800100903,45.2289611111111,-107.950722222222,66.1,3880.0,,2,,,,,,,,,,,< 25 pre-regulation peaks (2)
06287000,Bighorn R bl Yellowtail Afterbay Dam nr St. Xavier,100800150302,45.316902777777784,-107.91888888888889,19670.0,3100.0,1966.0,31,-0.26627259650415114,0.18341684364972916,31.0,31.0,31.0,0.0,1935.0,1965.0,31.0,ADJE,"redundant (nested, DAR <= 5)"
06287500,"Soap Creek near St. Xavier, MT",100800150104,45.326908333333336,-107.76982777777778,94.1,3290.0,,22,,,,,,,,,,,< 25 pre-regulation peaks (22)
06287700,Soap Creek nr mouth nr St. Xavier MT,100800150104,45.378366666666665,-107.79830277777778,109.0,3110.0,,9,,,,,,,,,,,< 25 pre-regulation peaks (9)
06287800,"Bighorn River at bridge, at St. Xavier, MT",100800150305,45.46075277816152,-107.74932825173806,19906.0,3030.0,2011.0,0,,,,,,,,,,,< 25 pre-regulation peaks (0)
06288000,Rotten Grass Creek near St. Xavier MT,100800150203,45.4121666666667,-107.683102777778,146.0,3130.0,,10,,,,,,,,,,,< 25 pre-regulation peaks (10)
06288200,Beauvais Creek near St. Xavier MT,100800150406,45.4770388888889,-108.007963888889,123.0,3350.0,,11,,,,,,,,,,,< 25 pre-regulation peaks (11)
06288400,"Bighorn River at Two Leggins Bridge, near Hardin",100800150609,45.64408631160221,-107.65821643602376,20614.0,2937.0,2012.0,0,,,,,,,,,,,< 25 pre-regulation peaks (0)
06288500,Bighorn River near Hardin MT,100800150704,45.72937777777778,-107.58103888888888,20716.0,2876.68,,26,-0.12624346202049289,0.20120803725044734,25.807540321324957,24.0,26.0,2.0,1904.0,1933.0,30.0,B17B,"redundant (nested, DAR <= 5)"
06289000,Little Bighorn River at State Line nr Wyola MT,100800160204,45.0071111111111,-107.615408333333,182.0,4350.0,,87,-0.36738305876925864,0.08053507102101468,86.8437202378606,86.0,87.0,1.0,1939.0,2025.0,87.0,B17B,
06289500,Little Bighorn River near Wyola MT,100800160205,45.1010222222222,-107.440130555556,259.0,3880.0,,13,,,,,,,,,,,< 25 pre-regulation peaks (13)
06290000,Pass Creek near Wyola MT,100800160209,45.056263888888886,-107.35589999999999,113.0,3920.0,,49,0.5729122255661606,0.1478625949260178,48.78933529948597,48.0,49.0,0.0,1935.0,2009.0,75.0,ADJE,
06290200,Little Bighorn River trib near Wyola MT,100800160210,45.1393,-107.3889388888889,4.35,3680.0,,14,,,,,,,,,,,< 25 pre-regulation peaks (14)
06290500,Little Bighorn R bl Pass Cr nr Wyola MT,100800160210,45.177133,-107.39455,426.0,3600.0,,65,0.5163911206611848,0.11527661119397156,64.0,64.0,64.0,0.0,1939.0,2011.0,73.0,ADJE,
06291000,Owl Creek near Lodge Grass MT,100800160105,45.2679666666667,-107.301383333333,163.0,3460.0,,20,,,,,,,,,,,< 25 pre-regulation peaks (20)
06291200,"Lodge Grass Cr at State Line, nr Wyola, MT",100800160301,45.0056333333333,-107.7748,18.0,6060.0,,7,,,,,,,,,,,< 25 pre-regulation peaks (7)
06291500,"Lodge Grass Cr ab Willow Cr diversion, nr Wyola MT",100800160302,45.119861,-107.606778,82.5,4202.0,,65,-0.03906929977425793,0.08265032719674299,64.78487082348644,62.0,65.0,1.0,1939.0,2011.0,73.0,B17B,
06292500,Lodge Grass Creek near Lodge Grass MT,100800160304,45.2685916666667,-107.451808333333,146.0,3630.0,,8,,,,,,,,,,,< 25 pre-regulation peaks (8)
06293300,Long Otter Creek near Lodge Grass MT,100800160408,45.453989,-107.395939,11.8,3210.0,,40,-0.28033109257457295,0.14803755058923232,38.990417336396526,33.0,40.0,7.0,1973.0,2012.0,40.0,B17B,
06293500,Little Bighorn River nr Crow Agency MT,100800160504,45.568339,-107.452769,1186.0,3062.0,,39,-0.16551136069513503,0.14225758579681927,39.0,39.0,39.0,0.0,1912.0,1960.0,49.0,ADJE,"redundant (nested, DAR <= 5)"
06294000,Little Bighorn River near Hardin MT,100800160505,45.7356861111111,-107.557469444444,1294.0,2882.29,,73,0.6483526518061032,0.11373038693723683,73.0,73.0,73.0,0.0,1953.0,2025.0,73.0,ADJE,
06294400,Andresen Coulee near Custer MT,100800151005,46.0650583333333,-107.542919444444,2.34,2820.0,,62,-0.4792745811139186,0.11540770615692295,58.196363936780834,44.0,62.0,11.0,1963.0,2024.0,62.0,B17B,
06294500,Bighorn River ab Tullock Cr nr Bighorn MT,100800151005,46.124472222222224,-107.46879166666668,22417.0,2702.36,1982.0,0,,,,,,,,,,,< 25 pre-regulation peaks (0)
06294600,East Cabin Cr Tributary nr Hardin MT,100800150901,45.7977055555556,-107.261672222222,8.02,3180.0,,49,-0.03207410099744198,0.10703784127918875,47.79136837883906,34.0,49.0,11.0,1973.0,2021.0,49.0,B17B,
06294690,Tullock Creek near Bighorn MT,100800150906,46.0857083333333,-107.406308333333,447.0,2770.0,,8,,,,,,,,,,,< 25 pre-regulation peaks (8)
06294700,Bighorn River at Bighorn MT,100800151005,46.1470805555556,-107.467347222222,22887.0,2690.0,1967.0,22,,,,,,,,,,,< 25 pre-regulation peaks (22)
06294800,Unknown Creek near Bighorn MT,101000010302,46.1970305555555,-107.409211111111,14.6,2690.0,,17,,,,,,,,,,,< 25 pre-regulation peaks (17)
06294850,Buckingham Coulee near Myers MT,101000010304,46.2362,-107.290519444444,2.61,2820.0,,17,,,,,,,,,,,< 25 pre-regulation peaks (17)
06294900,M F Froze to Death Cr trib nr Ingomar MT,101000010403,46.5813222222222,-107.400469444444,1.37,2990.0,,15,,,,,,,,,,,< 25 pre-regulation peaks (15)
06294930,Sarpy Creek trib near Colstrip MT,101000010605,45.914987855656,-107.133108952511,4.51,3120.0,,50,0.08177455028399067,0.10823587413987583,49.39093615960495,43.0,50.0,7.0,1972.0,2021.0,50.0,B17B,
06294940,Sarpy Creek near Hysham MT,101000010709,46.2385805555556,-107.137147222222,454.0,2680.0,,11,,,,,,,,,,,< 25 pre-regulation peaks (11)
06294950,Starved to Death Creek near Sanders MT,101000010901,46.33195,-107.054988888889,36.9,2620.0,,6,,,,,,,,,,,< 25 pre-regulation peaks (6)
06294960,Anderson Creek at Vananda MT,101000020506,46.3930452725241,-107.008109673445,5.7,2690.0,,13,,,,,,,,,,,< 25 pre-regulation peaks (13)
06294985,East Fork Armells Cr trib nr Colstrip MT,101000011005,46.0669381410745,-106.711421750238,1.89,2860.0,,49,-0.5597227363617144,0.14670208885591857,42.67065408493728,25.0,49.0,24.0,1973.0,2021.0,49.0,B17B,
06294995,Armells Creek near Forsyth MT,101000011107,46.2497305555556,-106.806947222222,370.0,2560.0,,19,,,,,,,,,,,< 25 pre-regulation peaks (19)
06295000,Yellowstone River at Forsyth MT,101000011202,46.266636,-106.691303,40152.0,2508.23,,51,0.30791490347569456,0.12194494197691115,51.0,51.0,51.0,0.0,1921.0,2025.0,105.0,ADJE,"redundant (nested, DAR <= 5)"
06295020,Short Creek nr Forsyth MT,101000011202,46.2955611111111,-106.668566666667,3.24,2550.0,,51,-0.8223242856670384,0.16670611615467879,46.00474068244733,35.0,51.0,16.0,1962.0,2012.0,51.0,B17B,
06295050,Little Porcupine Creek near Forsyth MT,101000011507,46.30435,-106.575127777778,611.0,2480.0,,21,,,,,,,,,,,< 25 pre-regulation peaks (21)
06295100,Rosebud Creek near Kirby MT,101000030103,45.2457166666667,-106.967905555556,35.4,4180.0,,36,-0.1781578556043228,0.1538497480913348,35.18183408150173,29.0,36.0,6.0,1960.0,2002.0,43.0,B17B,
06295113,Rosebud C at Reservation Bndry nr Kirby MT,101000030108,45.36116666666667,-106.99035555555555,124.0,3766.55,2011.0,31,-0.3107605654066741,0.1873621109671725,30.710272545036368,29.0,31.0,2.0,1980.0,2010.0,31.0,B17B,
06295130,Rosebud Creek Tributary near Busby MT,101000030209,45.5801055555556,-106.869027777778,0.1,3310.0,,15,,,,,,,,,,,< 25 pre-regulation peaks (15)
06295200,Whitedirt Creek near Lame Deer MT,101000030303,45.6080555555556,-106.7507,1.58,3290.0,,15,,,,,,,,,,,< 25 pre-regulation peaks (15)
06295220,Rosebud C Bel Lame Deer C nr Lame Deer MT,101000030504,45.6758254457335,-106.7003090036,645.0,3160.0,,10,,,,,,,,,,,< 25 pre-regulation peaks (10)
06295250,Rosebud Creek near Colstrip MT,101000030509,45.76715,-106.569858333333,800.0,3000.0,,33,0.43425823404822117,0.1887476189364213,32.82488517041579,32.0,33.0,0.0,1975.0,2011.0,37.0,ADJE,
06295500,Rosebud Creek near Rosebud MT,101000030611,46.1128277777778,-106.452925,1220.0,2620.0,,6,,,,,,,,,,,< 25 pre-regulation peaks (6)
06295900,"Rosebud Creek at Hwy 447 bridge nr Rosebud, MT",101000030611,46.1980305555556,-106.492569444444,1282.0,2562.0,,1,,,,,,,,,,,< 25 pre-regulation peaks (1)
06296000,Rosebud Creek near Forsyth MT,101000030611,46.1980916666667,-106.484027777778,1285.0,2540.0,,19,,,,,,,,,,,< 25 pre-regulation peaks (19)
06296003,Rosebud Creek at mouth near Rosebud MT,101000030611,46.2646305555556,-106.475230555556,1307.0,2480.0,,34,0.783580105525232,0.2194698495637654,33.73336402251741,33.0,34.0,0.0,1975.0,2015.0,41.0,ADJE,
06296100,Snell Creek near Hathaway MT,101000012007,46.2912222222222,-106.144222222222,11.0,2473.0,,56,-0.8679425539112764,0.16031662369368266,46.854760267079904,30.0,56.0,23.0,1963.0,2021.0,59.0,B17B,
06296115,Reservation Creek near Miles City MT,101000012009,46.3772245494322,-105.973062758772,6.23,2440.0,,50,-0.8267772915268904,0.16957523839235494,42.20738362403351,27.0,50.0,23.0,1973.0,2022.0,50.0,B17B,
06306100,Squirrel Creek nr Decker MT,100901010403,45.0514527777778,-106.9272,33.6,3680.0,,10,,,,,,,,,,,< 25 pre-regulation peaks (10)
06306300,Tongue River at State Line nr Decker MT,100901010407,45.00913611111111,-106.83594444444444,1453.0,3431.0,2018.0,57,0.19637193184214338,0.10322380591276958,56.05066730928717,49.0,57.0,8.0,1961.0,2017.0,57.0,B17B,
06306500,Tongue River near Decker MT,100901010503,45.0305833333333,-106.813644444444,1597.0,3430.0,,11,,,,,,,,,,,< 25 pre-regulation peaks (11)
06306900,Spring Creek near Decker MT,100901010502,45.0858090576874,-106.83728725179,37.2,3500.0,,29,0.11534142532795799,0.18131759230489383,28.814113686758617,27.0,29.0,2.0,1958.0,1986.0,29.0,B17B,
06306950,South Fork Leaf Rock Creek near Kirby MT,100901010504,45.1876861111111,-106.915513888889,6.2,3950.0,,38,-1.1357575365238028,0.2798588295036977,33.206799227853175,26.0,38.0,11.0,1958.0,1996.0,39.0,B17B,
06307500,Tongue River at Tongue R Dam nr Decker MT,100901010802,45.141275,-106.771356,1784.0,3336.74,1939.0,0,,,,,,,,,,,< 25 pre-regulation peaks (0)
06307520,"Canyon Creek near Birney, MT",100901010803,45.2410944440518,-106.67616235327,50.3,3243.0,,20,,,,,,,,,,,< 25 pre-regulation peaks (20)
06307525,Prairie Dog Cr ab Jack Cr nr Birney MT,100901010804,45.3354444444444,-106.774308333333,6.55,3850.0,,5,,,,,,,,,,,< 25 pre-regulation peaks (5)
06307528,Prairie Dog Creek near Birney MT,100901010804,45.2913333333333,-106.682913888889,19.7,3390.0,,6,,,,,,,,,,,< 25 pre-regulation peaks (6)
06307560,East Trail Creek near Otter MT,100901010605,45.0692444444445,-106.410297222222,32.2,3570.0,,5,,,,,,,,,,,< 25 pre-regulation peaks (5)
06307600,Hanging Woman Creek near Birney MT,100901010704,45.2990638888889,-106.508166666667,467.0,3150.0,,35,-1.1391913280299464,0.296128912814966,29.177480987053173,21.0,35.0,13.0,1974.0,2017.0,44.0,B17B,
06307616,Tongue R at Birney Day School Br nr Birney MT,100901020403,45.4116055555556,-106.457352777778,2634.0,3060.0,1980.0,0,,,,,,,,,,,< 25 pre-regulation peaks (0)
06307620,Tie Creek near Birney,100901020405,45.4726611111111,-106.530725,18.4,3470.0,,13,,,,,,,,,,,< 25 pre-regulation peaks (13)
06307640,Spring Creek near Ashland MT,100901020411,45.5515916666667,-106.285688888889,1.59,2980.0,,15,,,,,,,,,,,< 25 pre-regulation peaks (15)
06307660,Walking Horse Creek near Ashland MT,100901020411,45.6080194444444,-106.288186111111,3.26,2950.0,,16,,,,,,,,,,,< 25 pre-regulation peaks (16)
06307662,"Tongue River at Ashland, MT",100901020411,45.597750000000005,-106.27494444444444,2900.0,2903.0,2022.0,0,,,,,,,,,,,< 25 pre-regulation peaks (0)
06307700,Cow Cr nr Fort Howes Ranger Stat nr Otter MT,100901020210,45.2888830109906,-106.154461800955,8.59,3290.0,,50,-0.07581348063587154,0.10784773413866076,49.58183615761147,45.0,50.0,3.0,1972.0,2021.0,50.0,B17B,
06307717,Otter Cr bl Fifteenmile Cr nr Otter MT,100901020210,45.4029972222222,-106.142455555556,451.0,3140.0,,4,,,,,,,,,,,< 25 pre-regulation peaks (4)
06307720,Brian Creek near Ashland MT,100901020210,45.4102742229386,-106.152513482621,8.08,3140.0,,50,-0.4371534897812937,0.13408658839554632,46.51917680237323,33.0,50.0,13.0,1973.0,2024.0,52.0,B17B,
06307740,Otter Creek at Ashland MT,100901020305,45.5883888888889,-106.255055555556,710.0,2916.5,,34,-0.017914822321275684,0.1493889775469051,34.0,34.0,34.0,0.0,1973.0,2016.0,44.0,ADJE,
06307760,Stebbins Creek near Ashland MT,100901020502,45.6198777777778,-106.409983333333,5.44,3400.0,,15,,,,,,,,,,,< 25 pre-regulation peaks (15)
06307780,Stebbins Creek at Mouth near Ashland MT,100901020502,45.6406138888889,-106.293741666667,19.9,2950.0,,29,-0.6915729802571308,0.23649122472203093,27.985971890198623,25.0,29.0,4.0,1963.0,1991.0,29.0,B17B,
06307800,Tongue River near Ashland MT,100901020505,45.7813777777778,-106.269261111111,3763.0,2790.0,1967.0,0,,,,,,,,,,,< 25 pre-regulation peaks (0)
06307830,Tongue R bl Brandenberg bridge nr Ashland MT,100901020701,45.8403861111111,-106.223433333333,3882.0,2760.0,1974.0,0,,,,,,,,,,,< 25 pre-regulation peaks (0)
06307930,Jack Creek near Volborg MT,100901021303,46.0819463251889,-105.85277501091,5.43,2630.0,,29,-0.9778311611373652,0.2859258987021517,25.80419682686659,20.0,29.0,9.0,1973.0,2001.0,29.0,B17B,
06307990,"Tongue R ab T & Y Div Dam nr Miles City, MT",100901021306,46.187502175177,-105.779996048959,4505.0,,2005.0,0,,,,,,,,,,,< 25 pre-regulation peaks (0)
06308100,Sixmile Creek trib near Epsie MT,100901021002,45.5241619437402,-105.753329236001,0.79,3480.0,,20,,,,,,,,,,,< 25 pre-regulation peaks (20)
06308200,Basin Creek Tributary near Volborg MT,100901021203,45.885641666666665,-105.68244166666668,0.13,2900.0,,67,0.12785956519460256,0.08534538809038965,65.31681781633164,51.0,67.0,13.0,1955.0,2024.0,70.0,B17B,
06308300,Basin Creek near Volborg MT,100901021203,45.8860944444444,-105.664702777778,11.1,2850.0,,19,,,,,,,,,,,< 25 pre-regulation peaks (19)
06308330,Deer Creek trib near Volborg MT,100901021207,46.0344222222222,-105.521827777778,1.68,2780.0,,52,-0.11202261764783543,0.10635866911341808,52.0,52.0,52.0,0.0,1973.0,2024.0,52.0,ADJE,
06308340,La Grange Creek near Volborg MT,100901021209,46.1047243173712,-105.556098891051,3.64,2660.0,,48,0.22916533753682905,0.12261874086589444,48.00000000000001,48.0,48.0,0.0,1973.0,2021.0,49.0,ADJE,
06308400,Pumpkin Creek near Miles City MT,100901021212,46.2283555555556,-105.690608333333,696.0,2490.0,,27,-0.686081557112496,0.24908740847849165,27.0,27.0,27.0,0.0,1973.0,2018.0,46.0,ADJE,
06308500,"Tongue River at Miles City, MT",100901021310,46.3845944444444,-105.845522222222,5405.0,2351.4,1938.0,0,,,,,,,,,,,< 25 pre-regulation peaks (0)
06309000,"Yellowstone River at Miles City, MT",101000012602,46.4207722222222,-105.860033333333,48287.7,2333.3,1965.0,37,-0.4726116612306621,0.1751940651834178,36.81506788502372,36.0,37.0,1.0,1923.0,1964.0,42.0,B17B,"redundant (nested, DAR <= 5)"
06309020,Rock Springs Cr trib at Rock Springs MT,101000012203,46.8222361111111,-106.254436111111,1.16,2970.0,,17,,,,,,,,,,,< 25 pre-regulation peaks (17)
06309040,"Dry House Creek near Angela, MT",101000012204,46.6872138888889,-106.174786111111,36.7,2762.0,,16,,,,,,,,,,,< 25 pre-regulation peaks (16)
06309060,"N F Sunday C Tributary no. 2, nr Angela, MT",101000012501,46.566649999999996,-106.06471111111111,0.3,2642.0,,30,-0.468584759286965,0.20754938740198292,30.0,30.0,30.0,0.0,1962.0,1991.0,30.0,ADJE,
06309075,Sunday Creek near Miles City MT,101000012505,46.4727083333333,-105.843466666667,717.0,2380.0,,10,,,,,,,,,,,< 25 pre-regulation peaks (10)
06309078,Tree Coulee near Kinsey MT,101000012605,46.5547583333333,-105.797175,4.09,2425.0,,30,0.4582623195938187,0.20654521884786273,29.81835011281999,29.0,30.0,0.0,1972.0,2002.0,31.0,ADJE,
06309080,Deep Creek near Kinsey MT,101000012609,46.5567611111111,-105.620688888889,11.6,2320.0,,64,0.0807553187666474,0.08621406316668438,63.40236257126013,57.0,64.0,6.0,1962.0,2025.0,64.0,B17B,
06309090,Ash Creek nr Locate MT,101000012701,46.3659083333333,-105.497402777778,6.27,3040.0,,15,,,,,,,,,,,< 25 pre-regulation peaks (15)
06324500,Powder River at Moorhead MT,100902070203,45.0571972222222,-105.878377777778,8029.0,3350.6,2018.0,88,0.6732312876821931,0.10031529749646731,83.67027850947434,71.0,88.0,16.0,1923.0,2017.0,95.0,B17B,
06324700,Sand Creek near Broadus MT,100902070305,45.429608333333334,-105.44356388888889,10.2,3090.0,,30,-0.6091295335291349,0.22171742777994072,28.30885926559732,23.0,30.0,7.0,1955.0,1984.0,30.0,B17B,
06324710,Powder River at Broadus MT,100902070306,45.4274305555556,-105.402719444444,8664.0,3016.3,,17,,,,,,,,,,,< 25 pre-regulation peaks (17)
06324995,Badger Creek at Biddle MT,100902080702,45.09625,-105.338527777778,6.11,3310.0,,53,-0.48564049946146826,0.13166905640692736,49.316023752123094,36.0,53.0,11.0,1972.0,2025.0,54.0,B17B,
06325400,East Fork Little Powder River trib nr Hammond MT,100902080604,45.3002916666667,-105.099166666667,3.48,3250.0,,11,,,,,,,,,,,< 25 pre-regulation peaks (11)
06325500,Little Powder River near Broadus MT,100902080707,45.3898444444444,-105.305352777778,1962.0,3020.0,,25,-0.26967034060988554,0.22151916193665094,24.8675639107812,24.0,25.0,0.0,1947.0,1978.0,32.0,ADJE,
06325700,Deep Creek near Powderville MT,100902090503,45.8136333333333,-105.065913888889,3.02,2850.0,,49,-0.410479770552421,0.13418842757544128,48.83183969182372,48.0,49.0,1.0,1973.0,2021.0,49.0,B17B,
06325950,Cut Coulee near Mizpah MT,100902090902,46.1438722222222,-105.168691666667,2.3,2670.0,,47,0.30548778233292806,0.13063201743764513,47.0,47.0,47.0,0.0,1973.0,2019.0,47.0,ADJE,
06326300,Mizpah Creek near Mizpah MT,100902100304,46.2607416666667,-105.293402777778,803.0,2490.0,,12,,,,,,,,,,,< 25 pre-regulation peaks (12)
06326400,Meyers Creek near Locate MT,100902091104,46.3879777777778,-105.278875,9.35,2520.0,,16,,,,,,,,,,,< 25 pre-regulation peaks (16)
06326500,Powder River near Locate MT,100902091105,46.4294361111111,-105.310330555556,13060.0,2384.7,,88,-0.14061252590562204,0.06729222288807983,88.0,88.0,88.0,0.0,1938.0,2025.0,88.0,ADJE,
06326510,Locate Creek trib near Locate MT,100902091202,46.4310666666667,-105.181888888889,0.9,2660.0,,19,,,,,,,,,,,< 25 pre-regulation peaks (19)
06326550,Cherry Creek trib near Terry MT,101000040205,46.8551277777778,-105.341230555556,2.6,2340.0,,19,,,,,,,,,,,< 25 pre-regulation peaks (19)
06326555,Cherry Creek near Terry MT,101000040205,46.8500972222222,-105.324652777778,365.0,2301.0,,7,,,,,,,,,,,< 25 pre-regulation peaks (7)
06326580,Lame Jones Creek trib near Willard MT,101000050201,46.194075,-104.552163888889,0.5,2825.0,,50,-0.828753484607495,0.16977731837652596,44.59218021032918,33.0,50.0,11.0,1974.0,2024.0,51.0,B17B,
06326600,O'Fallon Creek near Ismay MT,101000050707,46.4205694444444,-104.761022222222,663.0,2590.0,,31,-1.074831678828359,0.30052707273344786,27.16096848371699,21.0,31.0,10.0,1962.0,1992.0,31.0,B17B,
06326650,O'fallon Creek Tributary near Ismay MT,101000050707,46.4192916666667,-104.742444444444,0.15,2750.0,,15,,,,,,,,,,,< 25 pre-regulation peaks (15)
06326700,Deep Creek near Baker MT,101000050502,46.2990277777778,-104.301022222222,3.8,3080.0,,16,,,,,,,,,,,< 25 pre-regulation peaks (16)
06326800,"Pennel Creek trib near Baker, MT",101000050801,46.4781,-104.2411,1.0,3083.0,,30,0.8323687788268597,0.24623633602222555,30.0,30.0,30.0,0.0,1962.0,1991.0,30.0,ADJE,
06326850,O'fallon Creek at Mildred MT,101000051004,46.6724305555556,-104.967647222222,1390.0,2340.0,,3,,,,,,,,,,,< 25 pre-regulation peaks (3)
06326900,Yellowstone River trib no. 4 nr Fallon MT,101000040705,46.863561,-105.109603,0.63,2258.0,,15,,,,,,,,,,,< 25 pre-regulation peaks (15)
06326940,Spring Creek trib near Fallon MT,101000040605,46.8016916666667,-104.991088888889,4.05,2470.0,,50,-0.4345238712914167,0.13387426060059582,47.681904289873046,38.0,50.0,10.0,1972.0,2021.0,50.0,B17B,
06326950,Yellowstone River Tributary no. 5 nr Marsh MT,101000040707,46.9524138888889,-104.8985,0.95,2300.0,,63,-0.5511522062529919,0.11946954781901842,53.42468789148905,28.0,63.0,28.0,1962.0,2024.0,63.0,B17B,
06326952,Clear Creek near Lindsay MT,101000040803,47.0786611111111,-105.102625,101.0,2520.0,,5,,,,,,,,,,,< 25 pre-regulation peaks (5)
06326953,Clear Creek near Hoyt MT,101000040804,47.0013992450997,-104.942470045593,138.0,,,1,,,,,,,,,,,< 25 pre-regulation peaks (1)
06326960,Timber Fork Up Sevenmile C trib nr Lindsay MT,101000041003,47.1825333333333,-105.172708333333,1.1,2706.0,,48,-0.5602345223069044,0.14917026527211572,44.44005447007694,33.0,48.0,12.0,1974.0,2021.0,48.0,B17B,
06327450,Cains Coulee at Glendive MT,101000041105,47.09420555555556,-104.71326666666667,3.64,2061.11,,34,-0.8455938686066296,0.2264150591718922,30.47707818150052,23.0,34.0,11.0,1991.0,2024.0,34.0,B17B,
06327500,"Yellowstone River at Glendive, MT",101000041105,47.10588888888889,-104.71843055555556,66731.0,2001.43,,33,-0.1415150098829289,0.16330378421262493,32.90185544006222,32.0,33.0,1.0,1903.0,2024.0,122.0,B17B,"redundant (nested, DAR <= 5)"
06327550,South Fork Horse Cr trib nr Wibaux MT,101000041201,46.8014277777778,-104.380969444444,1.33,2825.0,,51,-0.1974000279876335,0.11402271389130253,47.51401948899741,27.0,51.0,19.0,1973.0,2024.0,52.0,B17B,
06327700,Griffith Creek near Glendive MT,101000041207,47.1033916666667,-104.561775,16.7,2210.0,,11,,,,,,,,,,,< 25 pre-regulation peaks (11)
06327720,Griffith Creek trib near Glendive MT,101000041207,47.10554722222222,-104.59725555555555,3.5,2185.58,,53,-0.04515764959041874,0.10029909386600429,52.46413353565859,46.0,53.0,4.0,1965.0,2025.0,61.0,B17B,
06327790,Krug Creek trib no 2 near Wibaux MT,101000041206,47.008325,-104.30595,0.42,2825.0,2015.0,41,-0.18422215014450602,0.1374269538496247,39.64114278797998,30.0,41.0,11.0,1974.0,2014.0,41.0,B17B,
06327800,Krug Creek Tributary near Wibaux MT,101000041206,47.0185916666667,-104.323777777778,1.81,2720.0,,7,,,,,,,,,,,< 25 pre-regulation peaks (7)
06328100,Yellowstone River trib no 6 nr Glendive MT,101000041903,47.1568694444444,-104.654638888889,2.93,1950.0,,50,-0.05024565421152496,0.10619867581768391,47.92605116400047,28.0,50.0,17.0,1974.0,2024.0,51.0,B17B,
06328200,Lower Sevenmile Creek near Bloomfield MT,101000041401,47.3277333333333,-104.917280555556,25.2,2590.0,,5,,,,,,,,,,,< 25 pre-regulation peaks (5)
06328400,Thirteenmile Cr trib nr Bloomfield MT,101000041502,47.412989,-104.833261,0.61,2525.0,,19,,,,,,,,,,,< 25 pre-regulation peaks (19)
06328700,"Linden Creek at Intake, MT",101000041904,47.29458888888889,-104.52153888888888,4.1,2021.0,,17,,,,,,,,,,,< 25 pre-regulation peaks (17)
06328800,"Indian Creek at Intake, MT",101000041904,47.28898888888889,-104.52751111111111,0.6,2022.0,,16,,,,,,,,,,,< 25 pre-regulation peaks (16)
06328900,War Dance Creek near Intake MT,101000041904,47.3270333333333,-104.488269444444,3.74,2080.0,,17,,,,,,,,,,,< 25 pre-regulation peaks (17)
06329200,Burns Creek near Savage MT,101000041806,47.3722555555556,-104.430002777778,234.0,2000.0,,21,,,,,,,,,,,< 25 pre-regulation peaks (21)
06329350,Alkali Creek near Sidney MT,101000042207,47.5094611111111,-104.117822222222,0.81,2260.0,,46,0.11909121588592443,0.11941431201071541,45.6209146274079,42.0,46.0,3.0,1974.0,2019.0,46.0,B17B,
06329500,Yellowstone River near Sidney MT,101000042209,47.677413888888886,-104.15541111111112,69099.0,1882.87,,112,-0.14297665296362336,0.05422215173778495,112.0,112.0,112.0,0.0,1911.0,2024.0,114.0,ADJE,
06329510,Fox Creek trib near Lambert MT,101000042103,47.6492777777778,-104.6149,5.16,2375.0,,24,,,,,,,,,,,< 25 pre-regulation peaks (24)
06329570,First Hay Creek near Sidney MT,101000042503,47.8359166666667,-104.274802777778,29.2,2170.0,,42,-0.8586213342674565,0.1958711663724774,39.55998405583989,34.0,42.0,8.0,1963.0,2004.0,42.0,B17B,
06333850,"North Creek near Alzada, MT",101102010304,45.0645944444444,-104.533722222222,0.725,3493.0,,24,,,,,,,,,,,< 25 pre-regulation peaks (24)
06334000,Little Missouri River near Alzada MT,101102010505,45.0761388888889,-104.4096,905.0,3367.0,,53,-0.6249850932555376,0.143506479919763,52.54832987354892,51.0,53.0,2.0,1912.0,1969.0,58.0,B17B,
06334100,Wolf Creek near Hammond MT,101102010402,45.1642972222222,-104.756211111111,10.1,3580.0,,48,-0.9100236797676833,0.1878564935787459,42.95120169266873,33.0,48.0,15.0,1955.0,2002.0,48.0,B17B,
06334200,Willow Creek near Alzada MT,101102010404,45.1076,-104.594294444444,122.0,3470.0,,16,,,,,,,,,,,< 25 pre-regulation peaks (16)
06334330,Little Missouri River trib nr Albion MT,101102010602,45.2173888888889,-104.257961111111,0.28,3301.0,,54,0.24119208418931548,0.11137138040871182,51.378995789176805,36.0,54.0,14.0,1972.0,2025.0,54.0,B17B,
06334610,Hawksnest Creek Tributary near Albion MT,101102020205,45.3870944444444,-104.477686111111,0.86,3436.0,,30,-0.03722898527392388,0.16947383292068163,28.714327718625366,16.0,30.0,14.0,1973.0,2002.0,30.0,B17B,
06334625,Coal Creek tributary near Mill Iron MT,101102020601,45.9030611111111,-104.361883333333,0.88,3350.0,,48,-0.04499397441664044,0.1099517662070565,47.020075885581655,36.0,48.0,7.0,1974.0,2021.0,48.0,B17B,
06334630,Boxelder Creek at Webster MT,101102020607,45.906781,-104.057633,1097.0,2950.0,,15,,,,,,,,,,,< 25 pre-regulation peaks (15)
06334640,NF Coal Bank Cr Mill Iron MT,101102020605,45.9431361111111,-104.092811111111,15.5,3040.0,,15,,,,,,,,,,,< 25 pre-regulation peaks (15)
06334720,Soda Creek trib nr Webster MT,101102020606,46.00985,-104.093538888889,2.33,3100.0,,30,-0.107141022656782,0.1751331301019142,29.417588190052854,24.0,30.0,6.0,1962.0,1991.0,30.0,B17B,
06336447,Duck Creek near Wibeaux MT,101102040203,46.8749194444444,-104.155613888889,43.0,,,7,,,,,,,,,,,< 25 pre-regulation peaks (7)
06336450,Spring Creek nr Wibaux MT,101102040204,46.8843888888889,-104.20035,3.91,2760.0,,18,,,,,,,,,,,< 25 pre-regulation peaks (18)
06336500,Beaver Creek at Wibaux MT,101102040207,46.9899222222222,-104.183766666667,376.0,2650.0,,40,1.824252045416829,0.4967554246735298,31.182470592205217,23.0,40.0,14.0,1872.0,1983.0,112.0,B17B,
06336510,Upper Hay Cr tributary No. 2 nr Wibaux MT,101102040206,46.9918666666667,-104.102925,3.88,2722.0,,5,,,,,,,,,,,< 25 pre-regulation peaks (5)
06336515,Hay Creek near Wibaux MT,101102040206,47.04055,-104.134877777778,11.5,2618.0,,5,,,,,,,,,,,< 25 pre-regulation peaks (5)
06336545,"Little Beaver Creek near Wibaux, MT",101102040304,47.0619611111111,-104.092466666667,98.7,2559.0,,4,,,,,,,,,,,< 25 pre-regulation peaks (4)
12300200,Young Creek near Rexford MT,170101010902,48.9620194444445,-115.191577777778,35.4,2484.0,,2,,,,,,,,,,,< 25 pre-regulation peaks (2)
12300400,Cayuse Creek near Trego MT,170101010701,48.6091944444444,-115.029561111111,5.44,3890.0,,13,,,,,,,,,,,< 25 pre-regulation peaks (13)
12300500,Fortine Creek near Trego MT,170101010704,48.6440111111111,-114.911188888889,109.0,3340.0,,23,,,,,,,,,,,< 25 pre-regulation peaks (23)
12300800,"Deep Creek near Fortine, MT",170101010705,48.76143888888889,-114.87669444444444,18.5,3000.0,,33,-0.19165884688495186,0.16740476981406427,33.0,33.0,33.0,0.0,1959.0,1991.0,33.0,ADJE,
12301250,"Tobacco River at Eureka, MT",170101010806,48.8779472222222,-115.054461111111,396.2,2555.12,,9,,,,,,,,,,,< 25 pre-regulation peaks (9)
12301300,Tobacco River near Eureka MT,170101010806,48.8935916666667,-115.087852777778,419.0,2518.85,,59,-0.2531334467943305,0.10384442256260307,58.87324323329582,58.0,59.0,0.0,1948.0,2016.0,69.0,ADJE,
12301500,Kootenai River near Rexford MT,170101010908,48.8724861111111,-115.228886111111,8398.0,2244.1,,17,,,,,,,,,,,< 25 pre-regulation peaks (17)
12301550,Pinkham Creek near Rexford MT,170101010907,48.8322611111111,-115.228233333333,75.8,2638.57,,9,,,,,,,,,,,< 25 pre-regulation peaks (9)
12301700,Kootenai River Tributary nr Rexford MT,170101011104,48.7984861111111,-115.296366666667,0.6,2280.0,,12,,,,,,,,,,,< 25 pre-regulation peaks (12)
12301800,Gold Creek near Rexford MT,170101011104,48.7855055555556,-115.316961111111,6.13,2260.0,,11,,,,,,,,,,,< 25 pre-regulation peaks (11)
12301810,Big Creek near Rexford MT,170101011003,48.7478111111111,-115.353708333333,136.0,2500.43,,10,,,,,,,,,,,< 25 pre-regulation peaks (10)
12301850,Kootenai River at Worland bridge nr Libby MT,170101011208,48.5008194444444,-115.284283333333,8907.0,2145.4,,10,,,,,,,,,,,< 25 pre-regulation peaks (10)
12301900,Little Jackson Creek near Libby MT,170101011208,48.4491416666667,-115.324608333333,2.39,2180.0,,8,,,,,,,,,,,< 25 pre-regulation peaks (8)
12301933,Kootenai River bl Libby Dam nr Libby MT,170101011211,48.4006638888889,-115.318719444444,8999.0,2100.0,1972.0,0,,,,,,,,,,,< 25 pre-regulation peaks (0)
12301993,Wolf Creek trib near Libby MT,170101020302,48.3980444444444,-114.918919444444,2.47,3240.0,,11,,,,,,,,,,,< 25 pre-regulation peaks (11)
12301997,Richards Creek near Libby MT,170101020306,48.2585555555556,-115.199877777778,9.48,2720.0,,19,,,,,,,,,,,< 25 pre-regulation peaks (19)
12301999,Wolf Creek near Libby MT,170101020306,48.2335671574251,-115.284883479733,216.0,2544.88,,11,,,,,,,,,,,< 25 pre-regulation peaks (11)
12302000,Fisher River near Jennings MT,170101020406,48.2468305555556,-115.292902777778,784.0,2433.94,,21,,,,,,,,,,,< 25 pre-regulation peaks (21)
12302050,Peoples Creek near Libby MT,170101020406,48.338375,-115.315086111111,2.58,2200.0,,8,,,,,,,,,,,< 25 pre-regulation peaks (8)
12302055,Fisher River near Libby MT,170101020406,48.3556027777778,-115.31465,842.0,2134.1,,57,0.19858448208105242,0.10336932934087095,56.88748839008606,56.0,57.0,0.0,1948.0,2024.0,77.0,ADJE,
12302400,Shaughnessy Creek near Libby MT,170101011303,48.3030916666667,-115.594808333333,1.21,2820.0,,33,0.4210191833504198,0.1875156644880975,33.0,33.0,33.0,0.0,1959.0,1991.0,33.0,ADJE,
12302500,Granite Creek near Libby MT,170101011303,48.3018027777778,-115.592366666667,23.7,2780.0,,22,,,,,,,,,,,< 25 pre-regulation peaks (22)
12303000,Kootenai River at Libby MT,170101011505,48.4002194444444,-115.553644444444,10179.0,2041.54,1972.0,61,-0.570234267808687,0.12412018442511571,59.2399496377129,53.0,61.0,8.0,1911.0,1971.0,61.0,B17B,
12303100,Flower Creek near Libby MT,170101011501,48.3448388888889,-115.606569444444,11.2,2866.0,,32,0.39908562592970975,0.19032742644363762,32.0,32.0,32.0,0.0,1961.0,1992.0,32.0,ADJE,
12303400,Ross Creek near Troy MT,170101011601,48.2070694444444,-115.870922222222,23.8,2420.0,,20,,,,,,,,,,,< 25 pre-regulation peaks (20)
12303440,Camp Creek near Troy MT,170101011603,48.3209611111111,-115.824461111111,11.4,2440.0,,20,,,,,,,,,,,< 25 pre-regulation peaks (20)
12303500,Lake Creek at Troy MT,170101011605,48.4468611111111,-115.877136111111,204.0,1900.0,,28,0.5846460985562657,0.23142737537071928,27.784943664878732,27.0,28.0,0.0,1945.0,1996.0,52.0,ADJE,"redundant (nested, DAR <= 5)"
12304000,Callahan Creek at Troy MT,170101011704,48.4554984621858,-115.892949774304,85.8,1900.0,,1,,,,,,,,,,,< 25 pre-regulation peaks (1)
12304040,Basin Creek near Yaak MT,170101030101,48.9305472222222,-115.481630555556,27.5,3830.0,,11,,,,,,,,,,,< 25 pre-regulation peaks (11)
12304060,Blacktail Creek near Yaak MT,170101030102,48.9508222222222,-115.542033333333,10.1,3430.0,,14,,,,,,,,,,,< 25 pre-regulation peaks (14)
12304120,Zulu Creek near Yaak MT,170101030305,48.7302298879964,-115.642678868628,5.33,3680.0,,13,,,,,,,,,,,< 25 pre-regulation peaks (13)
12304200,Yaak River near Yaak MT,170101030405,48.8275638888889,-115.812077777778,521.0,2895.0,,7,,,,,,,,,,,< 25 pre-regulation peaks (7)
12304250,Whitetail Creek near Yaak MT,170101030405,48.8287166666667,-115.813927777778,2.53,2930.0,,15,,,,,,,,,,,< 25 pre-regulation peaks (15)
12304300,Cyclone Creek near Yaak MT,170101030502,48.7500888888889,-115.902627777778,5.69,2790.0,,32,1.2854246941496992,0.36275450558024763,32.0,32.0,32.0,0.0,1960.0,1991.0,32.0,ADJE,
12304400,Fourth of July Creek near Yaak MT,170101030502,48.7010638888889,-115.868705555556,7.77,2650.0,,15,,,,,,,,,,,< 25 pre-regulation peaks (15)
12304500,Yaak River near Troy MT,170101030505,48.5617222222222,-115.970158333333,792.0,1839.0,,71,-0.6635890053093537,0.11742878020547003,68.27449955437069,60.0,71.0,9.0,1948.0,2024.0,77.0,B17B,
12323170,Silver Bow Cr ab Blacktail Cr at Butte MT,170102010203,46.00235,-112.513261111111,21.7,5470.8,,11,,,,,,,,,,,< 25 pre-regulation peaks (11)
12323200,Blacktail Creek near Butte MT,170102010202,45.8892777777778,-112.464755555556,14.6,5720.0,,5,,,,,,,,,,,< 25 pre-regulation peaks (5)
12323220,Basin Creek near Butte MT,170102010201,45.9190833333333,-112.508194444444,37.8,,,1,,,,,,,,,,,< 25 pre-regulation peaks (1)
12323233,"Blacktail Creek above Grove Gulch, at Butte, MT",170102010204,45.9912694444444,-112.527358333333,90.1,5457.0,2021.0,1,,,,,,,,,,,< 25 pre-regulation peaks (1)
12323240,Blacktail Creek at Butte MT,170102010204,45.9946694444444,-112.535713888889,90.9,5430.0,,32,-0.22185696087422188,0.17460072687958042,32.0,32.0,32.0,0.0,1989.0,2020.0,32.0,ADJE,"redundant (nested, DAR <= 5)"
12323242,"Silver Bow Creek at Montana Street, at Butte, MT",170102010204,45.9957277777778,-112.538761111111,116.0,5449.0,2021.0,0,,,,,,,,,,,< 25 pre-regulation peaks (0)
12323248,"Silver Bow Cr ab wastewater plnt outflow, at Butte",170102010204,45.9969277777778,-112.562861111111,124.74,5411.18,,1,,,,,,,,,,,< 25 pre-regulation peaks (1)
12323250,"Silver Bow Cr bl Blacktail Cr, at Butte, MT",170102010204,45.99916666666667,-112.57732222222222,124.75,5420.0,,42,0.030311147362407972,0.12344750678361324,42.0,42.0,42.0,0.0,1984.0,2025.0,42.0,ADJE,
12323300,Smith Gulch near Silver Bow MT,170102010205,45.9570333333333,-112.663702777778,4.52,5510.0,,43,0.008597757042088617,0.11930085011098777,42.937075581931886,42.0,43.0,0.0,1959.0,2002.0,44.0,ADJE,
12323500,German Gulch near Ramsay MT,170102010206,46.0146,-112.793247,40.9,5200.0,,16,,,,,,,,,,,< 25 pre-regulation peaks (16)
12323600,Silver Bow Creek at Opportunity MT,170102010209,46.1077583333333,-112.805283333333,343.0,4912.0,,36,0.2466709295936758,0.1593996905504415,36.0,36.0,36.0,0.0,1989.0,2024.0,36.0,ADJE,"redundant (nested, DAR <= 5)"
12323670,"Mill Creek nr Anaconda, MT",170102010208,46.0829722222222,-112.917188888889,39.5,5470.0,,20,,,,,,,,,,,< 25 pre-regulation peaks (20)
12323700,"Mill Creek at Opportunity, MT",170102010208,46.11360277777778,-112.82806111111111,42.4,4965.0,,23,,,,,,,,,,,< 25 pre-regulation peaks (23)
12323710,"Willow Creek nr Anaconda, MT",170102010207,46.0645111111111,-112.893530555556,13.7,5190.0,,20,,,,,,,,,,,< 25 pre-regulation peaks (20)
12323720,"Willow Creek at Opportunity, MT",170102010207,46.1071638888889,-112.810611111111,28.6,4930.0,,23,,,,,,,,,,,< 25 pre-regulation peaks (23)
12323750,Silver Bow Creek at Warm Springs MT,170102010401,46.1794972222222,-112.780561111111,473.0,4787.95,,42,-0.18284609248500616,0.1344010358005464,41.89129999304655,41.0,42.0,0.0,1972.0,2025.0,54.0,ADJE,"redundant (nested, DAR <= 5)"
12323760,Warm Springs Creek near Anaconda MT,170102010305,46.1336666666667,-112.903152777778,156.0,5150.0,,27,-0.42492999502970746,0.22190664421760115,27.0,27.0,27.0,0.0,1998.0,2024.0,27.0,ADJE,
12323770,Warm Springs Creek at Warm Springs MT,170102010401,46.180375,-112.785077777778,160.0,4810.0,,42,-0.73129907362025,0.18245375943768813,42.0,42.0,42.0,0.0,1984.0,2025.0,42.0,ADJE,
12323800,Clark Fork near Galen MT,170102010401,46.2082416666667,-112.76735,656.0,4749.0,,37,-0.7219189133187806,0.19966168915007573,37.0,37.0,37.0,0.0,1989.0,2025.0,37.0,ADJE,"redundant (nested, DAR <= 5)"
12323840,Lost Creek near Anaconda MT,170102010402,46.161325,-112.893797222222,26.5,5100.0,,20,,,,,,,,,,,< 25 pre-regulation peaks (20)
12323850,"Lost Creek near Galen, MT",170102010403,46.2185722222222,-112.774166666667,60.5,4750.0,,23,,,,,,,,,,,< 25 pre-regulation peaks (23)
12324100,Racetrack C bl Granite C nr Anaconda MT,170102010406,46.2789444444444,-112.919175,41.1,5420.0,,17,,,,,,,,,,,< 25 pre-regulation peaks (17)
12324200,Clark Fork at Deer Lodge MT,170102010707,46.39765,-112.742538888889,1001.0,4502.2,,47,-0.779882861722318,0.17254390339329792,41.019515107927695,28.0,47.0,19.0,1979.0,2025.0,47.0,B17B,"redundant (nested, DAR <= 5)"
12324250,Cottonwood Creek at Deer Lodge MT,170102010707,46.39968611111111,-112.71670277777778,43.7,4575.36,,18,,,,,,,,,,,< 25 pre-regulation peaks (18)
12324400,Clark Fork ab Little Blackfoot R nr Garrison MT,170102010708,46.5109111111111,-112.789686111111,1130.0,4350.0,,16,,,,,,,,,,,< 25 pre-regulation peaks (16)
12324590,Little Blackfoot River near Garrison MT,170102010611,46.51948333333333,-112.79317222222222,414.0,4347.73,,52,-0.0993771409953383,0.10553758771230434,52.0,52.0,52.0,0.0,1973.0,2024.0,52.0,ADJE,
12324680,Clark Fork at Goldcreek MT,170102010807,46.5899888888889,-112.928713888889,1774.0,4172.8,,47,-0.08320650341874879,0.1146633144005248,47.0,47.0,47.0,0.0,1978.0,2025.0,48.0,ADJE,"redundant (nested, DAR <= 5)"
12324700,Clark Fork Tributary near Drummond MT,170102010809,46.6195944444444,-113.033888888889,2.77,4080.0,,38,-0.4716259313375991,0.17132792227846358,37.433559417912484,35.0,38.0,3.0,1958.0,1995.0,38.0,B17B,
12324800,Morris Creek near Drummond MT,170102020601,46.6655277777778,-113.099872222222,12.7,4170.0,,16,,,,,,,,,,,< 25 pre-regulation peaks (16)
12325500,Flint Creek near Southern Cross MT,170102020105,46.2326666666667,-113.299872222222,54.0,5630.0,1941.0,0,,,,,,,,,,,< 25 pre-regulation peaks (0)
12327090,Flint Cr ab Fred Burr Cr nr Philipsburg MT,170102020202,46.2952777777778,-113.33275,108.0,5220.0,,5,,,,,,,,,,,< 25 pre-regulation peaks (5)
12327100,Fred Burr Creek near Philipsburg MT,170102020201,46.2990222222222,-113.329616666667,15.8,5220.0,,3,,,,,,,,,,,< 25 pre-regulation peaks (3)
12329500,Flint Creek at Maxville MT,170102020204,46.4637583333333,-113.240277777778,206.0,4828.38,1942.0,0,,,,,,,,,,,< 25 pre-regulation peaks (0)
12330000,Boulder Creek at Maxville MT,170102020303,46.4716527777778,-113.235769444444,70.5,4750.0,,85,0.7639758250662342,0.11017376967646002,85.0,85.0,85.0,0.0,1940.0,2024.0,85.0,ADJE,
12331100,Flint Cr bl Douglas Cr nr Hall MT,170102020504,46.5501138888889,-113.214752777778,339.0,4300.0,,4,,,,,,,,,,,< 25 pre-regulation peaks (4)
12331500,Flint Creek near Drummond MT,170102020506,46.6287277777778,-113.150691666667,490.0,4017.27,,32,-0.44250416565803014,0.1943915603321144,32.0,32.0,32.0,0.0,1991.0,2024.0,34.0,ADJE,
12331600,Clark Fork at Drummond MT,170102020602,46.6619722222222,-113.150116666667,2386.0,3937.95,,12,,,,,,,,,,,< 25 pre-regulation peaks (12)
12331700,Edwards Gulch at Drummond MT,170102020602,46.6701111111111,-113.145641666667,4.71,4000.0,,28,-0.09999826408187427,0.1859076318223578,28.0,28.0,28.0,0.0,1960.0,2002.0,43.0,ADJE,
12331800,Clark Fork near Drummond MT,170102020605,46.7119138888889,-113.330780555556,2516.0,3810.0,,31,0.0003378199892724017,0.16150656902274887,31.0,31.0,31.0,0.0,1993.0,2023.0,31.0,ADJE,"redundant (nested, DAR <= 5)"
12331900,Clark Fork near Clinton MT,170102021402,46.7173777777778,-113.589330555556,2650.0,3580.0,,14,,,,,,,,,,,< 25 pre-regulation peaks (14)
12332000,Middle Fork Rock Cr nr Philipsburg MT,170102020805,46.1845694444444,-113.501569444444,121.0,5444.08,,85,-1.0016084682788837,0.14088551881478062,77.6123658896112,64.0,85.0,21.0,1938.0,2022.0,85.0,B17B,
12333500,Rock Creek near Quigley MT,170102021303,46.5811916666667,-113.682488888889,757.0,3920.0,,1,,,,,,,,,,,< 25 pre-regulation peaks (1)
12334000,Ranch Creek near Quigley MT,170102021301,46.5806416666667,-113.673027777778,42.7,3930.0,,6,,,,,,,,,,,< 25 pre-regulation peaks (6)
12334510,Rock Creek near Clinton MT,170102021306,46.7223361111111,-113.683061111111,889.0,3519.46,,52,-1.0405912386774145,0.20551882022563356,48.071066565935304,41.0,52.0,11.0,1972.0,2023.0,52.0,B17B,
12334550,Clark Fork at Turah Bridge nr Bonner MT,170102021405,46.8259111111111,-113.814030555556,3657.0,3320.0,,39,-0.47077932599645494,0.16765228415026012,39.0,39.0,39.0,0.0,1986.0,2024.0,39.0,ADJE,"redundant (nested, DAR <= 5)"
12334600,Blackfoot River near Lincoln MT,170102030202,47.0433861111111,-112.404947222222,15.1,5130.0,,3,,,,,,,,,,,< 25 pre-regulation peaks (3)
12334650,Blackfoot River bl Alice Cr nr Lincoln MT,170102030206,46.988725,-112.51185,99.4,4803.44,,5,,,,,,,,,,,< 25 pre-regulation peaks (5)
12335000,Blackfoot River near Helmville MT,170102030903,46.9387194444444,-112.940736111111,482.0,4301.29,,16,,,,,,,,,,,< 25 pre-regulation peaks (16)
12335100,Blackfoot R ab Nevada Cr nr Helmville MT,170102030903,46.918794444444444,-113.01498611111111,498.0,4255.36,,25,-0.04869976563604632,0.20177672334462907,25.000000000000004,25.0,25.0,0.0,2000.0,2025.0,26.0,ADJE,
12335500,"Nevada Cr ab reservoir, nr Helmville, MT",170102030406,46.7777777777778,-112.767786111111,119.0,4640.0,,85,-0.2363856750123615,0.07453828687272122,85.0,85.0,85.0,0.0,1940.0,2024.0,85.0,ADJE,
12337800,"Nevada Creek at mouth nr Helmville, MT",170102030415,46.890769807513,-113.038667385271,308.0,,,7,,,,,,,,,,,< 25 pre-regulation peaks (7)
12338000,North Fork Blackfoot River nr Helmville MT,170102030706,47.0487611111111,-112.985877777778,228.0,4270.0,,1,,,,,,,,,,,< 25 pre-regulation peaks (1)
12338100,Rock Cr ab Salmon Cr nr Ovando MT,170102030703,47.0567333333333,-112.901180555556,7.89,4400.0,,1,,,,,,,,,,,< 25 pre-regulation peaks (1)
12338300,NF Blackfoot R ab Dry Gulch nr Ovando MT,170102030706,46.97949444444445,-113.0921861111111,310.0,4070.84,,27,-0.4072161546772255,0.22017424223557822,24.21307489378408,14.0,27.0,13.0,1998.0,2025.0,28.0,B17B,"redundant (nested, DAR <= 5)"
12338500,Blackfoot River near Ovando MT,170102030907,47.0155583333333,-113.228816666667,1270.0,3917.27,,25,0.6299654941851939,0.2579364003292341,24.29493429001045,22.0,25.0,1.0,1941.0,1975.0,35.0,B17B,"redundant (nested, DAR <= 5)"
12338540,Monture C ab Dunham C nr Ovando MT,170102030801,47.1184194444444,-113.146438888889,64.5,6380.0,,14,,,,,,,,,,,< 25 pre-regulation peaks (14)
12338550,Dunham Creek at Mouth near Ovando MT,170102030802,47.1232638888889,-113.1645,31.7,,,14,,,,,,,,,,,< 25 pre-regulation peaks (14)
12338600,Monture Cr at Forest Serv Bdry nr Ovando MT,170102030804,47.0942166666667,-113.153261111111,100.0,4060.0,,19,,,,,,,,,,,< 25 pre-regulation peaks (19)
12338690,Monture Creek near Ovando MT,170102030804,47.0452916666667,-113.190163888889,146.0,3987.13,,10,,,,,,,,,,,< 25 pre-regulation peaks (10)
12339300,Deer Creek near Seeley Lake MT,170102031103,47.2100888888889,-113.541572222222,19.5,4030.0,,18,,,,,,,,,,,< 25 pre-regulation peaks (18)
12339450,Clearwater River near Clearwater MT,170102031202,47.0186777777778,-113.3877,346.0,3814.23,,19,,,,,,,,,,,< 25 pre-regulation peaks (19)
12339800,Blackfoot River near Potomac MT,170102031207,46.9529472222222,-113.56735,2040.0,3533.36,,10,,,,,,,,,,,< 25 pre-regulation peaks (10)
12339900,West Twin Creek near Bonner MT,170102031307,46.9125972222222,-113.715216666667,7.33,3410.0,,33,0.10679072678512236,0.16052290092618454,33.0,33.0,33.0,0.0,1959.0,1991.0,33.0,ADJE,
12340000,Blackfoot River near Bonner MT,170102031308,46.899411111111114,-113.75631944444444,2287.0,3344.76,,91,-0.40119862048925403,0.0795492634025305,90.5001345971657,88.0,91.0,3.0,1899.0,2024.0,126.0,B17B,"redundant (nested, DAR <= 5)"
12340200,Marshall Creek near Missoula MT,170102040104,46.8877305555556,-113.924936111111,5.67,3310.0,,16,,,,,,,,,,,< 25 pre-regulation peaks (16)
12340500,Clark Fork above Missoula MT,170102040104,46.8767638888889,-113.932119444444,6021.0,3198.3,,96,-0.10681846826990564,0.060602556150323374,94.37170024359784,79.0,96.0,16.0,1908.0,2024.0,117.0,B17B,
12341000,Rattlesnake Creek at Missoula MT,170102040102,46.8719444444444,-113.984038888889,80.7,3220.0,,10,,,,,,,,,,,< 25 pre-regulation peaks (10)
12341500,Clark Fork at Missoula MT,170102040104,46.8744222222222,-114.005316666667,6108.0,3162.18,,9,,,,,,,,,,,< 25 pre-regulation peaks (9)
12342500,West Fork Bitterroot River nr Conner MT,170102050301,45.7248277777778,-114.282294444444,317.0,4581.4,1941.0,0,,,,,,,,,,,< 25 pre-regulation peaks (0)
12342950,Trapper Creek near Conner MT,170102050304,45.8951027777778,-114.181861111111,28.4,4150.0,,18,,,,,,,,,,,< 25 pre-regulation peaks (18)
12343000,West Fork Bitterroot River nr Darby MT,170102050305,45.8999027777778,-114.178677777778,553.0,4120.0,,6,,,,,,,,,,,< 25 pre-regulation peaks (6)
12343300,"Laird Creek nr Sula, MT",170102050506,45.8735722222222,-114.053494444444,9.45,4245.0,,12,,,,,,,,,,,< 25 pre-regulation peaks (12)
12343400,East Fork Bitterroot River nr Conner MT,170102050506,45.8830166666667,-114.066313888889,380.0,4191.81,,21,,,,,,,,,,,< 25 pre-regulation peaks (21)
12343500,East Fork Bitterroot River at Conner MT,170102050506,45.9306694444444,-114.123102777778,404.0,4014.29,,21,,,,,,,,,,,< 25 pre-regulation peaks (21)
12344000,Bitterroot River near Darby MT,170102050806,45.97205,-114.141233333333,1050.0,3942.14,,87,-0.880242926093371,0.11811163526628599,77.38432076186983,58.0,87.0,29.0,1938.0,2025.0,88.0,B17B,
12344300,Burke Gulch near Darby MT,170102050806,46.0242222222222,-114.151077777778,6.58,4100.0,,28,0.12432321241861947,0.1879625202358365,28.0,28.0,28.0,0.0,1958.0,2003.0,46.0,ADJE,
12345000,"Rock Creek near Darby, MT",170102050805,46.06758333333334,-114.22287222222222,54.4,4070.0,,8,,,,,,,,,,,< 25 pre-regulation peaks (8)
12345800,Camas Creek near Hamilton MT,170102050807,46.1444722222222,-114.213572222222,5.27,4000.0,,16,,,,,,,,,,,< 25 pre-regulation peaks (16)
12345850,Sleeping Child Creek near Hamilton MT,170102050705,46.1324222222222,-114.058161111111,65.9,4090.0,,20,,,,,,,,,,,< 25 pre-regulation peaks (20)
12346500,Skalkaho Creek near Hamilton MT,170102050903,46.1607944444444,-113.948719444444,87.5,4393.16,,33,-0.2122289542897365,0.16911672795550026,32.38136857937931,28.0,33.0,4.0,1948.0,2003.0,56.0,B17B,
12347000,Skalkaho C at Brennan's Ranch nr Hamilton MT,170102050903,46.1584888888889,-113.982152777778,95.4,4310.0,,6,,,,,,,,,,,< 25 pre-regulation peaks (6)
12347500,Blodgett Creek near Corvallis MT,170102051005,46.2694222222222,-114.237055555556,25.9,4050.0,,24,,,,,,,,,,,< 25 pre-regulation peaks (24)
12348000,Blodgett Creek near Hamilton MT,170102051005,46.2885722222222,-114.164397222222,28.3,3480.0,,6,,,,,,,,,,,< 25 pre-regulation peaks (6)
12348500,Willow Creek near Corvallis MT,170102051006,46.2954083333333,-113.995533333333,22.6,4130.0,,19,,,,,,,,,,,< 25 pre-regulation peaks (19)
12349000,Willow Cr at Anfinson Rch nr Corvallis MT,170102051006,46.2948972222222,-114.026016666667,24.8,3750.0,,6,,,,,,,,,,,< 25 pre-regulation peaks (6)
12350000,Bear Creek near Victor MT,170102051103,46.3809277777778,-114.220411111111,27.4,3770.0,,19,,,,,,,,,,,< 25 pre-regulation peaks (19)
12350200,Gash Creek near Victor MT,170102051104,46.4055416666667,-114.2566,2.76,5500.0,,16,,,,,,,,,,,< 25 pre-regulation peaks (16)
12350250,Bitterroot River at Bell Crossing nr Victor MT,170102051203,46.4432,-114.123766666667,1944.0,3330.0,,38,-0.3564503567386497,0.1611580878727137,36.06810190931047,27.0,38.0,0.0,1987.0,2024.0,38.0,ADJE,"redundant (nested, DAR <= 5)"
12350500,Kootenai Creek near Stevensville MT,170102051302,46.5368333333333,-114.159563888889,28.9,3780.0,,22,,,,,,,,,,,< 25 pre-regulation peaks (22)
12351000,Burnt Fork Bitterroot River nr Stevensville MT,170102051305,46.4636805555556,-113.945611111111,73.5,4270.0,,40,-0.12402195334719958,0.13595626184245713,40.0,40.0,40.0,0.0,1920.0,1973.0,54.0,ADJE,
12351200,Bitterroot River near Florence MT,170102051506,46.6330888888889,-114.050958333333,2342.0,3200.0,,20,,,,,,,,,,,< 25 pre-regulation peaks (20)
12351400,Eightmile Creek near Florence MT,170102051505,46.6486055555556,-113.958175,20.9,3800.0,,16,,,,,,,,,,,< 25 pre-regulation peaks (16)
12352000,Lolo Cr ab Sleeman Cr nr Lolo MT,170102051409,46.7441138888889,-114.143425,250.0,3290.0,,12,,,,,,,,,,,< 25 pre-regulation peaks (12)
12352200,Hays Creek near Missoula MT,170102051603,46.8131861111111,-114.093852777778,4.13,3300.0,,16,,,,,,,,,,,< 25 pre-regulation peaks (16)
12352500,Bitterroot River near Missoula MT,170102051603,46.8317388888889,-114.054861111111,2824.0,3110.0,,40,0.08747491554646217,0.13327679474900006,38.94967805058214,29.0,40.0,11.0,1899.0,2024.0,126.0,B17B,"redundant (nested, DAR <= 5)"
12353000,Clark Fork below Missoula MT,170102040205,46.8686333333333,-114.127747222222,9017.0,3083.88,,94,-0.7872381512649926,0.10409276542140239,86.61372025296687,69.0,94.0,25.0,1930.0,2023.0,94.0,B17B,"redundant (nested, DAR <= 5)"
12353250,Ninemile Creek near Alberton MT,170102040302,47.1858666666667,-114.587191666667,49.2,3570.0,,10,,,,,,,,,,,< 25 pre-regulation peaks (10)
12353280,Ninemile Creek near Huson MT,170102040305,47.0633972222222,-114.413788888889,170.0,3027.66,,10,,,,,,,,,,,< 25 pre-regulation peaks (10)
12353400,Negro Gulch nr Alberton MT,170102040601,47.020675,-114.522913888889,8.07,3000.0,,23,,,,,,,,,,,< 25 pre-regulation peaks (23)
12353800,Thompson Creek near Superior MT,170102040801,47.1991166666667,-114.917130555556,12.0,2710.0,,20,,,,,,,,,,,< 25 pre-regulation peaks (20)
12353820,Dry Creek near Superior MT,170102040802,47.2214083333333,-114.973219444444,44.8,2700.0,,10,,,,,,,,,,,< 25 pre-regulation peaks (10)
12353850,East Fork Timber Creek near Haugan MT,170102040703,47.4132666666667,-115.413388888889,2.77,3350.0,,16,,,,,,,,,,,< 25 pre-regulation peaks (16)
12354000,"St. Regis River near St. Regis, MT",170102040712,47.2967111111111,-115.122625,304.0,2645.0,,50,0.7999276933583973,0.1693392801918769,48.455836666337994,47.0,49.0,0.0,1911.0,2024.0,114.0,ADJE,
12354100,North Fork Little Joe Cr nr ST. Regis MT,170102040711,47.2699972222222,-115.142844444444,14.6,2850.0,,15,,,,,,,,,,,< 25 pre-regulation peaks (15)
12354500,Clark Fork at St. Regis MT,170102040805,47.3016388888889,-115.086869444444,10728.0,2600.37,,110,-0.6462792283111024,0.08275250212074932,103.15753849560814,83.0,110.0,27.0,1911.0,2025.0,115.0,B17B,
12355100,"Starvation Creek near Flathead, BC",170102060312,48.9374638888889,-114.391838888889,16.8,3850.0,,2,,,,,,,,,,,< 25 pre-regulation peaks (2)
12355150,Tuchuck Creek near Flathead B.c,170102060310,48.9235888888889,-114.599866666667,10.1,4630.0,,3,,,,,,,,,,,< 25 pre-regulation peaks (3)
12355342,"Hallowat Creek abv Kletomus Creek, near Olney, MT",170102060603,48.61005277777778,-114.38192777777778,,4456.0,,4,,,,,,,,,,,< 25 pre-regulation peaks (4)
12355347,"Big Creek below Lookout Creek, near Apgar, MT",170102060605,48.597686111111116,-114.22471944444445,,3528.0,,4,,,,,,,,,,,< 25 pre-regulation peaks (4)
12355350,Big Cr at Big Cr Rs nr Columbia Falls MT,170102060605,48.6017166666667,-114.166688888889,81.8,3330.58,,20,,,,,,,,,,,< 25 pre-regulation peaks (20)
12355500,N F Flathead River nr Columbia Falls MT,170102060607,48.4957972222222,-114.126763888889,1556.0,3145.59,,103,0.31134045093129614,0.06680791473495332,103.0,103.0,103.0,0.0,1911.0,2024.0,114.0,ADJE,
12355700,Middle Fork Flathead River nr Essex MT,170102070207,48.172675,-113.545280555556,407.0,4070.0,,18,,,,,,,,,,,< 25 pre-regulation peaks (18)
12356000,Skyland Creek near Essex MT,170102070301,48.2919416666667,-113.387094444444,8.38,4835.83,,25,2.5426255134321916,1.0566244337906812,25.0,25.0,25.0,0.0,1946.0,1975.0,30.0,ADJE,
12356500,Bear Creek near Essex MT,170102070301,48.2800222222222,-113.425291666667,20.4,4484.14,,25,2.0074712512221544,0.7300865884314088,24.54494501494339,24.0,25.0,0.0,1946.0,1991.0,46.0,ADJE,
12357000,Middle Fork Flathead River at Essex MT,170102070302,48.2750916666667,-113.605088888889,509.0,3721.93,,24,,,,,,,,,,,< 25 pre-regulation peaks (24)
12357300,Moccasin Creek near West Glacier MT,170102070405,48.4811361111111,-113.847852777778,2.43,3300.0,,17,,,,,,,,,,,< 25 pre-regulation peaks (17)
12357400,M F Flathead River trib at West Glacier MT,170102070405,48.5001722222222,-113.967452777778,1.36,3250.0,,15,,,,,,,,,,,< 25 pre-regulation peaks (15)
12357500,"Middle Fork Flathead River at West Glacier, MT",170102070405,48.499508,-113.975933,943.0,3170.0,,23,,,,,,,,,,,< 25 pre-regulation peaks (23)
12358500,M F Flathead River near West Glacier MT,170102070505,48.4955166666667,-114.010208333333,1125.0,3128.72,,85,1.4454026738583912,0.24504565602013703,84.56274001844466,84.0,85.0,0.0,1916.0,2023.0,108.0,ADJE,"redundant (nested, DAR <= 5)"
12359000,S F Flathead R at Sbrs nr Hungry Horse MT,170102090505,47.9220777777778,-113.524663888889,957.0,3670.0,,18,,,,,,,,,,,< 25 pre-regulation peaks (18)
12359500,Spotted Bear River near Hungry Horse MT,170102090406,47.9279972222222,-113.520638888889,187.0,3690.0,,10,,,,,,,,,,,< 25 pre-regulation peaks (10)
12359800,S F Flathead R ab Twin C nr Hungry Horse MT,170102090509,47.9790972222222,-113.560683333333,1159.0,3575.0,,60,0.25062137026535003,0.10216286904684041,60.0,60.0,60.0,0.0,1964.0,2025.0,62.0,ADJE,
12360000,Twin Creek near Hungry Horse MT,170102090507,47.9847916666667,-113.561327777778,47.2,3610.0,,13,,,,,,,,,,,< 25 pre-regulation peaks (13)
12360500,Lower Twin Creek near Hungry Horse MT,170102090508,47.9913,-113.562469444444,22.3,3630.0,,10,,,,,,,,,,,< 25 pre-regulation peaks (10)
12360600,Soldier Creek near Hungry Horse MT,170102090602,47.9915611111111,-113.581755555556,5.05,3640.0,,3,,,,,,,,,,,< 25 pre-regulation peaks (3)
12361000,Sullivan Creek near Hungry Horse MT,170102090603,48.0295388888889,-113.704125,71.1,3630.0,,26,0.5854668738720955,0.24543145469888691,26.0,26.0,26.0,0.0,1948.0,1976.0,29.0,ADJE,
12361400,"Logan Creek nr Hungry Horse, MT",17010207,48.1430125150275,-113.710655463413,,,,1,,,,,,,,,,,< 25 pre-regulation peaks (1)
12361500,Graves Creek near Hungry Horse MT,170102090606,48.1278555555556,-113.812072222222,27.9,3600.0,,13,,,,,,,,,,,< 25 pre-regulation peaks (13)
12361600,Canyon Creek near Hungry Horse MT,170102090607,48.2133527777778,-113.762430555556,3.78,3580.0,,2,,,,,,,,,,,< 25 pre-regulation peaks (2)
12361700,Goldie Creek near Hungry Horse MT,170102090701,48.2252722222222,-113.843172222222,3.33,3730.0,,1,,,,,,,,,,,< 25 pre-regulation peaks (1)
12361880,Wounded Buck Creek near Hungry Horse MT,170102090702,48.2781611111111,-113.937844444444,15.9,3580.0,,3,,,,,,,,,,,< 25 pre-regulation peaks (3)
12361950,Hungry Horse Creek near Hungry Horse MT,170102090704,48.3473888888889,-113.904072222222,23.3,3580.0,,1,,,,,,,,,,,< 25 pre-regulation peaks (1)
12361960,Emery Creek near Hungry Horse MT,170102090703,48.3582083333333,-113.927355555556,19.7,3590.0,,3,,,,,,,,,,,< 25 pre-regulation peaks (3)
12362500,S F Flathead River nr Columbia Falls MT,170102090707,48.3565777777778,-114.037858333333,1668.0,3040.0,1952.0,41,-0.1846877432523425,0.13746221818975202,40.779112444279676,39.0,41.0,2.0,1911.0,1951.0,41.0,B17B,"redundant (nested, DAR <= 5)"
12363000,Flathead River at Columbia Falls MT,170102080203,48.3618111111111,-114.18495,4473.0,2981.54,1952.0,27,0.7643487089494237,0.25786426757241315,24.982875381828485,20.0,27.0,6.0,1894.0,1951.0,58.0,B17B,"redundant (nested, DAR <= 5)"
12363500,"Flathead River near Kalispell, MT",170102080205,48.221136111111115,-114.24188611111111,4500.0,2911.0,2022.0,0,,,,,,,,,,,< 25 pre-regulation peaks (0)
12363900,Rock Creek near Olney MT,170102100103,48.6121583333333,-114.651861111111,7.64,3240.0,,15,,,,,,,,,,,< 25 pre-regulation peaks (15)
12363920,Stillwater River at Olney MT,170102100107,48.5354805555556,-114.571686111111,162.0,3050.9,,10,,,,,,,,,,,< 25 pre-regulation peaks (10)
12364000,Logan Cr at Tally Lake nr Whitefish MT,170102100308,48.4507472222222,-114.568569444444,184.0,3340.0,,10,,,,,,,,,,,< 25 pre-regulation peaks (10)
12365000,Stillwater River near Whitefish MT,170102100403,48.3190527777778,-114.387158333333,558.0,2953.26,,55,-0.43352290907982205,0.12554058890194278,54.0,54.0,54.0,0.0,1931.0,2006.0,76.0,ADJE,"redundant (nested, DAR <= 5)"
12365500,Stillwater River near Kalispell MT,170102100403,48.2828222222222,-114.352894444444,338.0,2950.0,,3,,,,,,,,,,,< 25 pre-regulation peaks (3)
12365700,"Stillwater River at Lawrence Park, at Kalispell",170102100403,48.21725,-114.313736111111,596.0,2940.0,,18,,,,,,,,,,,< 25 pre-regulation peaks (18)
12365800,Swift Creek near Whitefish MT,170102100505,48.4829916666667,-114.432122222222,76.5,3003.03,,9,,,,,,,,,,,< 25 pre-regulation peaks (9)
12366000,Whitefish River near Kalispell MT,170102100509,48.3201861111111,-114.278594444444,170.0,2969.83,,63,-0.1266931947714981,0.09017492736168602,62.90638387322295,62.0,63.0,0.0,1929.0,2025.0,97.0,ADJE,
12366080,"Whitefish River nr mouth at Kalispell, MT",170102100509,48.2259277777778,-114.292661111111,180.0,2917.0,,13,,,,,,,,,,,< 25 pre-regulation peaks (13)
12366100,Trumbull Creek near Columbia Falls MT,170102080204,48.3998361111111,-114.237222222222,9.1,3117.0,,5,,,,,,,,,,,< 25 pre-regulation peaks (5)
12367500,Ashley Creek near Kalispell MT,170102080108,48.1649972222222,-114.432377777778,201.0,3130.0,,20,,,,,,,,,,,< 25 pre-regulation peaks (20)
12367800,Ashley Creek at Kalispell MT,170102080108,48.1643166666667,-114.301541666667,294.0,,,2,,,,,,,,,,,< 25 pre-regulation peaks (2)
12369000,Flathead River near Bigfork MT,170102080208,48.092325,-114.115369444444,5789.0,2894.0,,6,,,,,,,,,,,< 25 pre-regulation peaks (6)
12369200,Swan River near Condon MT,170102110106,47.4223833333333,-113.670972222222,69.1,4015.0,,20,,,,,,,,,,,< 25 pre-regulation peaks (20)
12369250,Holland Creek near Condon MT,170102110103,47.4388805555555,-113.670447222222,22.6,3950.0,,18,,,,,,,,,,,< 25 pre-regulation peaks (18)
12369650,North Fork Lost Creek near Swan Lake MT,170102110306,47.8848166666667,-113.798897222222,13.1,,,10,,,,,,,,,,,< 25 pre-regulation peaks (10)
12370000,"Swan River near Bigfork, MT",170102110402,48.0242305555556,-113.978819444444,672.0,3062.6,,102,-0.12090294900333283,0.05798199919894869,101.90815544737876,101.0,102.0,1.0,1922.0,2023.0,102.0,B17B,
12370500,Dayton Creek near Proctor MT,170102080304,47.9170166666667,-114.338263888889,18.6,3350.0,,33,0.11775554500973637,0.16139586058726152,32.716217144725185,30.0,33.0,3.0,1959.0,1991.0,33.0,B17B,
12370900,Teepee Creek near Polson MT,170102080402,47.8215055555556,-114.023447222222,2.11,2910.0,,21,,,,,,,,,,,< 25 pre-regulation peaks (21)
12371100,Hell Roaring Creek near Polson MT,170102080404,47.7029527777778,-114.048386111111,6.4,3150.0,,27,-0.27491070608725043,0.207655487661804,26.72817562492263,25.0,27.0,0.0,1917.0,1980.0,64.0,ADJE,
12372000,Flathead River near Polson MT,170102120301,47.6802861111111,-114.246727777778,7079.0,2692.7,1938.0,31,-0.02866613989257864,0.1637101152273506,30.860858264633077,29.0,31.0,1.0,1894.0,1937.0,44.0,B17B,"redundant (nested, DAR <= 5)"
12374250,Mill Cr ab Bassoo Cr nr Niarada MT,170102120105,47.8298277777778,-114.697833333333,19.6,3000.0,,38,0.15661974566672282,0.1449247114300668,38.0,38.0,38.0,0.0,1983.0,2020.0,38.0,ADJE,
12374300,Mill Creek near Niarada MT,170102120105,47.8312527777778,-114.688033333333,28.5,3000.0,,15,,,,,,,,,,,< 25 pre-regulation peaks (15)
12374800,Cromwell Creek near Niarada MT,170102120201,47.8816055555556,-114.502066666667,14.4,3220.0,,7,,,,,,,,,,,< 25 pre-regulation peaks (7)
12375700,Garden Creek near Hot Springs MT,170102120402,47.6484388888889,-114.692980555556,3.67,3300.0,,15,,,,,,,,,,,< 25 pre-regulation peaks (15)
12375900,South Crow Creek near Ronan MT,170102120601,47.4914361111111,-114.026644444444,7.61,3320.0,,38,0.04382310677102877,0.13649455485683945,38.0,38.0,38.0,0.0,1983.0,2020.0,38.0,ADJE,
12376000,Crow Creek near Ronan MT,170102120601,47.4865777777778,-114.094419444444,48.4,3010.0,,10,,,,,,,,,,,< 25 pre-regulation peaks (10)
12377150,Mission Creek ab reservoir nr St. Ignatius MT,170102120503,47.32019166666667,-113.98789166666667,13.5,3460.0,,41,0.3089254043042846,0.14720290380169737,41.0,41.0,41.0,0.0,1983.0,2023.0,41.0,ADJE,
12377500,Dry Creek near St. Ignatius MT,170102120501,47.2748777777778,-114.006588888889,24.2,3500.0,,8,,,,,,,,,,,< 25 pre-regulation peaks (8)
12378000,Mission Creek near St. Ignatius MT,170102120503,47.3279055555556,-114.123038888889,51.6,2790.0,,11,,,,,,,,,,,< 25 pre-regulation peaks (11)
12381400,South Fork Jocko River near Arlee MT,170102120703,47.19555,-113.850736111111,57.6,3970.0,,41,-0.22167159618523777,0.14029250312146002,41.0,41.0,41.0,0.0,1983.0,2023.0,41.0,ADJE,
12383500,Big Knife Creek near Arlee MT,170102120707,47.1472611111111,-113.974475,6.86,3720.0,,29,-0.0489083861591201,0.17584842757030886,28.926094836737033,28.0,29.0,1.0,1982.0,2010.0,29.0,B17B,
12387450,Valley Creek near Arlee MT,170102120708,47.1702972222222,-114.230794444444,16.0,3450.0,,28,0.11928118796583592,0.18753472946039848,28.0,28.0,28.0,0.0,1983.0,2010.0,28.0,ADJE,
12388200,Jocko River at Dixon MT,170102120710,47.3121138888889,-114.297377777778,383.0,2521.87,,21,,,,,,,,,,,< 25 pre-regulation peaks (21)
12388400,Revais Cr bl West Fork nr Dixon MT,170102120801,47.2663027777778,-114.406844444444,23.3,3420.0,,28,0.18765778385295478,0.19341999663452566,28.0,28.0,28.0,0.0,1983.0,2010.0,28.0,ADJE,
12388500,Revais Creek near Dixon MT,170102120801,47.3128138888889,-114.383708333333,26.2,2640.0,,8,,,,,,,,,,,< 25 pre-regulation peaks (8)
12388650,Camas Creek near Hot Springs MT,170102120806,47.4883111111111,-114.69565,4.46,3120.0,,5,,,,,,,,,,,< 25 pre-regulation peaks (5)
12388700,Flathead River at Perma MT,170102120809,47.3667916666667,-114.585,9024.0,2469.3,1984.0,0,,,,,,,,,,,< 25 pre-regulation peaks (0)
12389000,Clark Fork near Plains MT,170102130510,47.4292,-114.856533333333,19964.0,2449.11,1938.0,26,-0.30422626768638206,0.2173136771153703,25.238954908060336,21.0,26.0,5.0,1912.0,1937.0,26.0,B17B,"redundant (nested, DAR <= 5)"
12389150,Mcgregor Creek trib near Marion MT,170102130101,48.0283472222222,-114.932436111111,2.54,3850.0,,11,,,,,,,,,,,< 25 pre-regulation peaks (11)
12389500,Thompson River near Thompson Falls MT,170102130407,47.5918583333333,-115.229536111111,638.0,2429.97,,71,-0.08493214517668067,0.0785976416741169,70.91738221746019,70.0,71.0,0.0,1948.0,2025.0,78.0,ADJE,
12390700,Prospect Creek at Thompson Falls MT,170102130607,47.5860611111111,-115.3551,182.0,2382.4,,70,0.05373380100420443,0.07793153530850307,70.0,70.0,70.0,0.0,1956.0,2025.0,70.0,ADJE,"redundant (nested, DAR <= 5)"
12391000,Clark Fork at Thompson Falls MT,170102130902,47.5955638888889,-115.369311111111,21129.0,2340.0,,8,,,,,,,,,,,< 25 pre-regulation peaks (8)
12391100,White Pine Creek near Trout Creek MT,170102130703,47.7393527777778,-115.673772222222,8.85,3360.0,,11,,,,,,,,,,,< 25 pre-regulation peaks (11)
12391200,Canyon Creek near Trout Creek MT,170102130803,47.854475,-115.500369444444,8.67,2520.0,,19,,,,,,,,,,,< 25 pre-regulation peaks (19)
12391400,Clark Fork bl Noxon Rapids Dam nr Noxon MT,170102131303,47.9612444444444,-115.733505555556,21709.0,,1960.0,0,,,,,,,,,,,< 25 pre-regulation peaks (0)
12391430,Skelton Creek Noxon MT,170102131302,47.9628,-115.891013888889,2.03,3050.0,,12,,,,,,,,,,,< 25 pre-regulation peaks (12)
12391525,Snake Creek near Noxon MT,170102131103,48.1229805555556,-115.754355555556,3.22,2510.0,,13,,,,,,,,,,,< 25 pre-regulation peaks (13)
12391550,"Bull River near Noxon, MT",170102131104,48.047356,-115.835003,141.0,2202.4,,10,,,,,,,,,,,< 25 pre-regulation peaks (10)
451152109141801,"Rock Cr ab Pleasant Valley Canal, at Red Lodge, MT",100700060907,45.19778611111111,-109.23833888888889,201.9,5477.0,,1,,,,,,,,,,,< 25 pre-regulation peaks (1)
453049110451401,"Pine Creek nr Livingston , MT",100700020407,45.5135458205284,-110.754659046056,8.0,5795.0,,3,,,,,,,,,,,< 25 pre-regulation peaks (3)
454122114015401,"Little Blue Joint Cr nr Conner, MT",170102050104,45.6894444444444,-114.031666666667,4.3,5070.0,,3,,,,,,,,,,,< 25 pre-regulation peaks (3)
455037113480701,"Meadow Creek nr Sula, MT",170102050404,45.8436111111111,-113.801944444444,5995.0,5995.0,,3,,,,,,,,,,,< 25 pre-regulation peaks (3)
455129114042401,"Laird Creek ab Gilbert Cr nr Sula, MT",170102050506,45.8580555555556,-114.073333333333,5.1,4555.0,,3,,,,,,,,,,,< 25 pre-regulation peaks (3)
455947114015401,"North Fork Rye Creek nr Conner, MT",170102050802,45.9963888888889,-114.031666666667,17.5,,,3,,,,,,,,,,,< 25 pre-regulation peaks (3)
460601114055001,"Little Sleeping Child Cr ab Sp Gl Hamilton, MT",170102050704,46.1002777777778,-114.097222222222,9.3,4390.0,,3,,,,,,,,,,,< 25 pre-regulation peaks (3)
460633114001701,"Unnamed Cr at Sleeping Child HS, nr Hamilton, MT",170102050703,46.1091666666667,-114.004722222222,3.6,4555.0,,3,,,,,,,,,,,< 25 pre-regulation peaks (3)
460636114001501,"Sleeping Child Cr at Hot Springs nr Hamilton, MT",170102050703,46.1095,-114.003444444444,41.9,4550.0,,3,,,,,,,,,,,< 25 pre-regulation peaks (3)
470100112334001,Copper Creek nr Lincoln MT,170102030103,47.0166089901671,-112.561978294432,,,,1,,,,,,,,,,,< 25 pre-regulation peaks (1)
470340112331001,Landers Fork ab Copper Creek MT,170102030104,47.0610538186735,-112.553644027915,,,,1,,,,,,,,,,,< 25 pre-regulation peaks (1)
470938112130601,"South Fork Dearborn River nr Wolf Creek, MT",100301020402,47.160500035245,-112.219178592484,,,,1,,,,,,,,,,,< 25 pre-regulation peaks (1)
471133111484801,"Hardy Creek near Cascade, MT",100301020603,47.192499999999995,-111.8133,9.5,3440.0,,1,,,,,,,,,,,< 25 pre-regulation peaks (1)
471530112130301,"Auchard Creek near Craig, MT",100301020403,47.2584,-112.2175,19.4,4123.0,,1,,,,,,,,,,,< 25 pre-regulation peaks (1)
472705112264401,"Elk Cr bl Smith Cr nr Augusta, MT",100301040506,47.4513353759673,-112.446414932596,,,,2,,,,,,,,,,,< 25 pre-regulation peaks (2)
473058112311801,"Willow Cr ab Kirkaldie Canal, nr Augusta, MT",100301040302,47.5162,-112.5217,35.7,4292.0,,1,,,,,,,,,,,< 25 pre-regulation peaks (1)
473123113422801,"Swan River below Cooney Creek, near Condon, MT",170102110106,47.522999999999996,-113.70790000000001,137.0,3700.0,,1,,,,,,,,,,,< 25 pre-regulation peaks (1)
474915112043001,"Teton River near Deep Creek, MT",100302050406,47.8207876974483,-112.075846794494,,,,1,,,,,,,,,,,< 25 pre-regulation peaks (1)
475115110582001,"Teton River nr Carter, MT",100302051106,47.8541337634237,-110.973006422244,,,,1,,,,,,,,,,,< 25 pre-regulation peaks (1)
475436113323301,"Bruce Cr bl Addition Cr, nr Hungry Horse, MT",170102090506,47.9099,-113.5426,14.6,3972.0,,1,,,,,,,,,,,< 25 pre-regulation peaks (1)
475739111514901,"Muddy Creek near Collins, MT",100302050805,47.9607,-111.86359999999999,398.0,3487.0,,1,,,,,,,,,,,< 25 pre-regulation peaks (1)
480608115242901,"Libby Wetland Site bl Schrieber Lake nr Libby, MT",170101020402,48.1022258986402,-115.40891878949,,3020.0,,9,,,,,,,,,,,< 25 pre-regulation peaks (9)
480653112535401,"S Fk Birch Cr ab M Fk Birch Cr, nr Dupuyer, MT",100302010602,48.1148,-112.8982,25.4,5066.0,,1,,,,,,,,,,,< 25 pre-regulation peaks (1)
480948112561401,"N Fk Birch Cr ab Swift Rsvr, nr Dupuyer, MT",100302010603,48.163199999999996,-112.9371,15.1,5128.0,,1,,,,,,,,,,,< 25 pre-regulation peaks (1)
481332115282801,"Libby Creek ab Swamp Creek, nr Libby, MT",170101011301,48.225556,-115.474444,67.1,2727.0,,1,,,,,,,,,,,< 25 pre-regulation peaks (1)
481500112170001,"Lake Frances tributary near Valier, MT",100302030605,48.2499745107416,-112.284204642084,,,,1,,,,,,,,,,,< 25 pre-regulation peaks (1)
481636113365101,"Essex Creek at Essex, MT",170102070302,48.2767,-113.6143,10.3,3868.0,,1,,,,,,,,,,,< 25 pre-regulation peaks (1)
481750112213001,"Laughlin Coulee near Valier, MT",100302010504,48.2971976402322,-112.359209121772,,,,2,,,,,,,,,,,< 25 pre-regulation peaks (2)
481830112251001,"Cartwright Coulee near Valier, MT",100302010605,48.3083087192692,-112.420323247847,,,,2,,,,,,,,,,,< 25 pre-regulation peaks (2)
481843113362201,"Park Creek near Essex, MT",170102070304,48.312,-113.6062,39.7,3690.0,,1,,,,,,,,,,,< 25 pre-regulation peaks (1)
482230115333501,"Flower Creek at Libby, MT",170101011501,48.375,-115.55972200000001,18.3,2323.0,,2,,,,,,,,,,,< 25 pre-regulation peaks (2)
482318115321601,Libby Creek at Mouth at Libby MT,170101011305,48.388333,-115.537778,,2060.0,,1,,,,,,,,,,,< 25 pre-regulation peaks (1)
482327115333401,"Parmenter Creek at Libby, MT",170101011502,48.3896,-115.5847,17.7,2160.0,,1,,,,,,,,,,,< 25 pre-regulation peaks (1)
482423113091801,SF Two Medicine R nr East Glacier MT,100302010104,48.4063560187142,-113.155920698004,,4450.0,,1,,,,,,,,,,,< 25 pre-regulation peaks (1)
482519113472001,"Wahoo Creek near West Glacier, MT",170102070405,48.422,-113.7889,0.9,3583.0,,1,,,,,,,,,,,< 25 pre-regulation peaks (1)
482850112134001,"Two Medicine River bl Birch Cr, near Etheridge, MT",100302010702,48.4805368237169,-112.228652122252,,,,1,,,,,,,,,,,< 25 pre-regulation peaks (1)
482930113531601,"Ousel Creek near West Glacier, MT",170102070405,48.4917,-113.88770000000001,2.9,3547.0,,1,,,,,,,,,,,< 25 pre-regulation peaks (1)
483000113220001,"Two Medicine R ab Trick Falls nr East Glacier, MT",100302010101,48.499968018982,-113.367599545496,,,,1,,,,,,,,,,,< 25 pre-regulation peaks (1)
483045113233001,Dry Fork Two Medicine Creek,100302010101,48.5124682467709,-113.392600404709,,,,1,,,,,,,,,,,< 25 pre-regulation peaks (1)
483340113020001,Willow Creek near Browning MT,100302020202,48.5610840323649,-113.034252074563,,4380.0,,1,,,,,,,,,,,< 25 pre-regulation peaks (1)
483808113515601,"McDonald Creek ab Lake MacDonald R, MT",170102070502,48.6355266818998,-113.866507260021,,,,1,,,,,,,,,,,< 25 pre-regulation peaks (1)
484940114114801,"Bowman Cr at Bowman Lk outlet, nr Polebridge, MT",170102060410,48.8278,-114.1967,45.1,4035.0,,1,,,,,,,,,,,< 25 pre-regulation peaks (1)
485515114243101,"Trail Creek at mouth, near Polebridge, MT",170102060311,48.9208333333333,-114.408611111111,68.9,3880.0,,1,,,,,,,,,,,< 25 pre-regulation peaks (1)
