role,state,region,site_no,kind,aep,log_est,log_obs,flag
home,AZ,1,09383500,border,0.5,0.5137159042908261,0.0,0
home,AZ,1,09383500,border,0.2,0.469985827746687,0.0,1
home,AZ,1,09383500,border,0.1,0.4372052963654389,0.0,0
home,AZ,1,09383500,border,0.04,0.3950166288311596,0.0,0
home,AZ,1,09383500,border,0.02,0.3633133497785108,0.0,0
home,AZ,1,09383500,border,0.01,0.3296746643546604,0.0,0
home,AZ,1,09383500,border,0.002,0.2583449799340633,0.0,0
home,AZ,4,09444200,straddles,0.5,0.0725015687530352,0.0,0
home,AZ,4,09444200,straddles,0.2,-0.0468980053526575,0.0,0
home,AZ,4,09444200,straddles,0.1,-0.0646786874606899,0.0,0
home,AZ,4,09444200,straddles,0.04,-0.086413155434398,0.0,0
home,AZ,4,09444200,straddles,0.02,-0.0979556912159278,0.0,0
home,AZ,4,09444200,straddles,0.01,-0.1172599390156197,0.0,0
home,AZ,4,09444200,straddles,0.002,-0.1724728289450228,0.0,0
home,AZ,4,09444500,straddles,0.5,0.2599169729072828,0.0,0
home,AZ,4,09444500,straddles,0.2,0.023017449860502,0.0,0
home,AZ,4,09444500,straddles,0.1,-0.0500695102612951,0.0,0
home,AZ,4,09444500,straddles,0.04,-0.125856040190583,0.0,0
home,AZ,4,09444500,straddles,0.02,-0.1644946594017975,0.0,0
home,AZ,4,09444500,straddles,0.01,-0.2042869844500563,0.0,0
home,AZ,4,09444500,straddles,0.002,-0.2866188130134759,0.0,0
home,AZ,2,09396100,straddles,0.5,-0.2654222243581365,0.0,0
home,AZ,2,09396100,straddles,0.2,-0.1889333364040935,0.0,0
home,AZ,2,09396100,straddles,0.1,-0.1489531914365303,0.0,0
home,AZ,2,09396100,straddles,0.04,-0.1053313022276487,0.0,0
home,AZ,2,09396100,straddles,0.02,-0.0755876240429875,0.0,0
home,AZ,2,09396100,straddles,0.01,-0.0495876347608676,0.0,0
home,AZ,2,09396100,straddles,0.002,0.0096095650715932,0.0,0
home,AZ,4,09457000,straddles,0.5,0.3401218688017495,0.0,0
home,AZ,4,09457000,straddles,0.2,0.4991351967669248,0.0,1
home,AZ,4,09457000,straddles,0.1,0.5296182730029972,0.0,1
home,AZ,4,09457000,straddles,0.04,0.5521713422833114,0.0,1
home,AZ,4,09457000,straddles,0.02,0.5735844531553207,0.0,1
home,AZ,4,09457000,straddles,0.01,0.5909673540426654,0.0,1
home,AZ,4,09457000,straddles,0.002,0.6363368704235439,0.0,1
home,AZ,3,09414900,straddles,0.5,0.3452291281816944,0.0,0
home,AZ,3,09414900,straddles,0.2,0.188621772244717,0.0,0
home,AZ,3,09414900,straddles,0.1,0.0641411629239465,0.0,0
home,AZ,3,09414900,straddles,0.04,-0.0365920971382811,0.0,0
home,AZ,3,09414900,straddles,0.02,-0.2325831899262453,0.0,0
home,AZ,3,09414900,straddles,0.01,-0.4194932579103358,0.0,0
home,AZ,3,09414900,straddles,0.002,-0.8282438795860934,0.0,0
home,AZ,2,09382000,straddles,0.5,-0.1640988684661826,0.0,0
home,AZ,2,09382000,straddles,0.2,-0.123440956103797,0.0,0
home,AZ,2,09382000,straddles,0.1,-0.0970214668315385,0.0,0
home,AZ,2,09382000,straddles,0.04,-0.0640232902437021,0.0,0
home,AZ,2,09382000,straddles,0.02,-0.039318743805202,0.0,0
home,AZ,2,09382000,straddles,0.01,-0.0165544352191382,0.0,0
home,AZ,2,09382000,straddles,0.002,0.039239968647597,0.0,0
home,AZ,2,09404115,inland,0.5,0.3517278793139646,0.0,0
home,AZ,2,09404115,inland,0.2,0.3029735002011255,0.0,0
home,AZ,2,09404115,inland,0.1,0.218403342798013,0.0,0
home,AZ,2,09404115,inland,0.04,0.0818209031582108,0.0,0
home,AZ,2,09404115,inland,0.02,-0.031589639084034,0.0,0
home,AZ,2,09404115,inland,0.01,-0.1527307506383906,0.0,0
home,AZ,2,09404115,inland,0.002,-0.4455583385120798,0.0,0
home,AZ,2,09404110,inland,0.5,0.5159451744546724,0.0,0
home,AZ,2,09404110,inland,0.2,0.4942027046898376,0.0,0
home,AZ,2,09404110,inland,0.1,0.4807500092817038,0.0,0
home,AZ,2,09404110,inland,0.04,0.4658429578508269,0.0,0
home,AZ,2,09404110,inland,0.02,0.4569839891071758,0.0,0
home,AZ,2,09404110,inland,0.01,0.4477199514833172,0.0,0
home,AZ,2,09404110,inland,0.002,0.4340852977149341,0.0,0
home,CO,Southwest,09366500,border,0.5,0.3601314667315227,0.0,0
home,CO,Southwest,09366500,border,0.2,0.2766174572724189,0.0,0
home,CO,Southwest,09366500,border,0.1,0.230718998668062,0.0,0
home,CO,Southwest,09366500,border,0.04,0.189189401658314,0.0,0
home,CO,Southwest,09366500,border,0.02,0.1435769191863087,0.0,0
home,CO,Southwest,09366500,border,0.01,0.1149817447478476,0.0,0
home,CO,Southwest,09366500,border,0.002,0.0464689192126721,0.0,0
home,CO,Southwest,09346400,straddles,0.5,-0.0754053420126532,0.0,0
home,CO,Southwest,09346400,straddles,0.2,-0.0342733942031738,0.0,0
home,CO,Southwest,09346400,straddles,0.1,-0.0049698966683284,0.0,0
home,CO,Southwest,09346400,straddles,0.04,0.040855055628612,0.0,0
home,CO,Southwest,09346400,straddles,0.02,0.051929665377651,0.0,0
home,CO,Southwest,09346400,straddles,0.01,0.0813385527143513,0.0,0
home,CO,Southwest,09346400,straddles,0.002,0.1308550138581923,0.0,0
home,CO,Southwest,09355000,border,0.5,0.0869475112850324,0.0,0
home,CO,Southwest,09355000,border,0.2,0.1474010066317692,0.0,0
home,CO,Southwest,09355000,border,0.1,0.1680085908644257,0.0,0
home,CO,Southwest,09355000,border,0.04,0.1910879738467983,0.0,0
home,CO,Southwest,09355000,border,0.02,0.1880387817455004,0.0,0
home,CO,Southwest,09355000,border,0.01,0.1900473292466866,0.0,0
home,CO,Southwest,09355000,border,0.002,0.1847591362828371,0.0,0
home,CO,Southwest,09363200,border,0.5,0.254590721488797,0.0,0
home,CO,Southwest,09363200,border,0.2,0.2759587880104654,0.0,0
home,CO,Southwest,09363200,border,0.1,0.2964114543962295,0.0,0
home,CO,Southwest,09363200,border,0.04,0.3339480970705737,0.0,0
home,CO,Southwest,09363200,border,0.02,0.343902900481007,0.0,0
home,CO,Southwest,09363200,border,0.01,0.3666035657631723,0.0,0
home,CO,Southwest,09363200,border,0.002,0.4119603226287025,0.0,0
home,CO,Southwest,09366000,border,0.5,0.3428903456301584,0.0,0
home,CO,Southwest,09366000,border,0.2,0.232760226974416,0.0,0
home,CO,Southwest,09366000,border,0.1,0.1571554287323637,0.0,0
home,CO,Southwest,09366000,border,0.04,0.0708497274808093,0.0,0
home,CO,Southwest,09366000,border,0.02,-0.0096427691021077,0.0,0
home,CO,Southwest,09366000,border,0.01,-0.0807078544504049,0.0,0
home,CO,Southwest,09366000,border,0.002,-0.2438386818053364,0.0,0
home,CO,Southwest,09363100,border,0.5,0.1366989420757591,0.0,0
home,CO,Southwest,09363100,border,0.2,0.3109875638075015,0.0,0
home,CO,Southwest,09363100,border,0.1,0.397012462977059,0.0,0
home,CO,Southwest,09363100,border,0.04,0.4978971960623775,0.0,1
home,CO,Southwest,09363100,border,0.02,0.559092372954785,0.0,1
home,CO,Southwest,09363100,border,0.01,0.6227642515191794,0.0,1
home,CO,Southwest,09363100,border,0.002,0.7594796370871704,0.0,1
home,CO,RioGrande,08248500,straddles,0.5,-0.0329998673915379,0.0,0
home,CO,RioGrande,08248500,straddles,0.2,0.0300827800905683,0.0,0
home,CO,RioGrande,08248500,straddles,0.1,0.0954660636977693,0.0,0
home,CO,RioGrande,08248500,straddles,0.04,0.1752337794061986,0.0,0
home,CO,RioGrande,08248500,straddles,0.02,0.2170902026481176,0.0,0
home,CO,RioGrande,08248500,straddles,0.01,0.3036253788238601,0.0,0
home,CO,RioGrande,08248500,straddles,0.002,0.4454627181876294,0.0,1
home,CO,Foothills,07126000,straddles,0.5,-0.3215513347602154,0.0,0
home,CO,Foothills,07126000,straddles,0.2,-0.2475105369830821,0.0,0
home,CO,Foothills,07126000,straddles,0.1,-0.2168087818768,0.0,0
home,CO,Foothills,07126000,straddles,0.04,-0.1968942505391977,0.0,0
home,CO,Foothills,07126000,straddles,0.02,-0.1938895346395606,0.0,0
home,CO,Foothills,07126000,straddles,0.01,-0.1925864541641324,0.0,0
home,CO,Foothills,07126000,straddles,0.002,-0.2157299953687825,0.0,0
home,CO,Southwest,09349500,inland,0.5,-0.1936323377450408,0.0,0
home,CO,Southwest,09349500,inland,0.2,-0.1917575419760337,0.0,0
home,CO,Southwest,09349500,inland,0.1,-0.2028089445904828,0.0,0
home,CO,Southwest,09349500,inland,0.04,-0.2160670625242504,0.0,0
home,CO,Southwest,09349500,inland,0.02,-0.2509183852540175,0.0,0
home,CO,Southwest,09349500,inland,0.01,-0.2741640847067597,0.0,0
home,CO,Southwest,09349500,inland,0.002,-0.3437966357181632,0.0,0
home,CO,Southwest,09342500,inland,0.5,-0.3488449303265089,0.0,0
home,CO,Southwest,09342500,inland,0.2,-0.3252099490091096,0.0,0
home,CO,Southwest,09342500,inland,0.1,-0.3345405321546999,0.0,0
home,CO,Southwest,09342500,inland,0.04,-0.3539993236971779,0.0,0
home,CO,Southwest,09342500,inland,0.02,-0.3969926809317208,0.0,0
home,CO,Southwest,09342500,inland,0.01,-0.4317816400690519,0.0,0
home,CO,Southwest,09342500,inland,0.002,-0.5330437877914656,0.0,0
home,CO,Plains,07128000,straddles,0.5,-0.159709904526033,0.0,0
home,CO,Plains,07128000,straddles,0.2,-0.0039296367567676,0.0,0
home,CO,Plains,07128000,straddles,0.1,0.061354013695694,0.0,0
home,CO,Plains,07128000,straddles,0.04,0.1119957479647331,0.0,0
home,CO,Plains,07128000,straddles,0.02,0.1319847354097074,0.0,0
home,CO,Plains,07128000,straddles,0.01,0.1473676763495461,0.0,0
home,CO,Plains,07128000,straddles,0.002,0.1496038832543735,0.0,0
home,CO,Southwest,09177000,inland,0.5,0.0823236164169611,0.0,0
home,CO,Southwest,09177000,inland,0.2,0.1218994081657434,0.0,0
home,CO,Southwest,09177000,inland,0.1,0.1521753302711284,0.0,0
home,CO,Southwest,09177000,inland,0.04,0.2005119287440635,0.0,0
home,CO,Southwest,09177000,inland,0.02,0.21401361941551,0.0,0
home,CO,Southwest,09177000,inland,0.01,0.2470512291384174,0.0,0
home,CO,Southwest,09177000,inland,0.002,0.3046250728251225,0.0,0
home,CO,Southwest,09175500,inland,0.5,-0.0074475217327152,0.0,0
home,CO,Southwest,09175500,inland,0.2,0.0069697277813571,0.0,0
home,CO,Southwest,09175500,inland,0.1,0.0247021286874882,0.0,0
home,CO,Southwest,09175500,inland,0.04,0.0598368915686786,0.0,0
home,CO,Southwest,09175500,inland,0.02,0.0649675122555422,0.0,0
home,CO,Southwest,09175500,inland,0.01,0.0888833408654541,0.0,0
home,CO,Southwest,09175500,inland,0.002,0.1295864212155182,0.0,0
home,CO,Southwest,09174600,inland,0.5,0.1406837954440734,0.0,0
home,CO,Southwest,09174600,inland,0.2,0.1538039616863873,0.0,0
home,CO,Southwest,09174600,inland,0.1,0.1714707651349489,0.0,0
home,CO,Southwest,09174600,inland,0.04,0.2067677741833757,0.0,0
home,CO,Southwest,09174600,inland,0.02,0.2123818202144405,0.0,0
home,CO,Southwest,09174600,inland,0.01,0.2351737612475792,0.0,0
home,CO,Southwest,09174600,inland,0.002,0.2753875983057625,0.0,0
home,CO,Mountain,09253000,straddles,0.5,-0.1155743277553078,0.0,0
home,CO,Mountain,09253000,straddles,0.2,-0.1242503765523626,0.0,0
home,CO,Mountain,09253000,straddles,0.1,-0.1167249773327632,0.0,0
home,CO,Mountain,09253000,straddles,0.04,-0.1308741056241089,0.0,0
home,CO,Mountain,09253000,straddles,0.02,-0.1012583733127248,0.0,0
home,CO,Mountain,09253000,straddles,0.01,-0.0862236845397061,0.0,0
home,CO,Mountain,09253000,straddles,0.002,-0.06574271025015,0.0,0
home,CO,Mountain,09258000,border,0.5,0.0819024579624043,0.0,0
home,CO,Mountain,09258000,border,0.2,0.0629996268523842,0.0,0
home,CO,Mountain,09258000,border,0.1,0.0642323229263071,0.0,0
home,CO,Mountain,09258000,border,0.04,0.0627757700482938,0.0,0
home,CO,Mountain,09258000,border,0.02,0.0859918771262866,0.0,0
home,CO,Mountain,09258000,border,0.01,0.100442859567142,0.0,0
home,CO,Mountain,09258000,border,0.002,0.1283559986291926,0.0,0
home,ID,1_2,12392100,border,0.5,-0.2512229295165304,0.0,0
home,ID,1_2,12392100,border,0.2,-0.4587568395460324,0.0,0
home,ID,1_2,12392100,border,0.1,-0.588623330009558,0.0,1
home,ID,1_2,12392100,border,0.04,-0.7327433400466101,0.0,1
home,ID,1_2,12392100,border,0.02,-0.8310036447400282,0.0,1
home,ID,1_2,12392100,border,0.01,-0.91140299556311,0.0,1
home,ID,1_2,12392100,border,0.002,-1.109107903662777,0.0,1
home,ID,1_2,12392155,straddles,0.5,-0.1526942843693342,0.0,0
home,ID,1_2,12392155,straddles,0.2,-0.1748425157025468,0.0,0
home,ID,1_2,12392155,straddles,0.1,-0.1995067818754705,0.0,0
home,ID,1_2,12392155,straddles,0.04,-0.2209158468510486,0.0,0
home,ID,1_2,12392155,straddles,0.02,-0.2354882298862728,0.0,0
home,ID,1_2,12392155,straddles,0.01,-0.2374892469694591,0.0,0
home,ID,1_2,12392155,straddles,0.002,-0.2700952060398407,0.0,0
home,ID,6_8,13305000,border,0.5,0.0309919156591296,0.0,0
home,ID,6_8,13305000,border,0.2,0.0313236164105381,0.0,0
home,ID,6_8,13305000,border,0.1,0.0548680898894087,0.0,0
home,ID,6_8,13305000,border,0.04,0.0792222567975171,0.0,0
home,ID,6_8,13305000,border,0.02,0.0979770028796425,0.0,0
home,ID,6_8,13305000,border,0.01,0.1291789608568687,0.0,0
home,ID,6_8,13305000,border,0.002,0.1812863102617599,0.0,0
home,ID,1_2,12413125,straddles,0.5,0.0274717361645517,0.0,0
home,ID,1_2,12413125,straddles,0.2,0.0729860967405948,0.0,0
home,ID,1_2,12413125,straddles,0.1,0.0867488125093496,0.0,0
home,ID,1_2,12413125,straddles,0.04,0.106728810538017,0.0,0
home,ID,1_2,12413125,straddles,0.02,0.1197172666054156,0.0,0
home,ID,1_2,12413125,straddles,0.01,0.1427804413539117,0.0,0
home,ID,1_2,12413125,straddles,0.002,0.1640167196667663,0.0,0
home,ID,1_2,12413875,border,0.5,0.0409224403322272,0.0,0
home,ID,1_2,12413875,border,0.2,0.0757896482150801,0.0,0
home,ID,1_2,12413875,border,0.1,0.083595006147791,0.0,0
home,ID,1_2,12413875,border,0.04,0.0984965012133201,0.0,0
home,ID,1_2,12413875,border,0.02,0.1083773554374762,0.0,0
home,ID,1_2,12413875,border,0.01,0.1288498923766816,0.0,0
home,ID,1_2,12413875,border,0.002,0.1442171263479714,0.0,0
home,ID,1_2,12413130,border,0.5,0.2023186183743051,0.0,0
home,ID,1_2,12413130,border,0.2,0.178590930139971,0.0,0
home,ID,1_2,12413130,border,0.1,0.1549022307908925,0.0,0
home,ID,1_2,12413130,border,0.04,0.1331304180183998,0.0,0
home,ID,1_2,12413130,border,0.02,0.1184021073999144,0.0,0
home,ID,1_2,12413130,border,0.01,0.1158575274431674,0.0,0
home,ID,1_2,12413130,border,0.002,0.0845653029115687,0.0,0
home,ID,6_8,13305310,straddles,0.5,0.0604720750453111,0.0,0
home,ID,6_8,13305310,straddles,0.2,0.0234641960011052,0.0,0
home,ID,6_8,13305310,straddles,0.1,0.0165075430105492,0.0,0
home,ID,6_8,13305310,straddles,0.04,0.0003641420981264,0.0,0
home,ID,6_8,13305310,straddles,0.02,-0.0111078262062913,0.0,0
home,ID,6_8,13305310,straddles,0.01,-0.0096207415737197,0.0,0
home,ID,6_8,13305310,straddles,0.002,-0.0247057021720569,0.0,0
home,ID,1_2,12413150,straddles,0.5,-0.0199619147874865,0.0,0
home,ID,1_2,12413150,straddles,0.2,-0.0006298737427372,0.0,0
home,ID,1_2,12413150,straddles,0.1,-0.0006289511441202,0.0,0
home,ID,1_2,12413150,straddles,0.04,0.0056539390202754,0.0,0
home,ID,1_2,12413150,straddles,0.02,0.0099217618087696,0.0,0
home,ID,1_2,12413150,straddles,0.01,0.0250858167660585,0.0,0
home,ID,1_2,12413150,straddles,0.002,0.0302897776257422,0.0,0
home,ID,6_8,13307000,border,0.5,-0.2681968093906413,0.0,0
home,ID,6_8,13307000,border,0.2,-0.2413287734983549,0.0,0
home,ID,6_8,13307000,border,0.1,-0.2189548373326761,0.0,0
home,ID,6_8,13307000,border,0.04,-0.1979216056727937,0.0,0
home,ID,6_8,13307000,border,0.02,-0.188572564242035,0.0,0
home,ID,6_8,13307000,border,0.01,-0.1692518477669606,0.0,0
home,ID,6_8,13307000,border,0.002,-0.1453563843464458,0.0,0
home,ID,6_8,13306500,border,0.5,-0.2295252984665889,0.0,0
home,ID,6_8,13306500,border,0.2,-0.2091498321721525,0.0,0
home,ID,6_8,13306500,border,0.1,-0.1820925939279534,0.0,0
home,ID,6_8,13306500,border,0.04,-0.1591298822963032,0.0,0
home,ID,6_8,13306500,border,0.02,-0.1442264921881619,0.0,0
home,ID,6_8,13306500,border,0.01,-0.1172119973550676,0.0,0
home,ID,6_8,13306500,border,0.002,-0.078458806878606,0.0,0
home,ID,6_8,13116000,straddles,0.5,0.5135471524435844,0.0,1
home,ID,6_8,13116000,straddles,0.2,0.5488455987002374,0.0,1
home,ID,6_8,13116000,straddles,0.1,0.5601737027138558,0.0,1
home,ID,6_8,13116000,straddles,0.04,0.5498727316476768,0.0,1
home,ID,6_8,13116000,straddles,0.02,0.5340935172980648,0.0,1
home,ID,6_8,13116000,straddles,0.01,0.5266700396779895,0.0,0
home,ID,6_8,13116000,straddles,0.002,0.4782825558018628,0.0,0
home,ID,6_8,13116500,straddles,0.5,0.6023959131149725,0.0,1
home,ID,6_8,13116500,straddles,0.2,0.5818456895618183,0.0,1
home,ID,6_8,13116500,straddles,0.1,0.5695760930141964,0.0,1
home,ID,6_8,13116500,straddles,0.04,0.538200526754272,0.0,1
home,ID,6_8,13116500,straddles,0.02,0.5112396370177814,0.0,1
home,ID,6_8,13116500,straddles,0.01,0.4954410213884244,0.0,0
home,ID,6_8,13116500,straddles,0.002,0.4348962839393921,0.0,0
home,ID,1_2,12413210,straddles,0.5,0.1258164505013526,0.0,0
home,ID,1_2,12413210,straddles,0.2,0.0849223924887057,0.0,0
home,ID,1_2,12413210,straddles,0.1,0.0455201230214243,0.0,0
home,ID,1_2,12413210,straddles,0.04,0.0040454331916683,0.0,0
home,ID,1_2,12413210,straddles,0.02,-0.0258596922317835,0.0,0
home,ID,1_2,12413210,straddles,0.01,-0.0437330079927997,0.0,0
home,ID,1_2,12413210,straddles,0.002,-0.1120587166576809,0.0,0
home,ID,5,13310199,inland,0.5,0.0146756601943174,0.0,0
home,ID,5,13310199,inland,0.2,0.0353012346922376,0.0,0
home,ID,5,13310199,inland,0.1,0.0385277243653581,0.0,0
home,ID,5,13310199,inland,0.04,0.0575096374772314,0.0,0
home,ID,5,13310199,inland,0.02,0.0579652945778788,0.0,0
home,ID,5,13310199,inland,0.01,0.0661655067166657,0.0,0
home,ID,5,13310199,inland,0.002,0.0792954067595346,0.0,0
home,ID,1_2,12414500,inland,0.5,-0.0420493667364416,0.0,0
home,ID,1_2,12414500,inland,0.2,-0.0587128493656381,0.0,0
home,ID,1_2,12414500,inland,0.1,-0.0785567053948383,0.0,0
home,ID,1_2,12414500,inland,0.04,-0.0924871159293925,0.0,0
home,ID,1_2,12414500,inland,0.02,-0.1013875548129492,0.0,0
home,ID,1_2,12414500,inland,0.01,-0.0982232023297182,0.0,0
home,ID,1_2,12414500,inland,0.002,-0.1182632103356704,0.0,0
home,ID,1_2,12413000,inland,0.5,-0.1728707066725281,0.0,0
home,ID,1_2,12413000,inland,0.2,-0.233096870650252,0.0,0
home,ID,1_2,12413000,inland,0.1,-0.2791983865754268,0.0,0
home,ID,1_2,12413000,inland,0.04,-0.3241247605170851,0.0,0
home,ID,1_2,12413000,inland,0.02,-0.3546121741531065,0.0,0
home,ID,1_2,12413000,inland,0.01,-0.3720397445222883,0.0,0
home,ID,1_2,12413000,inland,0.002,-0.4364212873136415,0.0,0
home,ID,6_8,13118700,inland,0.5,0.2940906716773313,0.0,0
home,ID,6_8,13118700,inland,0.2,0.4016115124333166,0.0,0
home,ID,6_8,13118700,inland,0.1,0.4684693381018965,0.0,1
home,ID,6_8,13118700,inland,0.04,0.5306236547810173,0.0,1
home,ID,6_8,13118700,inland,0.02,0.5693165467602763,0.0,1
home,ID,6_8,13118700,inland,0.01,0.6157550590177681,0.0,1
home,ID,6_8,13118700,inland,0.002,0.6913378163187218,0.0,1
home,ID,1_2,12413500,inland,0.5,-0.1414878761186546,0.0,0
home,ID,1_2,12413500,inland,0.2,-0.1926770995402265,0.0,0
home,ID,1_2,12413500,inland,0.1,-0.2359003800367451,0.0,0
home,ID,1_2,12413500,inland,0.04,-0.2789481665887399,0.0,0
home,ID,1_2,12413500,inland,0.02,-0.3089711753107504,0.0,0
home,ID,1_2,12413500,inland,0.01,-0.32649671677009,0.0,0
home,ID,1_2,12413500,inland,0.002,-0.3926772280180799,0.0,0
home,ID,1_2,13340500,inland,0.5,0.0487396988979709,0.0,0
home,ID,1_2,13340500,inland,0.2,0.0792043943519589,0.0,0
home,ID,1_2,13340500,inland,0.1,0.0845250825485663,0.0,0
home,ID,1_2,13340500,inland,0.04,0.0982420045338798,0.0,0
home,ID,1_2,13340500,inland,0.02,0.1075429539728114,0.0,0
home,ID,1_2,13340500,inland,0.01,0.1275661253332654,0.0,0
home,ID,1_2,13340500,inland,0.002,0.141764251098718,0.0,0
home,ID,6_8,13302000,inland,0.5,0.4596119791213913,0.0,1
home,ID,6_8,13302000,inland,0.2,0.5518828699299316,0.0,1
home,ID,6_8,13302000,inland,0.1,0.6045943850321613,0.0,1
home,ID,6_8,13302000,inland,0.04,0.6463385919318085,0.0,1
home,ID,6_8,13302000,inland,0.02,0.6690140161881519,0.0,1
home,ID,6_8,13302000,inland,0.01,0.6991440399939584,0.0,1
home,ID,6_8,13302000,inland,0.002,0.7358579206606084,0.0,1
home,ID,6_8,13302005,inland,0.5,0.392772266872913,0.0,0
home,ID,6_8,13302005,inland,0.2,0.4768670218757185,0.0,1
home,ID,6_8,13302005,inland,0.1,0.5260794043687413,0.0,1
home,ID,6_8,13302005,inland,0.04,0.5647045762779181,0.0,1
home,ID,6_8,13302005,inland,0.02,0.5857104632827692,0.0,1
home,ID,6_8,13302005,inland,0.01,0.614575476770447,0.0,1
home,ID,6_8,13302005,inland,0.002,0.6494299474983425,0.0,1
home,ID,1_2,12413860,inland,0.5,0.0415871442320208,0.0,0
home,ID,1_2,12413860,inland,0.2,0.0465218316569657,0.0,0
home,ID,1_2,12413860,inland,0.1,0.0366226609402513,0.0,0
home,ID,1_2,12413860,inland,0.04,0.0322017821691673,0.0,0
home,ID,1_2,12413860,inland,0.02,0.0288136661489222,0.0,0
home,ID,1_2,12413860,inland,0.01,0.0363170712630989,0.0,0
home,ID,1_2,12413860,inland,0.002,0.0242256594625835,0.0,0
home,ID,1_2,13340000,inland,0.5,-0.0901078278314519,0.0,0
home,ID,1_2,13340000,inland,0.2,-0.0788888735663384,0.0,0
home,ID,1_2,13340000,inland,0.1,-0.0753385557742492,0.0,0
home,ID,1_2,13340000,inland,0.04,-0.0612689891372539,0.0,0
home,ID,1_2,13340000,inland,0.02,-0.0562527954691169,0.0,0
home,ID,1_2,13340000,inland,0.01,-0.0411515902057137,0.0,0
home,ID,1_2,13340000,inland,0.002,-0.0236990251214219,0.0,0
home,ID,1_2,13339000,inland,0.5,-0.1402132507355524,0.0,0
home,ID,1_2,13339000,inland,0.2,-0.1308308355127234,0.0,0
home,ID,1_2,13339000,inland,0.1,-0.1359509429122631,0.0,0
home,ID,1_2,13339000,inland,0.04,-0.1358105912845815,0.0,0
home,ID,1_2,13339000,inland,0.02,-0.1411706233135703,0.0,0
home,ID,1_2,13339000,inland,0.01,-0.1366857832307717,0.0,0
home,ID,1_2,13339000,inland,0.002,-0.1472183982330559,0.0,0
home,ID,5,13317000,inland,0.5,-0.2249764664434934,0.0,0
home,ID,5,13317000,inland,0.2,-0.1663630468340331,0.0,0
home,ID,5,13317000,inland,0.1,-0.1399259696265904,0.0,0
home,ID,5,13317000,inland,0.04,-0.103720536175679,0.0,0
home,ID,5,13317000,inland,0.02,-0.0906876211667597,0.0,0
home,ID,5,13317000,inland,0.01,-0.071262966036266,0.0,0
home,ID,5,13317000,inland,0.002,-0.0389785555778994,0.0,0
home,ID,7,13082500,straddles,0.5,0.432355251805423,0.0,0
home,ID,7,13082500,straddles,0.2,0.3509804343827749,0.0,0
home,ID,7,13082500,straddles,0.1,0.2895256399493586,0.0,0
home,ID,7,13082500,straddles,0.04,0.2239042371366597,0.0,0
home,ID,7,13082500,straddles,0.02,0.1626382279134262,0.0,0
home,ID,7,13082500,straddles,0.01,0.1057491611261136,0.0,0
home,ID,7,13082500,straddles,0.002,-0.0243478975238815,0.0,0
home,ID,7,13083000,border,0.5,0.5187420322446326,0.0,0
home,ID,7,13083000,border,0.2,0.5619484950362963,0.0,0
home,ID,7,13083000,border,0.1,0.568311929331645,0.0,1
home,ID,7,13083000,border,0.04,0.5745924742322535,0.0,1
home,ID,7,13083000,border,0.02,0.5618343166842039,0.0,0
home,ID,7,13083000,border,0.01,0.5499775873665249,0.0,0
home,ID,7,13083000,border,0.002,0.5149197991305625,0.0,0
home,ID,7,13168500,straddles,0.5,-0.2172333950476797,0.0,0
home,ID,7,13168500,straddles,0.2,0.0430004875085532,0.0,0
home,ID,7,13168500,straddles,0.1,0.1704979967565711,0.0,0
home,ID,7,13168500,straddles,0.04,0.3118551850592457,0.0,0
home,ID,7,13168500,straddles,0.02,0.3919148104129455,0.0,0
home,ID,7,13168500,straddles,0.01,0.4646563993705674,0.0,0
home,ID,7,13168500,straddles,0.002,0.6108639269866938,0.0,0
home,ID,7,13153500,inland,0.5,0.1650628096184565,0.0,0
home,ID,7,13153500,inland,0.2,0.3056815854296166,0.0,0
home,ID,7,13153500,inland,0.1,0.3733983881760232,0.0,0
home,ID,7,13153500,inland,0.04,0.4581975261779112,0.0,1
home,ID,7,13153500,inland,0.02,0.5032101749873026,0.0,1
home,ID,7,13153500,inland,0.01,0.5471830538232134,0.0,1
home,ID,7,13153500,inland,0.002,0.6353770268427881,0.0,1
home,ID,7,13178000,border,0.5,-0.5653365469253093,0.0,0
home,ID,7,13178000,border,0.2,-0.4802078534835781,0.0,0
home,ID,7,13178000,border,0.1,-0.4414511761384978,0.0,0
home,ID,7,13178000,border,0.04,-0.3906785260877803,0.0,0
home,ID,7,13178000,border,0.02,-0.370494909327109,0.0,0
home,ID,7,13178000,border,0.01,-0.3501483261008276,0.0,0
home,ID,7,13178000,border,0.002,-0.3115311645794718,0.0,0
home,ID,4,13263500,border,0.5,0.0051614726665252,0.0,0
home,ID,4,13263500,border,0.2,0.0164901765977791,0.0,0
home,ID,4,13263500,border,0.1,0.0122641851908573,0.0,0
home,ID,4,13263500,border,0.04,0.0112002124621692,0.0,0
home,ID,4,13263500,border,0.02,-0.0054463695364184,0.0,0
home,ID,4,13263500,border,0.01,-0.0123234898593027,0.0,0
home,ID,4,13263500,border,0.002,-0.0407230990931903,0.0,0
home,ID,4,13267000,border,0.5,-0.0369317377672926,0.0,0
home,ID,4,13267000,border,0.2,-0.0227387477384839,0.0,0
home,ID,4,13267000,border,0.1,-0.0207035828262012,0.0,0
home,ID,4,13267000,border,0.04,-0.0064971575388117,0.0,0
home,ID,4,13267000,border,0.02,-0.0126094306386312,0.0,0
home,ID,4,13267000,border,0.01,-0.0047740442896317,0.0,0
home,ID,4,13267000,border,0.002,-0.0012207717483536,0.0,0
home,ID,4,13316500,border,0.5,-0.0762451746033732,0.0,0
home,ID,4,13316500,border,0.2,-0.0469169403698765,0.0,0
home,ID,4,13316500,border,0.1,-0.0348618939078058,0.0,0
home,ID,4,13316500,border,0.04,-0.0120834625429822,0.0,0
home,ID,4,13316500,border,0.02,-0.010940786041758,0.0,0
home,ID,4,13316500,border,0.01,0.0009601239933623,0.0,0
home,ID,4,13316500,border,0.002,0.0178873357448132,0.0,0
home,ID,4,13258500,inland,0.5,-0.0957780961323453,0.0,0
home,ID,4,13258500,inland,0.2,-0.1070362690877715,0.0,0
home,ID,4,13258500,inland,0.1,-0.109786704520908,0.0,0
home,ID,4,13258500,inland,0.04,-0.0979205417083202,0.0,0
home,ID,4,13258500,inland,0.02,-0.101113043146177,0.0,0
home,ID,4,13258500,inland,0.01,-0.0913453030889099,0.0,0
home,ID,4,13258500,inland,0.002,-0.075221796955601,0.0,0
home,ID,4,13338000,inland,0.5,-0.0353431592862518,0.0,0
home,ID,4,13338000,inland,0.2,-0.0434819930423437,0.0,0
home,ID,4,13338000,inland,0.1,-0.0573344943884279,0.0,0
home,ID,4,13338000,inland,0.04,-0.0661724323780963,0.0,0
home,ID,4,13338000,inland,0.02,-0.0876711597254433,0.0,0
home,ID,4,13338000,inland,0.01,-0.0979061797804687,0.0,0
home,ID,4,13338000,inland,0.002,-0.1301142515244677,0.0,0
home,ID,4,13338500,inland,0.5,-0.0056988792733179,0.0,0
home,ID,4,13338500,inland,0.2,-0.026828957235653,0.0,0
home,ID,4,13338500,inland,0.1,-0.0395205791640496,0.0,0
home,ID,4,13338500,inland,0.04,-0.0417723484051775,0.0,0
home,ID,4,13338500,inland,0.02,-0.0555375848340906,0.0,0
home,ID,4,13338500,inland,0.01,-0.0570020363499121,0.0,0
home,ID,4,13338500,inland,0.002,-0.0656770961671329,0.0,0
home,ID,1_2,13341000,inland,0.5,-0.0101947380298836,0.0,0
home,ID,1_2,13341000,inland,0.2,-0.0422470388823983,0.0,0
home,ID,1_2,13341000,inland,0.1,-0.0729409292389551,0.0,0
home,ID,1_2,13341000,inland,0.04,-0.0999348770962385,0.0,0
home,ID,1_2,13341000,inland,0.02,-0.1183329584520782,0.0,0
home,ID,1_2,13341000,inland,0.01,-0.1244672819066501,0.0,0
home,ID,1_2,13341000,inland,0.002,-0.1656423646806581,0.0,0
home,ID,6_8,10093000,border,0.5,-0.2410196631225138,0.0,0
home,ID,6_8,10093000,border,0.2,-0.1677871105010928,0.0,0
home,ID,6_8,10093000,border,0.1,-0.1201587055913591,0.0,0
home,ID,6_8,10093000,border,0.04,-0.0793000138038695,0.0,0
home,ID,6_8,10093000,border,0.02,-0.0558695288159794,0.0,0
home,ID,6_8,10093000,border,0.01,-0.0211591887153108,0.0,0
home,ID,6_8,10093000,border,0.002,0.02860648830727,0.0,0
home,ID,3,13345000,border,0.5,-0.344475778912384,0.0,0
home,ID,3,13345000,border,0.2,-0.2724274524720727,0.0,0
home,ID,3,13345000,border,0.1,-0.2274568816975311,0.0,0
home,ID,3,13345000,border,0.04,-0.1760760334741591,0.0,0
home,ID,3,13345000,border,0.02,-0.1416154647329968,0.0,0
home,ID,3,13345000,border,0.01,-0.1133842991196036,0.0,0
home,ID,3,13345000,border,0.002,-0.0500688798893049,0.0,0
home,ID,1_2,12415200,border,0.5,-0.777705550835144,0.0,1
home,ID,1_2,12415200,border,0.2,-0.6909851452333207,0.0,1
home,ID,1_2,12415200,border,0.1,-0.6574033644171997,0.0,1
home,ID,1_2,12415200,border,0.04,-0.6216913121408563,0.0,1
home,ID,1_2,12415200,border,0.02,-0.6004163557784672,0.0,1
home,ID,1_2,12415200,border,0.01,-0.5724994138655339,0.0,1
home,ID,1_2,12415200,border,0.002,-0.5409347549439467,0.0,0
home,ID,3,13342450,border,0.5,0.1760446920548295,0.0,0
home,ID,3,13342450,border,0.2,0.1310589295620481,0.0,0
home,ID,3,13342450,border,0.1,0.1118050485753148,0.0,0
home,ID,3,13342450,border,0.04,0.0922851396937756,0.0,0
home,ID,3,13342450,border,0.02,0.0796962390762434,0.0,0
home,ID,3,13342450,border,0.01,0.0647856936223458,0.0,0
home,ID,3,13342450,border,0.002,0.0382178635095344,0.0,0
home,ID,3,13341500,inland,0.5,-0.4258251581575978,0.0,0
home,ID,3,13341500,inland,0.2,-0.3527390832646171,0.0,0
home,ID,3,13341500,inland,0.1,-0.3120033753282847,0.0,0
home,ID,3,13341500,inland,0.04,-0.2636390942147062,0.0,0
home,ID,3,13341500,inland,0.02,-0.2311931429442553,0.0,0
home,ID,3,13341500,inland,0.01,-0.2020655874845713,0.0,0
home,ID,3,13341500,inland,0.002,-0.1427377445473601,0.0,0
home,ID,1_2,12415000,inland,0.5,-0.0869616226316325,0.0,0
home,ID,1_2,12415000,inland,0.2,-0.1585505218964824,0.0,0
home,ID,1_2,12415000,inland,0.1,-0.2145868573606959,0.0,0
home,ID,1_2,12415000,inland,0.04,-0.2741480543683474,0.0,0
home,ID,1_2,12415000,inland,0.02,-0.3160523118600071,0.0,0
home,ID,1_2,12415000,inland,0.01,-0.3452672950916566,0.0,0
home,ID,1_2,12415000,inland,0.002,-0.4365838506857704,0.0,0
home,ID,6_8,13046995,straddles,0.5,0.0113320423296165,0.0,0
home,ID,6_8,13046995,straddles,0.2,0.0019998252940554,0.0,0
home,ID,6_8,13046995,straddles,0.1,0.0064135068039212,0.0,0
home,ID,6_8,13046995,straddles,0.04,-0.002401126273186,0.0,0
home,ID,6_8,13046995,straddles,0.02,-0.0130451736402736,0.0,0
home,ID,6_8,13046995,straddles,0.01,-0.0087113214423775,0.0,0
home,ID,6_8,13046995,straddles,0.002,-0.0257734639585627,0.0,0
home,ID,6_8,13052200,straddles,0.5,0.1289232714298274,0.0,0
home,ID,6_8,13052200,straddles,0.2,0.1520237316021826,0.0,0
home,ID,6_8,13052200,straddles,0.1,0.1788689381862069,0.0,0
home,ID,6_8,13052200,straddles,0.04,0.1991425013128052,0.0,0
home,ID,6_8,13052200,straddles,0.02,0.2104317692412944,0.0,0
home,ID,6_8,13052200,straddles,0.01,0.2351994229000724,0.0,0
home,ID,6_8,13052200,straddles,0.002,0.2657672619012832,0.0,0
home,ID,6_8,13032000,border,0.5,-0.1943255821309133,0.0,0
home,ID,6_8,13032000,border,0.2,-0.1262095932536282,0.0,0
home,ID,6_8,13032000,border,0.1,-0.0644188959611065,0.0,0
home,ID,6_8,13032000,border,0.04,0.0024801257372293,0.0,0
home,ID,6_8,13032000,border,0.02,0.0483362782692342,0.0,0
home,ID,6_8,13032000,border,0.01,0.1049865866660759,0.0,0
home,ID,6_8,13032000,border,0.002,0.2067032101722068,0.0,0
home,ID,6_8,13047500,straddles,0.5,0.0410045821720643,0.0,0
home,ID,6_8,13047500,straddles,0.2,0.0308147954556186,0.0,0
home,ID,6_8,13047500,straddles,0.1,0.0369237706223799,0.0,0
home,ID,6_8,13047500,straddles,0.04,0.0315895262557011,0.0,0
home,ID,6_8,13047500,straddles,0.02,0.0241371368323997,0.0,0
home,ID,6_8,13047500,straddles,0.01,0.0319421110365838,0.0,0
home,ID,6_8,13047500,straddles,0.002,0.0237831520423839,0.0,0
home,ID,6_8,13054000,straddles,0.5,0.2509842822145822,0.0,0
home,ID,6_8,13054000,straddles,0.2,0.2966959452725972,0.0,0
home,ID,6_8,13054000,straddles,0.1,0.3368333589647432,0.0,0
home,ID,6_8,13054000,straddles,0.04,0.3720957220335092,0.0,0
home,ID,6_8,13054000,straddles,0.02,0.3935666034036758,0.0,0
home,ID,6_8,13054000,straddles,0.01,0.4275973372148787,0.0,0
home,ID,6_8,13054000,straddles,0.002,0.4775605626501482,0.0,0
home,ID,6_8,13047600,straddles,0.5,0.0194607669044124,0.0,0
home,ID,6_8,13047600,straddles,0.2,0.0206382512946508,0.0,0
home,ID,6_8,13047600,straddles,0.1,0.0273284780890858,0.0,0
home,ID,6_8,13047600,straddles,0.04,0.0184245240231084,0.0,0
home,ID,6_8,13047600,straddles,0.02,0.0063288366712295,0.0,0
home,ID,6_8,13047600,straddles,0.01,0.0082915510920189,0.0,0
home,ID,6_8,13047600,straddles,0.002,-0.016417989350022,0.0,0
home,ID,6_8,13049500,straddles,0.5,0.0102906913130276,0.0,0
home,ID,6_8,13049500,straddles,0.2,0.0024880713897585,0.0,0
home,ID,6_8,13049500,straddles,0.1,0.0038334358905114,0.0,0
home,ID,6_8,13049500,straddles,0.04,-0.0110745119239874,0.0,0
home,ID,6_8,13049500,straddles,0.02,-0.026988782837654,0.0,0
home,ID,6_8,13049500,straddles,0.01,-0.0291231656119221,0.0,0
home,ID,6_8,13049500,straddles,0.002,-0.0620751708584053,0.0,0
home,MT,W,12304500,border,0.5,-0.116603077895808,0.0,0
home,MT,W,12304500,border,0.2,-0.1544256437704549,0.0,0
home,MT,W,12304500,border,0.1,-0.1492906855345959,0.0,0
home,MT,W,12304500,border,0.04,-0.1618637898264228,0.0,0
home,MT,W,12304500,border,0.02,-0.1600272292720541,0.0,0
home,MT,W,12304500,border,0.01,-0.1576267139418368,0.0,0
home,MT,W,12304500,border,0.002,-0.1578632159669588,0.0,0
home,MT,SW,06006000,straddles,0.5,-0.1522279206004144,0.0,0
home,MT,SW,06006000,straddles,0.2,-0.0550966908682508,0.0,0
home,MT,SW,06006000,straddles,0.1,0.006771899100983,0.0,0
home,MT,SW,06006000,straddles,0.04,0.0721451225777038,0.0,0
home,MT,SW,06006000,straddles,0.02,0.1111160077829911,0.0,0
home,MT,SW,06006000,straddles,0.01,0.1493920229437715,0.0,0
home,MT,SW,06006000,straddles,0.002,0.2231908943021978,0.0,0
home,MT,W,12304300,border,0.5,-0.0343474181644398,0.0,0
home,MT,W,12304300,border,0.2,-0.0222419035566492,0.0,0
home,MT,W,12304300,border,0.1,-0.0026221142184774,0.0,0
home,MT,W,12304300,border,0.04,-0.0144968188966885,0.0,0
home,MT,W,12304300,border,0.02,-0.0204964495747965,0.0,0
home,MT,W,12304300,border,0.01,-0.0277341627552907,0.0,0
home,MT,W,12304300,border,0.002,-0.0616437648197196,0.0,0
home,MT,SW,06011000,straddles,0.5,0.050195228342639,0.0,0
home,MT,SW,06011000,straddles,0.2,0.0800942649552682,0.0,0
home,MT,SW,06011000,straddles,0.1,0.1116292487118659,0.0,0
home,MT,SW,06011000,straddles,0.04,0.1509112401932917,0.0,0
home,MT,SW,06011000,straddles,0.02,0.1754260860324668,0.0,0
home,MT,SW,06011000,straddles,0.01,0.2028108216777195,0.0,0
home,MT,SW,06011000,straddles,0.002,0.260883550094737,0.0,0
home,MT,SW,06037500,border,0.5,-0.0483425971178914,0.0,0
home,MT,SW,06037500,border,0.2,-0.0125748702558103,0.0,0
home,MT,SW,06037500,border,0.1,0.0140345242745043,0.0,0
home,MT,SW,06037500,border,0.04,0.0419658544590157,0.0,0
home,MT,SW,06037500,border,0.02,0.0553422520525872,0.0,0
home,MT,SW,06037500,border,0.01,0.0668190289101047,0.0,0
home,MT,SW,06037500,border,0.002,0.086452288849812,0.0,0
home,MT,W,12303500,straddles,0.5,0.0561082460592481,0.0,0
home,MT,W,12303500,straddles,0.2,-0.0082099944356426,0.0,0
home,MT,W,12303500,straddles,0.1,-0.0255330043066503,0.0,0
home,MT,W,12303500,straddles,0.04,-0.0711939818557882,0.0,0
home,MT,W,12303500,straddles,0.02,-0.0951020502537391,0.0,0
home,MT,W,12303500,straddles,0.01,-0.1185498264944602,0.0,0
home,MT,W,12303500,straddles,0.002,-0.1797574850801195,0.0,0
home,MT,W,12303400,border,0.5,-0.2100389689351849,0.0,0
home,MT,W,12303400,border,0.2,-0.3413055985648094,0.0,0
home,MT,W,12303400,border,0.1,-0.3956662252320786,0.0,1
home,MT,W,12303400,border,0.04,-0.4859984258083956,0.0,1
home,MT,W,12303400,border,0.02,-0.540929261856498,0.0,1
home,MT,W,12303400,border,0.01,-0.5932107099347652,0.0,1
home,MT,W,12303400,border,0.002,-0.7170272111172031,0.0,1
home,MT,SW,06038550,border,0.5,-0.7020160589663105,0.0,1
home,MT,SW,06038550,border,0.2,-0.6337232362967984,0.0,1
home,MT,SW,06038550,border,0.1,-0.5939260932804133,0.0,1
home,MT,SW,06038550,border,0.04,-0.5576018685098298,0.0,1
home,MT,SW,06038550,border,0.02,-0.5403535970868609,0.0,1
home,MT,SW,06038550,border,0.01,-0.5236419670500716,0.0,1
home,MT,SW,06038550,border,0.002,-0.4993971621004278,0.0,0
home,MT,W,12350500,border,0.5,-0.3425055809550423,0.0,0
home,MT,W,12350500,border,0.2,-0.3044362353746717,0.0,0
home,MT,W,12350500,border,0.1,-0.2626014948911757,0.0,0
home,MT,W,12350500,border,0.04,-0.2419317515614967,0.0,0
home,MT,W,12350500,border,0.02,-0.222061243162976,0.0,0
home,MT,W,12350500,border,0.01,-0.2036268055335695,0.0,0
home,MT,W,12350500,border,0.002,-0.1764630175057502,0.0,0
home,MT,W,12347500,straddles,0.5,-0.0101285521541996,0.0,0
home,MT,W,12347500,straddles,0.2,0.0327869755032592,0.0,0
home,MT,W,12347500,straddles,0.1,0.0747215447356137,0.0,0
home,MT,W,12347500,straddles,0.04,0.0929570208451759,0.0,0
home,MT,W,12347500,straddles,0.02,0.1096134366104397,0.0,0
home,MT,W,12347500,straddles,0.01,0.1243607888511948,0.0,0
home,MT,W,12347500,straddles,0.002,0.1404957419847106,0.0,0
home,MT,W,12354000,straddles,0.5,-0.1712257464813307,0.0,0
home,MT,W,12354000,straddles,0.2,-0.280781721401679,0.0,0
home,MT,W,12354000,straddles,0.1,-0.3288855986836347,0.0,0
home,MT,W,12354000,straddles,0.04,-0.411400060368789,0.0,1
home,MT,W,12354000,straddles,0.02,-0.4618741498893852,0.0,1
home,MT,W,12354000,straddles,0.01,-0.5108421131520671,0.0,1
home,MT,W,12354000,straddles,0.002,-0.6285757927650115,0.0,1
home,MT,W,12391400,straddles,0.5,0.1438936044122742,0.0,0
home,MT,W,12391400,straddles,0.2,0.0957022142971251,0.0,0
home,MT,W,12391400,straddles,0.1,0.1023174338264798,0.0,0
home,MT,W,12391400,straddles,0.04,0.1115191419974692,0.0,0
home,MT,W,12391400,straddles,0.02,0.1196967144447684,0.0,0
home,MT,W,12391400,straddles,0.01,0.1311472117599876,0.0,0
home,MT,W,12391400,straddles,0.002,0.1658447338547386,0.0,0
home,MT,W,12303440,border,0.5,0.070075011536121,0.0,0
home,MT,W,12303440,border,0.2,0.0483306472386444,0.0,0
home,MT,W,12303440,border,0.1,0.0577190392172259,0.0,0
home,MT,W,12303440,border,0.04,0.0398475706921956,0.0,0
home,MT,W,12303440,border,0.02,0.0341352780260395,0.0,0
home,MT,W,12303440,border,0.01,0.0282573522397804,0.0,0
home,MT,W,12303440,border,0.002,0.003734844841305,0.0,0
home,MT,W,12342500,straddles,0.5,0.0110297108208583,0.0,0
home,MT,W,12342500,straddles,0.2,0.0033868889274257,0.0,0
home,MT,W,12342500,straddles,0.1,0.0267792695829629,0.0,0
home,MT,W,12342500,straddles,0.04,0.0352201215222605,0.0,0
home,MT,W,12342500,straddles,0.02,0.0506426617332795,0.0,0
home,MT,W,12342500,straddles,0.01,0.0663814539934151,0.0,0
home,MT,W,12342500,straddles,0.002,0.0939561574975016,0.0,0
home,MT,SW,06013500,straddles,0.5,0.3456349467050779,0.0,0
home,MT,SW,06013500,straddles,0.2,0.2979354576945141,0.0,0
home,MT,SW,06013500,straddles,0.1,0.2816217599761139,0.0,0
home,MT,SW,06013500,straddles,0.04,0.2645112294825451,0.0,0
home,MT,SW,06013500,straddles,0.02,0.2498443100665457,0.0,0
home,MT,SW,06013500,straddles,0.01,0.2401855942189481,0.0,0
home,MT,SW,06013500,straddles,0.002,0.2182943489930431,0.0,0
home,MT,W,12354500,border,0.5,0.0256298550531584,0.0,0
home,MT,W,12354500,border,0.2,0.0039732440494049,0.0,0
home,MT,W,12354500,border,0.1,0.0210321964020634,0.0,0
home,MT,W,12354500,border,0.04,0.0351261849658026,0.0,0
home,MT,W,12354500,border,0.02,0.050602519470825,0.0,0
home,MT,W,12354500,border,0.01,0.0679212368796564,0.0,0
home,MT,W,12354500,border,0.002,0.1099722409623646,0.0,0
home,MT,W,12344000,inland,0.5,-0.1181072413040276,0.0,0
home,MT,W,12344000,inland,0.2,-0.114989646935939,0.0,0
home,MT,W,12344000,inland,0.1,-0.0880615379128557,0.0,0
home,MT,W,12344000,inland,0.04,-0.0755117022715792,0.0,0
home,MT,W,12344000,inland,0.02,-0.0575912953988098,0.0,0
home,MT,W,12344000,inland,0.01,-0.0400104862312948,0.0,0
home,MT,W,12344000,inland,0.002,-0.0090511333882714,0.0,0
home,MT,W,12343400,inland,0.5,-0.1451152009514795,0.0,0
home,MT,W,12343400,inland,0.2,-0.1288608426312305,0.0,0
home,MT,W,12343400,inland,0.1,-0.1004440434467706,0.0,0
home,MT,W,12343400,inland,0.04,-0.0907467415617682,0.0,0
home,MT,W,12343400,inland,0.02,-0.077084929470681,0.0,0
home,MT,W,12343400,inland,0.01,-0.0641918676684274,0.0,0
home,MT,W,12343400,inland,0.002,-0.0461469448076119,0.0,0
home,MT,W,12343500,inland,0.5,-0.0525102688017162,0.0,0
home,MT,W,12343500,inland,0.2,-0.0661109773375576,0.0,0
home,MT,W,12343500,inland,0.1,-0.05360860199821,0.0,0
home,MT,W,12343500,inland,0.04,-0.0609680629832816,0.0,0
home,MT,W,12343500,inland,0.02,-0.0584010805400172,0.0,0
home,MT,W,12343500,inland,0.01,-0.0555352947184295,0.0,0
home,MT,W,12343500,inland,0.002,-0.0578901190930642,0.0,0
home,MT,W,12390700,inland,0.5,-0.0370225779173694,0.0,0
home,MT,W,12390700,inland,0.2,-0.0995966427117873,0.0,0
home,MT,W,12390700,inland,0.1,-0.1143171553301556,0.0,0
home,MT,W,12390700,inland,0.04,-0.1549534534498957,0.0,0
home,MT,W,12390700,inland,0.02,-0.1746956987358241,0.0,0
home,MT,W,12390700,inland,0.01,-0.1933927560975421,0.0,0
home,MT,W,12390700,inland,0.002,-0.2422657526084117,0.0,0
home,MT,SW,06024450,inland,0.5,-0.0538165040156854,0.0,0
home,MT,SW,06024450,inland,0.2,-0.1681562728704899,0.0,0
home,MT,SW,06024450,inland,0.1,-0.2166404974321252,0.0,0
home,MT,SW,06024450,inland,0.04,-0.2650629703063019,0.0,0
home,MT,SW,06024450,inland,0.02,-0.2986382633279127,0.0,0
home,MT,SW,06024450,inland,0.01,-0.3242267998639745,0.0,0
home,MT,SW,06024450,inland,0.002,-0.3751045327140558,0.0,0
home,MT,W,12353000,inland,0.5,0.0299403579698305,0.0,0
home,MT,W,12353000,inland,0.2,0.0142067574403546,0.0,0
home,MT,W,12353000,inland,0.1,0.0363831463358046,0.0,0
home,MT,W,12353000,inland,0.04,0.0586123302683985,0.0,0
home,MT,W,12353000,inland,0.02,0.0790767540565262,0.0,0
home,MT,W,12353000,inland,0.01,0.1016362644660926,0.0,0
home,MT,W,12353000,inland,0.002,0.156705787858514,0.0,0
home,MT,W,12352500,inland,0.5,-0.0668347110875826,0.0,0
home,MT,W,12352500,inland,0.2,-0.0726208618241974,0.0,0
home,MT,W,12352500,inland,0.1,-0.0593721563139224,0.0,0
home,MT,W,12352500,inland,0.04,-0.066562634969105,0.0,0
home,MT,W,12352500,inland,0.02,-0.0645167005541225,0.0,0
home,MT,W,12352500,inland,0.01,-0.0633505049991924,0.0,0
home,MT,W,12352500,inland,0.002,-0.0714162118023864,0.0,0
home,MT,SW,06014000,inland,0.5,1.0316194159696228,0.0,1
home,MT,SW,06014000,inland,0.2,0.8880044783605583,0.0,1
home,MT,SW,06014000,inland,0.1,0.8063909686198114,0.0,1
home,MT,SW,06014000,inland,0.04,0.7099704126935249,0.0,1
home,MT,SW,06014000,inland,0.02,0.6379427476609094,0.0,1
home,MT,SW,06014000,inland,0.01,0.5729359905607856,0.0,0
home,MT,SW,06014000,inland,0.002,0.4282408430061162,0.0,0
home,MT,W,12389500,inland,0.5,0.0353793512605,0.0,0
home,MT,W,12389500,inland,0.2,-0.0153741333830712,0.0,0
home,MT,W,12389500,inland,0.1,-0.0240928725562108,0.0,0
home,MT,W,12389500,inland,0.04,-0.0554029072437627,0.0,0
home,MT,W,12389500,inland,0.02,-0.0685262447670802,0.0,0
home,MT,W,12389500,inland,0.01,-0.0806190608027583,0.0,0
home,MT,W,12389500,inland,0.002,-0.1142199922610469,0.0,0
home,MT,W,12340500,inland,0.5,0.1395893914098946,0.0,0
home,MT,W,12340500,inland,0.2,0.1038811304611924,0.0,0
home,MT,W,12340500,inland,0.1,0.1127967832789886,0.0,0
home,MT,W,12340500,inland,0.04,0.1228412231848272,0.0,0
home,MT,W,12340500,inland,0.02,0.1317636000751267,0.0,0
home,MT,W,12340500,inland,0.01,0.1439709413503713,0.0,0
home,MT,W,12340500,inland,0.002,0.1799492866517091,0.0,0
home,MT,W,12334550,inland,0.5,0.166982869352716,0.0,0
home,MT,W,12334550,inland,0.2,0.1403454734433489,0.0,0
home,MT,W,12334550,inland,0.1,0.1462361047961069,0.0,0
home,MT,W,12334550,inland,0.04,0.1360139994338407,0.0,0
home,MT,W,12334550,inland,0.02,0.1376353150000575,0.0,0
home,MT,W,12334550,inland,0.01,0.1403007287733171,0.0,0
home,MT,W,12334550,inland,0.002,0.1395173457599563,0.0,0
home,MT,SW,06024540,straddles,0.5,-0.0690443277953973,0.0,0
home,MT,SW,06024540,straddles,0.2,-0.1580283527002124,0.0,0
home,MT,SW,06024540,straddles,0.1,-0.1732238404929016,0.0,0
home,MT,SW,06024540,straddles,0.04,-0.172525413256356,0.0,0
home,MT,SW,06024540,straddles,0.02,-0.1676535235351579,0.0,0
home,MT,SW,06024540,straddles,0.01,-0.1546952364839504,0.0,0
home,MT,SW,06024540,straddles,0.002,-0.1176015566313335,0.0,0
home,MT,W,12334510,inland,0.5,-0.0709898925887531,0.0,0
home,MT,W,12334510,inland,0.2,-0.0687051828164899,0.0,0
home,MT,W,12334510,inland,0.1,-0.0419323837949345,0.0,0
home,MT,W,12334510,inland,0.04,-0.0290087289105058,0.0,0
home,MT,W,12334510,inland,0.02,-0.010614726273233,0.0,0
home,MT,W,12334510,inland,0.01,0.0077045269491748,0.0,0
home,MT,W,12334510,inland,0.002,0.0410456622681731,0.0,0
home,MT,W,12340000,inland,0.5,0.1682456559529939,0.0,0
home,MT,W,12340000,inland,0.2,0.1408547388587875,0.0,0
home,MT,W,12340000,inland,0.1,0.1658145916983926,0.0,0
home,MT,W,12340000,inland,0.04,0.212277263265201,0.0,0
home,MT,W,12340000,inland,0.02,0.247000848423796,0.0,0
home,MT,W,12340000,inland,0.01,0.2873230238483506,0.0,1
home,MT,W,12340000,inland,0.002,0.3983726428264695,0.0,1
home,MT,W,12301933,inland,0.5,0.0751495678554174,0.0,0
home,MT,W,12301933,inland,0.2,0.0814117580583415,0.0,0
home,MT,W,12301933,inland,0.1,0.0969197582854395,0.0,0
home,MT,W,12301933,inland,0.04,0.0900130218642312,0.0,0
home,MT,W,12301933,inland,0.02,0.0913529699956861,0.0,0
home,MT,W,12301933,inland,0.01,0.0903542124221115,0.0,0
home,MT,W,12301933,inland,0.002,0.0753292470653912,0.0,0
home,MT,W,12302055,inland,0.5,-0.0346198794021987,0.0,0
home,MT,W,12302055,inland,0.2,-0.0720382288620804,0.0,0
home,MT,W,12302055,inland,0.1,-0.0788893132311869,0.0,0
home,MT,W,12302055,inland,0.04,-0.1108075329464064,0.0,0
home,MT,W,12302055,inland,0.02,-0.1265376060690708,0.0,0
home,MT,W,12302055,inland,0.01,-0.141885132839854,0.0,0
home,MT,W,12302055,inland,0.002,-0.1857645731947919,0.0,0
home,MT,UYCM,06191500,inland,0.5,-0.4566869769311465,0.0,0
home,MT,UYCM,06191500,inland,0.2,-0.454881726803571,0.0,0
home,MT,UYCM,06191500,inland,0.1,-0.4379688333459235,0.0,0
home,MT,UYCM,06191500,inland,0.04,-0.4161407537565846,0.0,0
home,MT,UYCM,06191500,inland,0.02,-0.4062080917180424,0.0,0
home,MT,UYCM,06191500,inland,0.01,-0.400200262166118,0.0,0
home,MT,UYCM,06191500,inland,0.002,-0.3883751730926041,0.0,0
home,MT,SW,06040000,inland,0.5,-0.0629418308459439,0.0,0
home,MT,SW,06040000,inland,0.2,-0.0947114149046166,0.0,0
home,MT,SW,06040000,inland,0.1,-0.0936825951955842,0.0,0
home,MT,SW,06040000,inland,0.04,-0.0839136005636169,0.0,0
home,MT,SW,06040000,inland,0.02,-0.0777885370855564,0.0,0
home,MT,SW,06040000,inland,0.01,-0.0675431306264933,0.0,0
home,MT,SW,06040000,inland,0.002,-0.04129678366332,0.0,0
home,MT,SW,06018000,straddles,0.5,0.928344748559906,0.0,1
home,MT,SW,06018000,straddles,0.2,0.8841644155031796,0.0,1
home,MT,SW,06018000,straddles,0.1,0.8669578492509933,0.0,1
home,MT,SW,06018000,straddles,0.04,0.8504930117967309,0.0,1
home,MT,SW,06018000,straddles,0.02,0.8359823137944771,0.0,1
home,MT,SW,06018000,straddles,0.01,0.8269255700137803,0.0,1
home,MT,SW,06018000,straddles,0.002,0.8081287658942644,0.0,1
home,MT,W,12331800,inland,0.5,0.2423440986072829,0.0,0
home,MT,W,12331800,inland,0.2,0.2266544041718625,0.0,0
home,MT,W,12331800,inland,0.1,0.2321519013934962,0.0,0
home,MT,W,12331800,inland,0.04,0.2173934178075409,0.0,0
home,MT,W,12331800,inland,0.02,0.2131787685386044,0.0,0
home,MT,W,12331800,inland,0.01,0.2094859238899804,0.0,0
home,MT,W,12331800,inland,0.002,0.191156206616081,0.0,0
home,MT,SW,06025500,inland,0.5,-0.1081631985701823,0.0,0
home,MT,SW,06025500,inland,0.2,-0.1872123449625147,0.0,0
home,MT,SW,06025500,inland,0.1,-0.2036098537570638,0.0,0
home,MT,SW,06025500,inland,0.04,-0.2072272010589597,0.0,0
home,MT,SW,06025500,inland,0.02,-0.2067305215880805,0.0,0
home,MT,SW,06025500,inland,0.01,-0.1984416909090658,0.0,0
home,MT,SW,06025500,inland,0.002,-0.1720970851723899,0.0,0
home,MT,SW,06026210,inland,0.5,0.0085682729503746,0.0,0
home,MT,SW,06026210,inland,0.2,-0.0898373845390354,0.0,0
home,MT,SW,06026210,inland,0.1,-0.1266798682902612,0.0,0
home,MT,SW,06026210,inland,0.04,-0.158551879714671,0.0,0
home,MT,SW,06026210,inland,0.02,-0.1794758814179435,0.0,0
home,MT,SW,06026210,inland,0.01,-0.1922535534326073,0.0,0
home,MT,SW,06026210,inland,0.002,-0.2128038079064946,0.0,0
home,MT,SW,06025250,straddles,0.5,-0.0865241022809577,0.0,0
home,MT,SW,06025250,straddles,0.2,-0.1572567346557103,0.0,0
home,MT,SW,06025250,straddles,0.1,-0.1769483168180023,0.0,0
home,MT,SW,06025250,straddles,0.04,-0.1892462931299734,0.0,0
home,MT,SW,06025250,straddles,0.02,-0.1966836668817406,0.0,0
home,MT,SW,06025250,straddles,0.01,-0.1969029415760346,0.0,0
home,MT,SW,06025250,straddles,0.002,-0.1909990835250123,0.0,0
home,MT,SW,06026500,inland,0.5,0.2781850261089773,0.0,0
home,MT,SW,06026500,inland,0.2,0.1680291794773705,0.0,0
home,MT,SW,06026500,inland,0.1,0.1361922525171079,0.0,0
home,MT,SW,06026500,inland,0.04,0.1185155077732345,0.0,0
home,MT,SW,06026500,inland,0.02,0.1104409947797533,0.0,0
home,MT,SW,06026500,inland,0.01,0.111658502904997,0.0,0
home,MT,SW,06026500,inland,0.002,0.1255207996218672,0.0,0
home,MT,SW,06027000,inland,0.5,0.2865635568546039,0.0,0
home,MT,SW,06027000,inland,0.2,0.1553131616765783,0.0,0
home,MT,SW,06027000,inland,0.1,0.1104455793277425,0.0,0
home,MT,SW,06027000,inland,0.04,0.0779161489885948,0.0,0
home,MT,SW,06027000,inland,0.02,0.0599413149682588,0.0,0
home,MT,SW,06027000,inland,0.01,0.0521927434873585,0.0,0
home,MT,SW,06027000,inland,0.002,0.0481786673022357,0.0,0
home,MT,UYCM,06192500,inland,0.5,-0.4173119015355846,0.0,0
home,MT,UYCM,06192500,inland,0.2,-0.4055514590852977,0.0,0
home,MT,UYCM,06192500,inland,0.1,-0.3850366254610167,0.0,0
home,MT,UYCM,06192500,inland,0.04,-0.3616779946863779,0.0,0
home,MT,UYCM,06192500,inland,0.02,-0.3524286791416511,0.0,0
home,MT,UYCM,06192500,inland,0.01,-0.3486733480151152,0.0,0
home,MT,UYCM,06192500,inland,0.002,-0.3439780512975119,0.0,0
home,MT,SW,06034500,straddles,0.5,0.2971498161348331,0.0,0
home,MT,SW,06034500,straddles,0.2,0.1917689327101088,0.0,0
home,MT,SW,06034500,straddles,0.1,0.1507209069494601,0.0,0
home,MT,SW,06034500,straddles,0.04,0.1160746030391353,0.0,0
home,MT,SW,06034500,straddles,0.02,0.0936406732671866,0.0,0
home,MT,SW,06034500,straddles,0.01,0.0799959978641249,0.0,0
home,MT,SW,06034500,straddles,0.002,0.0593188416925052,0.0,0
home,MT,SW,06036650,straddles,0.5,0.3730628428641545,0.0,0
home,MT,SW,06036650,straddles,0.2,0.2338083258505676,0.0,0
home,MT,SW,06036650,straddles,0.1,0.1824930825445392,0.0,0
home,MT,SW,06036650,straddles,0.04,0.142132779646622,0.0,0
home,MT,SW,06036650,straddles,0.02,0.1186297786616652,0.0,0
home,MT,SW,06036650,straddles,0.01,0.105662423949651,0.0,0
home,MT,SW,06036650,straddles,0.002,0.0906943171976086,0.0,0
home,MT,UYCM,06187915,straddles,0.5,-0.67390574496729,0.0,1
home,MT,UYCM,06187915,straddles,0.2,-0.5672381717580248,0.0,1
home,MT,UYCM,06187915,straddles,0.1,-0.4981587326410301,0.0,1
home,MT,UYCM,06187915,straddles,0.04,-0.4192694809872566,0.0,0
home,MT,UYCM,06187915,straddles,0.02,-0.3686370617824153,0.0,0
home,MT,UYCM,06187915,straddles,0.01,-0.3268950407945201,0.0,0
home,MT,UYCM,06187915,straddles,0.002,-0.2389857823631689,0.0,0
home,MT,UYCM,06289000,straddles,0.5,-0.1699523223478207,0.0,0
home,MT,UYCM,06289000,straddles,0.2,-0.1217307263944715,0.0,0
home,MT,UYCM,06289000,straddles,0.1,-0.0777829218692938,0.0,0
home,MT,UYCM,06289000,straddles,0.04,-0.0243784742778467,0.0,0
home,MT,UYCM,06289000,straddles,0.02,0.009092279627942,0.0,0
home,MT,UYCM,06289000,straddles,0.01,0.0354817461602623,0.0,0
home,MT,UYCM,06289000,straddles,0.002,0.0930202453546087,0.0,0
home,MT,UYCM,06207500,straddles,0.5,-0.3916925181445783,0.0,0
home,MT,UYCM,06207500,straddles,0.2,-0.3226270617862452,0.0,0
home,MT,UYCM,06207500,straddles,0.1,-0.2774228370052403,0.0,0
home,MT,UYCM,06207500,straddles,0.04,-0.2330145184162737,0.0,0
home,MT,UYCM,06207500,straddles,0.02,-0.2124487584872794,0.0,0
home,MT,UYCM,06207500,straddles,0.01,-0.2017822971989229,0.0,0
home,MT,UYCM,06207500,straddles,0.002,-0.1873577464763336,0.0,0
home,MT,SEP,06306300,straddles,0.5,-0.9597783659117964,0.0,1
home,MT,SEP,06306300,straddles,0.2,-0.7679454307895459,0.0,1
home,MT,SEP,06306300,straddles,0.1,-0.6693029781366082,0.0,1
home,MT,SEP,06306300,straddles,0.04,-0.5874010212968024,0.0,1
home,MT,SEP,06306300,straddles,0.02,-0.5466897724569195,0.0,1
home,MT,SEP,06306300,straddles,0.01,-0.5231650796351937,0.0,1
home,MT,SEP,06306300,straddles,0.002,-0.4931128931623383,0.0,0
home,MT,UYCM,06290000,straddles,0.5,0.1289553772014922,0.0,0
home,MT,UYCM,06290000,straddles,0.2,0.0655517572783686,0.0,0
home,MT,UYCM,06290000,straddles,0.1,0.0159944418362751,0.0,0
home,MT,UYCM,06290000,straddles,0.04,-0.0611739880612858,0.0,0
home,MT,UYCM,06290000,straddles,0.02,-0.1283938887751579,0.0,0
home,MT,UYCM,06290000,straddles,0.01,-0.2035961620589219,0.0,0
home,MT,UYCM,06290000,straddles,0.002,-0.381872005462935,0.0,0
home,MT,SEP,06334000,straddles,0.5,-0.5200678640825345,0.0,0
home,MT,SEP,06334000,straddles,0.2,-0.3121565585389456,0.0,0
home,MT,SEP,06334000,straddles,0.1,-0.1946583145417646,0.0,0
home,MT,SEP,06334000,straddles,0.04,-0.0751387138182164,0.0,0
home,MT,SEP,06334000,straddles,0.02,0.0011747634867327,0.0,0
home,MT,SEP,06334000,straddles,0.01,0.0659665917801288,0.0,0
home,MT,SEP,06334000,straddles,0.002,0.1966586876080884,0.0,0
home,MT,UYCM,06209500,straddles,0.5,-0.313555419383237,0.0,0
home,MT,UYCM,06209500,straddles,0.2,-0.2703230172328661,0.0,0
home,MT,UYCM,06209500,straddles,0.1,-0.2477390342587226,0.0,0
home,MT,UYCM,06209500,straddles,0.04,-0.2304698659288413,0.0,0
home,MT,UYCM,06209500,straddles,0.02,-0.2273073916493366,0.0,0
home,MT,UYCM,06209500,straddles,0.01,-0.2330469487984583,0.0,0
home,MT,UYCM,06209500,straddles,0.002,-0.2549756464333224,0.0,0
home,MT,SEP,06306900,border,0.5,0.3108673964947515,0.0,0
home,MT,SEP,06306900,border,0.2,0.1412707284656669,0.0,0
home,MT,SEP,06306900,border,0.1,0.0320973095119936,0.0,0
home,MT,SEP,06306900,border,0.04,-0.1015544610306427,0.0,0
home,MT,SEP,06306900,border,0.02,-0.1956716604370609,0.0,0
home,MT,SEP,06306900,border,0.01,-0.287331593104748,0.0,0
home,MT,SEP,06306900,border,0.002,-0.4880300175129557,0.0,0
home,MT,SEP,06324995,border,0.5,0.5982167355425438,0.0,0
home,MT,SEP,06324995,border,0.2,0.3049838457135378,0.0,0
home,MT,SEP,06324995,border,0.1,0.1914974978300043,0.0,0
home,MT,SEP,06324995,border,0.04,0.0912212949326094,0.0,0
home,MT,SEP,06324995,border,0.02,0.036247430550147,0.0,0
home,MT,SEP,06324995,border,0.01,-0.009313399612759,0.0,0
home,MT,SEP,06324995,border,0.002,-0.0812484193123062,0.0,0
home,MT,UYCM,06291500,straddles,0.5,-0.0550023180641709,0.0,0
home,MT,UYCM,06291500,straddles,0.2,0.0083581286346743,0.0,0
home,MT,UYCM,06291500,straddles,0.1,0.0513370653655611,0.0,0
home,MT,UYCM,06291500,straddles,0.04,0.0964174373491095,0.0,0
home,MT,UYCM,06291500,straddles,0.02,0.1213524009319946,0.0,0
home,MT,UYCM,06291500,straddles,0.01,0.1378050585188499,0.0,0
home,MT,UYCM,06291500,straddles,0.002,0.1694829119114476,0.0,0
home,MT,UYCM,06210000,border,0.5,-0.2589397242094589,0.0,0
home,MT,UYCM,06210000,border,0.2,-0.227185811467383,0.0,0
home,MT,UYCM,06210000,border,0.1,-0.231614329384493,0.0,0
home,MT,UYCM,06210000,border,0.04,-0.2594549849724923,0.0,0
home,MT,UYCM,06210000,border,0.02,-0.2942099440788719,0.0,0
home,MT,UYCM,06210000,border,0.01,-0.3403640268245751,0.0,0
home,MT,UYCM,06210000,border,0.002,-0.4630189634572197,0.0,0
home,MT,SEP,06334100,border,0.5,-0.3592684583574648,0.0,0
home,MT,SEP,06334100,border,0.2,-0.3559387213554736,0.0,0
home,MT,SEP,06334100,border,0.1,-0.3271570749446311,0.0,0
home,MT,SEP,06334100,border,0.04,-0.2756584719082235,0.0,0
home,MT,SEP,06334100,border,0.02,-0.230698373118467,0.0,0
home,MT,SEP,06334100,border,0.01,-0.1844609389406351,0.0,0
home,MT,SEP,06334100,border,0.002,-0.0744184778991363,0.0,0
home,MT,UYCM,06290500,straddles,0.5,0.0502182725520352,0.0,0
home,MT,UYCM,06290500,straddles,0.2,0.0608495116423717,0.0,0
home,MT,UYCM,06290500,straddles,0.1,0.0657165953844547,0.0,0
home,MT,UYCM,06290500,straddles,0.04,0.0592842964066129,0.0,0
home,MT,UYCM,06290500,straddles,0.02,0.043589091599117,0.0,0
home,MT,UYCM,06290500,straddles,0.01,0.0190506735430573,0.0,0
home,MT,UYCM,06290500,straddles,0.002,-0.0448042621952873,0.0,0
home,MT,SEP,06307600,straddles,0.5,0.5195148333240014,0.0,0
home,MT,SEP,06307600,straddles,0.2,0.2770710645855567,0.0,0
home,MT,SEP,06307600,straddles,0.1,0.2494611270717008,0.0,0
home,MT,SEP,06307600,straddles,0.04,0.2696239933768485,0.0,0
home,MT,SEP,06307600,straddles,0.02,0.306756020043482,0.0,0
home,MT,SEP,06307600,straddles,0.01,0.3504234791900207,0.0,0
home,MT,SEP,06307600,straddles,0.002,0.4730468110129102,0.0,0
home,MT,SEP,06325500,straddles,0.5,0.0365835165270174,0.0,0
home,MT,SEP,06325500,straddles,0.2,0.2657873593426205,0.0,0
home,MT,SEP,06325500,straddles,0.1,0.3796016471964272,0.0,0
home,MT,SEP,06325500,straddles,0.04,0.4883228394401411,0.0,1
home,MT,SEP,06325500,straddles,0.02,0.5552690657819461,0.0,1
home,MT,SEP,06325500,straddles,0.01,0.6109162041438663,0.0,1
home,MT,SEP,06325500,straddles,0.002,0.7174297466711574,0.0,1
home,MT,UYCM,06208500,straddles,0.5,-0.225741271025925,0.0,0
home,MT,UYCM,06208500,straddles,0.2,-0.1189813608603791,0.0,0
home,MT,UYCM,06208500,straddles,0.1,-0.0542068132088755,0.0,0
home,MT,UYCM,06208500,straddles,0.04,0.0084979794488759,0.0,0
home,MT,UYCM,06208500,straddles,0.02,0.0391609014039593,0.0,0
home,MT,UYCM,06208500,straddles,0.01,0.0579996822355655,0.0,0
home,MT,UYCM,06208500,straddles,0.002,0.0872640660013122,0.0,0
home,MT,UYCM,06293500,straddles,0.5,0.1208209086622522,0.0,0
home,MT,UYCM,06293500,straddles,0.2,0.1472411345599917,0.0,0
home,MT,UYCM,06293500,straddles,0.1,0.1771882734012941,0.0,0
home,MT,UYCM,06293500,straddles,0.04,0.2065791860612797,0.0,0
home,MT,UYCM,06293500,straddles,0.02,0.2185212054612302,0.0,0
home,MT,UYCM,06293500,straddles,0.01,0.2223102948925022,0.0,0
home,MT,UYCM,06293500,straddles,0.002,0.2273998000251884,0.0,0
home,MT,UYCM,06288500,straddles,0.5,0.0056636315953824,0.0,0
home,MT,UYCM,06288500,straddles,0.2,0.0776749992326584,0.0,0
home,MT,UYCM,06288500,straddles,0.1,0.1359879798414232,0.0,0
home,MT,UYCM,06288500,straddles,0.04,0.1974776532264917,0.0,0
home,MT,UYCM,06288500,straddles,0.02,0.2286959327023057,0.0,0
home,MT,UYCM,06288500,straddles,0.01,0.2497205685913064,0.0,0
home,MT,UYCM,06288500,straddles,0.002,0.2889194599532549,0.0,0
home,MT,UYCM,06214500,straddles,0.5,-0.3383384085515111,0.0,0
home,MT,UYCM,06214500,straddles,0.2,-0.2981970522248867,0.0,0
home,MT,UYCM,06214500,straddles,0.1,-0.25904499304316,0.0,0
home,MT,UYCM,06214500,straddles,0.04,-0.2172810354035155,0.0,0
home,MT,UYCM,06214500,straddles,0.02,-0.1980137833969619,0.0,0
home,MT,UYCM,06214500,straddles,0.01,-0.1870395217770619,0.0,0
home,MT,UYCM,06214500,straddles,0.002,-0.1683406267514886,0.0,0
home,MT,SEP,06307830,straddles,0.5,-0.4245468558612759,0.0,0
home,MT,SEP,06307830,straddles,0.2,-0.1711004784325704,0.0,0
home,MT,SEP,06307830,straddles,0.1,-0.0366774361577171,0.0,0
home,MT,SEP,06307830,straddles,0.04,0.0879023381555743,0.0,0
home,MT,SEP,06307830,straddles,0.02,0.1602875618611912,0.0,0
home,MT,SEP,06307830,straddles,0.01,0.2156940477818918,0.0,0
home,MT,SEP,06307830,straddles,0.002,0.3172898095573178,0.0,0
home,MT,UYCM,06294700,straddles,0.5,0.3511928142144356,0.0,0
home,MT,UYCM,06294700,straddles,0.2,0.3212495690475654,0.0,0
home,MT,UYCM,06294700,straddles,0.1,0.3191902302774023,0.0,0
home,MT,UYCM,06294700,straddles,0.04,0.310447882422368,0.0,0
home,MT,UYCM,06294700,straddles,0.02,0.2931595935784834,0.0,0
home,MT,UYCM,06294700,straddles,0.01,0.2684806551943852,0.0,0
home,MT,UYCM,06294700,straddles,0.002,0.2091720441693807,0.0,0
home,MT,SW,06054500,straddles,0.5,0.1726358181624228,0.0,0
home,MT,SW,06054500,straddles,0.2,0.0933143120586432,0.0,0
home,MT,SW,06054500,straddles,0.1,0.0778931707431036,0.0,0
home,MT,SW,06054500,straddles,0.04,0.0775992889279999,0.0,0
home,MT,SW,06054500,straddles,0.02,0.07968449112784,0.0,0
home,MT,SW,06054500,straddles,0.01,0.0873436266829763,0.0,0
home,MT,SW,06054500,straddles,0.002,0.1127985871568917,0.0,0
home,NM,7,09455800,border,0.5,0.2176025735325244,0.0,0
home,NM,7,09455800,border,0.2,0.2010005819155225,0.0,0
home,NM,7,09455800,border,0.1,0.2238837923037255,0.0,0
home,NM,7,09455800,border,0.04,0.2700443641418979,0.0,0
home,NM,7,09455800,border,0.02,0.3100507062402435,0.0,0
home,NM,7,09455800,border,0.01,0.3518363143379162,0.0,1
home,NM,7,09455800,border,0.002,0.4514471383563738,0.0,1
home,NM,8,09442660,straddles,0.5,-0.0974457887094342,0.0,0
home,NM,8,09442660,straddles,0.2,-0.2354684312761312,0.0,0
home,NM,8,09442660,straddles,0.1,-0.28284558456747,0.0,0
home,NM,8,09442660,straddles,0.04,-0.3162193348696029,0.0,0
home,NM,8,09442660,straddles,0.02,-0.3299439200686724,0.0,0
home,NM,8,09442660,straddles,0.01,-0.3360862077601823,0.0,0
home,NM,8,09442660,straddles,0.002,-0.3304171882129925,0.0,0
home,NM,8,09442630,border,0.5,-0.2478060149962118,0.0,0
home,NM,8,09442630,border,0.2,-0.0968631523284422,0.0,0
home,NM,8,09442630,border,0.1,-0.0391850701532856,0.0,0
home,NM,8,09442630,border,0.04,0.0046033406725602,0.0,0
home,NM,8,09442630,border,0.02,0.0224751654940824,0.0,0
home,NM,8,09442630,border,0.01,0.0317743249979933,0.0,0
home,NM,8,09442630,border,0.002,0.0316743180366572,0.0,0
home,NM,7,09443000,straddles,0.5,-0.0942681016122208,0.0,0
home,NM,7,09443000,straddles,0.2,-0.2058479398180095,0.0,0
home,NM,7,09443000,straddles,0.1,-0.2564058769340693,0.0,0
home,NM,7,09443000,straddles,0.04,-0.3039189483564364,0.0,0
home,NM,7,09443000,straddles,0.02,-0.3284138358501094,0.0,0
home,NM,7,09443000,straddles,0.01,-0.3478863840370678,0.0,0
home,NM,7,09443000,straddles,0.002,-0.3730663582909015,0.0,0
home,NM,7,09444000,straddles,0.5,0.2149898075791934,0.0,0
home,NM,7,09444000,straddles,0.2,0.1590034057607736,0.0,0
home,NM,7,09444000,straddles,0.1,0.1392608860457347,0.0,0
home,NM,7,09444000,straddles,0.04,0.1259240079069741,0.0,0
home,NM,7,09444000,straddles,0.02,0.1242555239604996,0.0,0
home,NM,7,09444000,straddles,0.01,0.1258021267901963,0.0,0
home,NM,7,09444000,straddles,0.002,0.1446349798548922,0.0,0
home,NM,7,09438200,straddles,0.5,0.2328696378483008,0.0,0
home,NM,7,09438200,straddles,0.2,0.1708952387513611,0.0,0
home,NM,7,09438200,straddles,0.1,0.1354965698258641,0.0,0
home,NM,7,09438200,straddles,0.04,0.0957993367509106,0.0,0
home,NM,7,09438200,straddles,0.02,0.070360884966151,0.0,0
home,NM,7,09438200,straddles,0.01,0.046466124982837,0.0,0
home,NM,7,09438200,straddles,0.002,-0.0007312735339271,0.0,0
home,NM,2,09367860,border,0.5,-0.6365263150278282,0.0,0
home,NM,2,09367860,border,0.2,-0.6652568020136158,0.0,1
home,NM,2,09367860,border,0.1,-0.6393470769455156,0.0,1
home,NM,2,09367860,border,0.04,-0.5869505065289471,0.0,1
home,NM,2,09367860,border,0.02,-0.5522435710467146,0.0,1
home,NM,2,09367860,border,0.01,-0.5057946502854289,0.0,1
home,NM,2,09367860,border,0.002,-0.4180328543034024,0.0,0
home,NM,7,09432000,border,0.5,0.0568831262274298,0.0,0
home,NM,7,09432000,border,0.2,0.0280027030606682,0.0,0
home,NM,7,09432000,border,0.1,0.0264580950656974,0.0,0
home,NM,7,09432000,border,0.04,0.0355468927117748,0.0,0
home,NM,7,09432000,border,0.02,0.0503188894064532,0.0,0
home,NM,7,09432000,border,0.01,0.0678435011091238,0.0,0
home,NM,7,09432000,border,0.002,0.123040126375832,0.0,0
home,NM,8,09442680,straddles,0.5,0.1105484504225007,0.0,0
home,NM,8,09442680,straddles,0.2,-0.0224058606426136,0.0,0
home,NM,8,09442680,straddles,0.1,-0.1083856002145875,0.0,0
home,NM,8,09442680,straddles,0.04,-0.213855610582319,0.0,0
home,NM,8,09442680,straddles,0.02,-0.2920681394317181,0.0,0
home,NM,8,09442680,straddles,0.01,-0.367196081235341,0.0,0
home,NM,8,09442680,straddles,0.002,-0.5332716201978256,0.0,0
home,NM,9,09395500,inland,0.5,0.0021864854887301,0.0,0
home,NM,9,09395500,inland,0.2,-0.0701074301195472,0.0,0
home,NM,9,09395500,inland,0.1,-0.0609322160206251,0.0,0
home,NM,9,09395500,inland,0.04,-0.0157490160546025,0.0,0
home,NM,9,09395500,inland,0.02,0.0249014753751106,0.0,0
home,NM,9,09395500,inland,0.01,0.0731841175305207,0.0,0
home,NM,9,09395500,inland,0.002,0.1920328816430103,0.0,0
home,NM,8,09442740,inland,0.5,0.6013000721659028,0.0,1
home,NM,8,09442740,inland,0.2,0.4284855433784007,0.0,1
home,NM,8,09442740,inland,0.1,0.3612500112489396,0.0,1
home,NM,8,09442740,inland,0.04,0.3054773516641096,0.0,0
home,NM,8,09442740,inland,0.02,0.2754556227822005,0.0,0
home,NM,8,09442740,inland,0.01,0.2544857866452812,0.0,0
home,NM,8,09442740,inland,0.002,0.229075654527612,0.0,0
home,NM,7,09431500,inland,0.5,-0.0537690222710978,0.0,0
home,NM,7,09431500,inland,0.2,-0.0632294327957643,0.0,0
home,NM,7,09431500,inland,0.1,-0.0526267090714682,0.0,0
home,NM,7,09431500,inland,0.04,-0.029147461789976,0.0,0
home,NM,7,09431500,inland,0.02,-0.0043776142311093,0.0,0
home,NM,7,09431500,inland,0.01,0.0226142519074246,0.0,0
home,NM,7,09431500,inland,0.002,0.0981833913274314,0.0,0
home,NM,2,09367950,straddles,0.5,-0.037364317693441,0.0,0
home,NM,2,09367950,straddles,0.2,-0.0843331390091877,0.0,0
home,NM,2,09367950,straddles,0.1,-0.0245835723921339,0.0,0
home,NM,2,09367950,straddles,0.04,0.0535514095715958,0.0,0
home,NM,2,09367950,straddles,0.02,0.0928645301042951,0.0,0
home,NM,2,09367950,straddles,0.01,0.1386729265439004,0.0,0
home,NM,2,09367950,straddles,0.002,0.2096884738036442,0.0,0
home,NM,7,09431000,inland,0.5,-0.074937476272582,0.0,0
home,NM,7,09431000,inland,0.2,0.0115382343142975,0.0,0
home,NM,7,09431000,inland,0.1,0.0829337771867946,0.0,0
home,NM,7,09431000,inland,0.04,0.1783213385857012,0.0,0
home,NM,7,09431000,inland,0.02,0.2529517349594288,0.0,0
home,NM,7,09431000,inland,0.01,0.3268554260147125,0.0,1
home,NM,7,09431000,inland,0.002,0.5024085929064874,0.0,1
home,NM,7,09430500,inland,0.5,0.3304335452995146,0.0,0
home,NM,7,09430500,inland,0.2,0.1733156892930023,0.0,0
home,NM,7,09430500,inland,0.1,0.0884872606668194,0.0,0
home,NM,7,09430500,inland,0.04,-0.0035348274608049,0.0,0
home,NM,7,09430500,inland,0.02,-0.0610842700766705,0.0,0
home,NM,7,09430500,inland,0.01,-0.1132139573246151,0.0,0
home,NM,7,09430500,inland,0.002,-0.2128459350720204,0.0,0
home,NM,5,08247500,border,0.5,-0.0414972078341127,0.0,0
home,NM,5,08247500,border,0.2,-0.0133625916476618,0.0,0
home,NM,5,08247500,border,0.1,0.0158289317329858,0.0,0
home,NM,5,08247500,border,0.04,0.0597016823576574,0.0,0
home,NM,5,08247500,border,0.02,0.0955609295850652,0.0,0
home,NM,5,08247500,border,0.01,0.1352090304760533,0.0,0
home,NM,5,08247500,border,0.002,0.2169169400210164,0.0,0
home,NM,1,07153500,straddles,0.5,0.0462913023337621,0.0,0
home,NM,1,07153500,straddles,0.2,0.0503218076156475,0.0,0
home,NM,1,07153500,straddles,0.1,0.0472522546999565,0.0,0
home,NM,1,07153500,straddles,0.04,0.0292516885790323,0.0,0
home,NM,1,07153500,straddles,0.02,0.00778061014858,0.0,0
home,NM,1,07153500,straddles,0.01,-0.0049255586359704,0.0,0
home,NM,1,07153500,straddles,0.002,-0.0551582243175232,0.0,0
home,NM,5,08248000,straddles,0.5,-0.2408626941991585,0.0,0
home,NM,5,08248000,straddles,0.2,-0.1375132345077396,0.0,0
home,NM,5,08248000,straddles,0.1,-0.0760144506349465,0.0,0
home,NM,5,08248000,straddles,0.04,-0.0023786213130523,0.0,0
home,NM,5,08248000,straddles,0.02,0.0505806328099098,0.0,0
home,NM,5,08248000,straddles,0.01,0.1047898893233534,0.0,0
home,NM,5,08248000,straddles,0.002,0.2120077575402552,0.0,0
home,NM,2,09346200,border,0.5,-0.1177006491205712,0.0,0
home,NM,2,09346200,border,0.2,-0.0851196697234719,0.0,0
home,NM,2,09346200,border,0.1,-0.0087859304054362,0.0,0
home,NM,2,09346200,border,0.04,0.0861460467949615,0.0,0
home,NM,2,09346200,border,0.02,0.1398285634178782,0.0,0
home,NM,2,09346200,border,0.01,0.1996492986072655,0.0,0
home,NM,2,09346200,border,0.002,0.2992896532684224,0.0,0
home,NM,2,09367000,straddles,0.5,0.4153137517998644,0.0,0
home,NM,2,09367000,straddles,0.2,0.0890039607548791,0.0,0
home,NM,2,09367000,straddles,0.1,-0.0652043496904748,0.0,0
home,NM,2,09367000,straddles,0.04,-0.2491504379404698,0.0,0
home,NM,2,09367000,straddles,0.02,-0.3951826614877993,0.0,0
home,NM,2,09367000,straddles,0.01,-0.5279101358834799,0.0,0
home,NM,2,09367000,straddles,0.002,-0.8569553172482944,0.0,0
home,NM,2,09368020,border,0.5,-0.0199492911798877,0.0,0
home,NM,2,09368020,border,0.2,-0.0687300909721857,0.0,0
home,NM,2,09368020,border,0.1,-0.0753628946669477,0.0,0
home,NM,2,09368020,border,0.04,-0.0648131674679315,0.0,0
home,NM,2,09368020,border,0.02,-0.060591015905381,0.0,0
home,NM,2,09368020,border,0.01,-0.0465186875760519,0.0,0
home,NM,2,09368020,border,0.002,-0.0236785822371894,0.0,0
home,NM,5,07201000,straddles,0.5,0.0098540781511986,0.0,0
home,NM,5,07201000,straddles,0.2,0.0683010510874924,0.0,0
home,NM,5,07201000,straddles,0.1,0.0987861616230234,0.0,0
home,NM,5,07201000,straddles,0.04,0.1307886633532335,0.0,0
home,NM,5,07201000,straddles,0.02,0.1528753316154936,0.0,0
home,NM,5,07201000,straddles,0.01,0.1776441984001748,0.0,0
home,NM,5,07201000,straddles,0.002,0.2208141241913326,0.0,0
home,NM,5,08253000,border,0.5,0.065718480228281,0.0,0
home,NM,5,08253000,border,0.2,0.0873984622470174,0.0,0
home,NM,5,08253000,border,0.1,0.0998383431868172,0.0,0
home,NM,5,08253000,border,0.04,0.1165615270356505,0.0,0
home,NM,5,08253000,border,0.02,0.1305043633436575,0.0,0
home,NM,5,08253000,border,0.01,0.1468246022288424,0.0,0
home,NM,5,08253000,border,0.002,0.1716541603892096,0.0,0
home,NM,5,08253500,border,0.5,0.135981383798419,0.0,0
home,NM,5,08253500,border,0.2,0.225408611299543,0.0,0
home,NM,5,08253500,border,0.1,0.2860714568461735,0.0,0
home,NM,5,08253500,border,0.04,0.3621621316542942,0.0,0
home,NM,5,08253500,border,0.02,0.4188582306424573,0.0,0
home,NM,5,08253500,border,0.01,0.4758240555298467,0.0,1
home,NM,5,08253500,border,0.002,0.5894802620023785,0.0,1
home,NM,1,07154400,border,0.5,-0.0729859976291589,0.0,0
home,NM,1,07154400,border,0.2,-0.0623572977788007,0.0,0
home,NM,1,07154400,border,0.1,-0.0391180299947198,0.0,0
home,NM,1,07154400,border,0.04,-0.012096359274472,0.0,0
home,NM,1,07154400,border,0.02,0.0053995980829482,0.0,0
home,NM,1,07154400,border,0.01,0.0343974714934613,0.0,0
home,NM,1,07154400,border,0.002,0.0879849197305384,0.0,0
home,NM,1,07201200,border,0.5,0.3437162640781113,0.0,0
home,NM,1,07201200,border,0.2,0.1694115310029595,0.0,0
home,NM,1,07201200,border,0.1,0.0662512621842785,0.0,0
home,NM,1,07201200,border,0.04,-0.0658416085151882,0.0,0
home,NM,1,07201200,border,0.02,-0.1635901108030335,0.0,0
home,NM,1,07201200,border,0.01,-0.2444900417989668,0.0,0
home,NM,1,07201200,border,0.002,-0.4353460023344255,0.0,0
home,NM,5,08263000,border,0.5,-0.0287096297109468,0.0,0
home,NM,5,08263000,border,0.2,0.0059935178344132,0.0,0
home,NM,5,08263000,border,0.1,0.0187748182002684,0.0,0
home,NM,5,08263000,border,0.04,0.0306826258090122,0.0,0
home,NM,5,08263000,border,0.02,0.0387755187840745,0.0,0
home,NM,5,08263000,border,0.01,0.047880383439153,0.0,0
home,NM,5,08263000,border,0.002,0.0527427381441789,0.0,0
home,NM,1,07199000,straddles,0.5,-0.3396117678690564,0.0,0
home,NM,1,07199000,straddles,0.2,-0.3027881808527679,0.0,0
home,NM,1,07199000,straddles,0.1,-0.2706908549101268,0.0,0
home,NM,1,07199000,straddles,0.04,-0.2377010865954059,0.0,0
home,NM,1,07199000,straddles,0.02,-0.2188224134949044,0.0,0
home,NM,1,07199000,straddles,0.01,-0.1891984564448758,0.0,0
home,NM,1,07199000,straddles,0.002,-0.1387153700888603,0.0,0
home,NM,2,09364500,straddles,0.5,-0.4319281377718709,0.0,0
home,NM,2,09364500,straddles,0.2,-0.455582339808914,0.0,0
home,NM,2,09364500,straddles,0.1,-0.3936859748030352,0.0,0
home,NM,2,09364500,straddles,0.04,-0.3055368538922427,0.0,0
home,NM,2,09364500,straddles,0.02,-0.2532913694895797,0.0,0
home,NM,2,09364500,straddles,0.01,-0.1906390695549609,0.0,0
home,NM,2,09364500,straddles,0.002,-0.0818372147793145,0.0,0
home,NM,5,07203000,straddles,0.5,0.0514783697236747,0.0,0
home,NM,5,07203000,straddles,0.2,-0.0257431873139797,0.0,0
home,NM,5,07203000,straddles,0.1,-0.0503113045911272,0.0,0
home,NM,5,07203000,straddles,0.04,-0.0629034229014302,0.0,0
home,NM,5,07203000,straddles,0.02,-0.0631184769797035,0.0,0
home,NM,5,07203000,straddles,0.01,-0.0547933012039978,0.0,0
home,NM,5,07203000,straddles,0.002,-0.0337525385938182,0.0,0
home,NM,5,08284100,straddles,0.5,-0.3633661600686717,0.0,0
home,NM,5,08284100,straddles,0.2,-0.3022772134849161,0.0,0
home,NM,5,08284100,straddles,0.1,-0.2743564767255058,0.0,0
home,NM,5,08284100,straddles,0.04,-0.244613751414997,0.0,0
home,NM,5,08284100,straddles,0.02,-0.22469461219961,0.0,0
home,NM,5,08284100,straddles,0.01,-0.2031212109851718,0.0,0
home,NM,5,08284100,straddles,0.002,-0.1698191297501319,0.0,0
home,OR,E3,13290190,border,0.5,-0.2007676283334745,0.0,0
home,OR,E3,13290190,border,0.2,-0.2125502120940239,0.0,0
home,OR,E3,13290190,border,0.1,-0.2160499057112948,0.0,0
home,OR,E3,13290190,border,0.04,-0.2196754805886516,0.0,0
home,OR,E3,13290190,border,0.02,-0.2221380339190348,0.0,0
home,OR,E3,13290190,border,0.01,-0.2242663208943449,0.0,0
home,OR,E3,13290190,border,0.002,-0.2272371073168972,0.0,0
home,OR,E3,13288200,inland,0.5,-0.3136925877112806,0.0,0
home,OR,E3,13288200,inland,0.2,-0.2295000648687408,0.0,0
home,OR,E3,13288200,inland,0.1,-0.1897141166684535,0.0,0
home,OR,E3,13288200,inland,0.04,-0.1523733469517973,0.0,0
home,OR,E3,13288200,inland,0.02,-0.1310885734605547,0.0,0
home,OR,E3,13288200,inland,0.01,-0.1136166250808936,0.0,0
home,OR,E3,13288200,inland,0.002,-0.0819133203113802,0.0,0
home,OR,E3,13292000,inland,0.5,0.0170355732845237,0.0,0
home,OR,E3,13292000,inland,0.2,0.0189647587081176,0.0,0
home,OR,E3,13292000,inland,0.1,0.0107513708546593,0.0,0
home,OR,E3,13292000,inland,0.04,-0.0069649887271201,0.0,0
home,OR,E3,13292000,inland,0.02,-0.0236755894754443,0.0,0
home,OR,E3,13292000,inland,0.01,-0.0421507249380193,0.0,0
home,OR,E3,13292000,inland,0.002,-0.0885886120157408,0.0,0
home,OR,E3,13333000,inland,0.5,-0.1788945398323331,0.0,0
home,OR,E3,13333000,inland,0.2,-0.1531465389008737,0.0,0
home,OR,E3,13333000,inland,0.1,-0.1426783438595977,0.0,0
home,OR,E3,13333000,inland,0.04,-0.1355957015324209,0.0,0
home,OR,E3,13333000,inland,0.02,-0.1338758667282817,0.0,0
home,OR,E3,13333000,inland,0.01,-0.1342738898657671,0.0,0
home,OR,E3,13333000,inland,0.002,-0.1398986936597355,0.0,0
home,OR,E3,13332500,inland,0.5,-0.0779099271693737,0.0,0
home,OR,E3,13332500,inland,0.2,-0.0182061259737249,0.0,0
home,OR,E3,13332500,inland,0.1,0.0138030229764822,0.0,0
home,OR,E3,13332500,inland,0.04,0.0467412503725039,0.0,0
home,OR,E3,13332500,inland,0.02,0.0668006790984394,0.0,0
home,OR,E3,13332500,inland,0.01,0.0840217369551181,0.0,0
home,OR,E3,13332500,inland,0.002,0.1173619195918824,0.0,0
home,OR,E5,10366000,straddles,0.5,-0.0232688861321483,0.0,0
home,OR,E5,10366000,straddles,0.2,-0.0311303043994395,0.0,0
home,OR,E5,10366000,straddles,0.1,-0.0279754035219537,0.0,0
home,OR,E5,10366000,straddles,0.04,-0.0194317309114495,0.0,0
home,OR,E5,10366000,straddles,0.02,-0.0107290836871327,0.0,0
home,OR,E5,10366000,straddles,0.01,-0.0020396879754773,0.0,0
home,OR,E5,10366000,straddles,0.002,0.0159940603033073,0.0,0
home,OR,E6,10406500,border,0.5,0.3430256201601098,0.0,0
home,OR,E6,10406500,border,0.2,0.4364027724104518,0.0,0
home,OR,E6,10406500,border,0.1,0.4749091418220561,0.0,0
home,OR,E6,10406500,border,0.04,0.5056757251377335,0.0,1
home,OR,E6,10406500,border,0.02,0.5195359853975066,0.0,1
home,OR,E6,10406500,border,0.01,0.5285393017363615,0.0,1
home,OR,E6,10406500,border,0.002,0.5388867016048993,0.0,0
home,OR,E5,10371500,inland,0.5,-0.0845629552429185,0.0,0
home,OR,E5,10371500,inland,0.2,-0.078422316154358,0.0,0
home,OR,E5,10371500,inland,0.1,-0.0732021198029673,0.0,0
home,OR,E5,10371500,inland,0.04,-0.0683298243648544,0.0,0
home,OR,E5,10371500,inland,0.02,-0.0653345921590391,0.0,0
home,OR,E5,10371500,inland,0.01,-0.0642069701604843,0.0,0
home,OR,E5,10371500,inland,0.002,-0.0667866983938978,0.0,0
home,OR,2,14211800,border,0.5,-0.0710529558736978,0.0,0
home,OR,2,14211800,border,0.2,-0.1294492530127859,0.0,0
home,OR,2,14211800,border,0.1,-0.1599896622211458,0.0,0
home,OR,2,14211800,border,0.04,-0.1927946830238682,0.0,0
home,OR,2,14211800,border,0.02,-0.2137866173310127,0.0,0
home,OR,2,14211800,border,0.01,-0.2330056740364696,0.0,0
home,OR,2,14211800,border,0.002,-0.2722673896962053,0.0,0
home,OR,E1,14118500,border,0.5,-0.2484344874487796,0.0,0
home,OR,E1,14118500,border,0.2,-0.1946476629788454,0.0,0
home,OR,E1,14118500,border,0.1,-0.1595942204799234,0.0,0
home,OR,E1,14118500,border,0.04,-0.1197785113520568,0.0,0
home,OR,E1,14118500,border,0.02,-0.0925832130887238,0.0,0
home,OR,E1,14118500,border,0.01,-0.0659430019932507,0.0,0
home,OR,E1,14118500,border,0.002,-0.0094670059671502,0.0,0
home,OR,2,14211000,inland,0.5,-0.0596377397902516,0.0,0
home,OR,2,14211000,inland,0.2,-0.0412579931511745,0.0,0
home,OR,2,14211000,inland,0.1,-0.0377218679170132,0.0,0
home,OR,2,14211000,inland,0.04,-0.0404090168310276,0.0,0
home,OR,2,14211000,inland,0.02,-0.045005290739275,0.0,0
home,OR,2,14211000,inland,0.01,-0.051787037693523,0.0,0
home,OR,2,14211000,inland,0.002,-0.0720804607214535,0.0,0
home,OR,E3,13323500,inland,0.5,0.15275054000778,0.0,0
home,OR,E3,13323500,inland,0.2,0.2166023919081512,0.0,0
home,OR,E3,13323500,inland,0.1,0.253049502299715,0.0,0
home,OR,E3,13323500,inland,0.04,0.2923658870443919,0.0,0
home,OR,E3,13323500,inland,0.02,0.3175633268775097,0.0,0
home,OR,E3,13323500,inland,0.01,0.3401377228244264,0.0,0
home,OR,E3,13323500,inland,0.002,0.3864835408386025,0.0,0
home,UT,6,09403600,border,0.5,0.3773459335853699,0.0,0
home,UT,6,09403600,border,0.2,0.2877040389713121,0.0,0
home,UT,6,09403600,border,0.1,0.251391849324905,0.0,0
home,UT,6,09403600,border,0.04,0.2362671660046542,0.0,0
home,UT,6,09403600,border,0.02,0.2316917390834723,0.0,0
home,UT,6,09403600,border,0.01,0.2597156924016102,0.0,0
home,UT,6,09403600,border,0.002,0.2327712472496057,0.0,0
home,UT,6,09381800,border,0.5,-0.1854328212847971,0.0,0
home,UT,6,09381800,border,0.2,-0.1723046720889938,0.0,0
home,UT,6,09381800,border,0.1,-0.1648824441531893,0.0,0
home,UT,6,09381800,border,0.04,-0.1400534194463518,0.0,0
home,UT,6,09381800,border,0.02,-0.1229158907885317,0.0,0
home,UT,6,09381800,border,0.01,-0.0689489223214723,0.0,0
home,UT,6,09381800,border,0.002,-0.0770664717629241,0.0,0
home,UT,7,09404900,border,0.5,-0.3080121760183458,0.0,0
home,UT,7,09404900,border,0.2,-0.2154100561315335,0.0,0
home,UT,7,09404900,border,0.1,-0.1407438424891842,0.0,0
home,UT,7,09404900,border,0.04,-0.0468040007606767,0.0,0
home,UT,7,09404900,border,0.02,0.0212120881324304,0.0,0
home,UT,7,09404900,border,0.01,0.089294650140157,0.0,0
home,UT,7,09404900,border,0.002,0.2323861765442019,0.0,0
home,UT,7,09406100,inland,0.5,-0.4132866731560258,0.0,0
home,UT,7,09406100,inland,0.2,-0.3312939832802213,0.0,0
home,UT,7,09406100,inland,0.1,-0.2795161585199612,0.0,0
home,UT,7,09406100,inland,0.04,-0.2202970601834142,0.0,0
home,UT,7,09406100,inland,0.02,-0.1793992581819363,0.0,0
home,UT,7,09406100,inland,0.01,-0.1377226321843183,0.0,0
home,UT,7,09406100,inland,0.002,-0.0539630452628383,0.0,0
home,UT,7,09406000,inland,0.5,-0.4220134734811678,0.0,0
home,UT,7,09406000,inland,0.2,-0.3891820770569953,0.0,0
home,UT,7,09406000,inland,0.1,-0.3827167630977395,0.0,0
home,UT,7,09406000,inland,0.04,-0.3856467813573383,0.0,0
home,UT,7,09406000,inland,0.02,-0.3920611465847674,0.0,0
home,UT,7,09406000,inland,0.01,-0.3975031820484251,0.0,0
home,UT,7,09406000,inland,0.002,-0.4214333999555437,0.0,0
home,UT,7,09405500,inland,0.5,-0.3982821475377243,0.0,0
home,UT,7,09405500,inland,0.2,-0.3257585854001226,0.0,0
home,UT,7,09405500,inland,0.1,-0.2881837247512888,0.0,0
home,UT,7,09405500,inland,0.04,-0.2505540848038849,0.0,0
home,UT,7,09405500,inland,0.02,-0.2266972934728679,0.0,0
home,UT,7,09405500,inland,0.01,-0.2026862972776464,0.0,0
home,UT,7,09405500,inland,0.002,-0.1587242089488221,0.0,0
home,UT,6,09182000,border,0.5,0.762689798486608,0.0,1
home,UT,6,09182000,border,0.2,0.9101953431271792,0.0,1
home,UT,6,09182000,border,0.1,0.9916583589495542,0.0,1
home,UT,6,09182000,border,0.04,1.0977755225250632,0.0,1
home,UT,6,09182000,border,0.02,1.1703714874020257,0.0,1
home,UT,6,09182000,border,0.01,1.242187379551901,0.0,1
home,UT,6,09182000,border,0.002,1.3707294902771028,0.0,1
home,UT,6,09185500,straddles,0.5,0.3490425045427532,0.0,0
home,UT,6,09185500,straddles,0.2,0.2717175887654139,0.0,0
home,UT,6,09185500,straddles,0.1,0.2179036311894799,0.0,0
home,UT,6,09185500,straddles,0.04,0.166731254770545,0.0,0
home,UT,6,09185500,straddles,0.02,0.1291372083445034,0.0,0
home,UT,6,09185500,straddles,0.01,0.1257962435056727,0.0,0
home,UT,6,09185500,straddles,0.002,0.0029130411125333,0.0,0
home,UT,6,09308000,inland,0.5,0.3718075583292259,0.0,0
home,UT,6,09308000,inland,0.2,0.1988355335180638,0.0,0
home,UT,6,09308000,inland,0.1,0.1099428835870179,0.0,0
home,UT,6,09308000,inland,0.04,0.0339350642700173,0.0,0
home,UT,6,09308000,inland,0.02,-0.013185534158663,0.0,0
home,UT,6,09308000,inland,0.01,-0.0144993556097468,0.0,0
home,UT,6,09308000,inland,0.002,-0.1389447217800077,0.0,0
home,UT,1,10099000,straddles,0.5,-0.222381173232057,0.0,0
home,UT,1,10099000,straddles,0.2,-0.1429235690410717,0.0,0
home,UT,1,10099000,straddles,0.1,-0.1508685191613561,0.0,0
home,UT,1,10099000,straddles,0.04,-0.1501406280423842,0.0,0
home,UT,1,10099000,straddles,0.02,-0.1520839999163494,0.0,0
home,UT,1,10099000,straddles,0.01,-0.1735382539309125,0.0,0
home,UT,1,10099000,straddles,0.002,-0.2251411700352399,0.0,0
home,UT,3,13077700,border,0.5,-0.372958101626216,0.0,0
home,UT,3,13077700,border,0.2,-0.0958602644582198,0.0,0
home,UT,3,13077700,border,0.1,0.0307878628544777,0.0,0
home,UT,3,13077700,border,0.04,0.1467634170135903,0.0,0
home,UT,3,13077700,border,0.02,0.2159283555190816,0.0,0
home,UT,3,13077700,border,0.01,0.2702502221695542,0.0,0
home,UT,3,13077700,border,0.002,0.3693430087174061,0.0,0
home,UT,3,10172952,border,0.5,-0.1565765060922683,0.0,0
home,UT,3,10172952,border,0.2,0.0810620461632429,0.0,0
home,UT,3,10172952,border,0.1,0.2112999689878869,0.0,0
home,UT,3,10172952,border,0.04,0.349280009622364,0.0,0
home,UT,3,10172952,border,0.02,0.4425101532036599,0.0,0
home,UT,3,10172952,border,0.01,0.5250708052845532,0.0,0
home,UT,3,10172952,border,0.002,0.7005863872050608,0.0,0
home,UT,3,10172870,border,0.5,-0.1337249758778573,0.0,0
home,UT,3,10172870,border,0.2,0.04992173362567,0.0,0
home,UT,3,10172870,border,0.1,0.1527861438058435,0.0,0
home,UT,3,10172870,border,0.04,0.2624146081144181,0.0,0
home,UT,3,10172870,border,0.02,0.3378927100652138,0.0,0
home,UT,3,10172870,border,0.01,0.4048874345215765,0.0,0
home,UT,3,10172870,border,0.002,0.5500212988650732,0.0,0
home,UT,1,10011500,border,0.5,-0.1786728002485298,0.0,0
home,UT,1,10011500,border,0.2,-0.1617807384445564,0.0,0
home,UT,1,10011500,border,0.1,-0.180613087487151,0.0,0
home,UT,1,10011500,border,0.04,-0.1623865937740807,0.0,0
home,UT,1,10011500,border,0.02,-0.1394334975645961,0.0,0
home,UT,1,10011500,border,0.01,-0.1238999837626599,0.0,0
home,UT,1,10011500,border,0.002,-0.1119590119850069,0.0,0
home,UT,1,09217900,border,0.5,-0.1236900991775185,0.0,0
home,UT,1,09217900,border,0.2,-0.1420806830916414,0.0,0
home,UT,1,09217900,border,0.1,-0.1831547531821966,0.0,0
home,UT,1,09217900,border,0.04,-0.1874704543558945,0.0,0
home,UT,1,09217900,border,0.02,-0.1783434917890733,0.0,0
home,UT,1,09217900,border,0.01,-0.1775631250270422,0.0,0
home,UT,1,09217900,border,0.002,-0.1925101915427056,0.0,0
home,UT,1,09226500,border,0.5,0.1605802272703616,0.0,0
home,UT,1,09226500,border,0.2,0.1295955924981222,0.0,0
home,UT,1,09226500,border,0.1,0.0788940431171036,0.0,0
home,UT,1,09226500,border,0.04,0.0616587986128513,0.0,0
home,UT,1,09226500,border,0.02,0.0621369389268058,0.0,0
home,UT,1,09226500,border,0.01,0.0485802512101249,0.0,0
home,UT,1,09226500,border,0.002,0.023060320766739,0.0,0
home,UT,1,10023000,border,0.5,0.6970151264641173,0.0,1
home,UT,1,10023000,border,0.2,0.6368252814979791,0.0,1
home,UT,1,10023000,border,0.1,0.5824819191735529,0.0,1
home,UT,1,10023000,border,0.04,0.5533245518248755,0.0,1
home,UT,1,10023000,border,0.02,0.5422223787500808,0.0,1
home,UT,1,10023000,border,0.01,0.5247981461731923,0.0,1
home,UT,1,10023000,border,0.002,0.488134796320268,0.0,0
home,WA,1,13335050,border,0.5,0.1009501854312415,0.0,0
home,WA,1,13335050,border,0.2,0.0741588347018247,0.0,0
home,WA,1,13335050,border,0.1,0.058775145164315,0.0,0
home,WA,1,13335050,border,0.04,0.0394959138962964,0.0,0
home,WA,1,13335050,border,0.02,0.0301060931041234,0.0,0
home,WA,1,13335050,border,0.01,0.017527945392425,0.0,0
home,WA,1,13335050,border,0.002,-0.0200042653323593,0.0,0
home,WA,1,13334700,border,0.5,0.1284459023709425,0.0,0
home,WA,1,13334700,border,0.2,0.0546777366407238,0.0,0
home,WA,1,13334700,border,0.1,0.0100980554344038,0.0,0
home,WA,1,13334700,border,0.04,-0.0448094649145915,0.0,0
home,WA,1,13334700,border,0.02,-0.0798639385298365,0.0,0
home,WA,1,13334700,border,0.01,-0.1173436860047409,0.0,0
home,WA,1,13334700,border,0.002,-0.2113047235969802,0.0,0
home,WA,1,13348400,border,0.5,-0.3459870600020731,0.0,0
home,WA,1,13348400,border,0.2,-0.2578605044913769,0.0,0
home,WA,1,13348400,border,0.1,-0.2152203070978031,0.0,0
home,WA,1,13348400,border,0.04,-0.1689084510631318,0.0,0
home,WA,1,13348400,border,0.02,-0.1372153638559252,0.0,0
home,WA,1,13348400,border,0.01,-0.1133286315022843,0.0,0
home,WA,1,13348400,border,0.002,-0.0753655150361143,0.0,0
home,WA,1,13348500,straddles,0.5,-0.280156821514502,0.0,0
home,WA,1,13348500,straddles,0.2,-0.1451788203141397,0.0,0
home,WA,1,13348500,straddles,0.1,-0.0772567963263566,0.0,0
home,WA,1,13348500,straddles,0.04,-0.0046706653854315,0.0,0
home,WA,1,13348500,straddles,0.02,0.0462010531166048,0.0,0
home,WA,1,13348500,straddles,0.01,0.0874664448924429,0.0,0
home,WA,1,13348500,straddles,0.002,0.1615233207816917,0.0,0
home,WA,1,13348000,straddles,0.5,-0.1165757216443768,0.0,0
home,WA,1,13348000,straddles,0.2,-0.0471924061837816,0.0,0
home,WA,1,13348000,straddles,0.1,-0.0151172094813136,0.0,0
home,WA,1,13348000,straddles,0.04,0.0169333251718906,0.0,0
home,WA,1,13348000,straddles,0.02,0.0418817757574245,0.0,0
home,WA,1,13348000,straddles,0.01,0.0589836220376245,0.0,0
home,WA,1,13348000,straddles,0.002,0.0818819801794799,0.0,0
home,WA,1,13334500,border,0.5,0.1844320410802744,0.0,0
home,WA,1,13334500,border,0.2,0.2377708370572642,0.0,0
home,WA,1,13334500,border,0.1,0.2670553546224079,0.0,0
home,WA,1,13334500,border,0.04,0.2963529525052735,0.0,0
home,WA,1,13334500,border,0.02,0.3187364416304405,0.0,0
home,WA,1,13334500,border,0.01,0.3349674667180826,0.0,0
home,WA,1,13334500,border,0.002,0.3555259239020962,0.0,0
home,WA,2,12395900,border,0.5,-0.1431245942553636,0.0,0
home,WA,2,12395900,border,0.2,0.0478976253555969,0.0,0
home,WA,2,12395900,border,0.1,0.1537943310371141,0.0,0
home,WA,2,12395900,border,0.04,0.2647889960395599,0.0,0
home,WA,2,12395900,border,0.02,0.3405368873601544,0.0,0
home,WA,2,12395900,border,0.01,0.4038944166574074,0.0,0
home,WA,2,12395900,border,0.002,0.5343120013579146,0.0,0
home,WA,2,12396900,border,0.5,-0.1046128473259657,0.0,0
home,WA,2,12396900,border,0.2,-0.1565596276697847,0.0,0
home,WA,2,12396900,border,0.1,-0.1784545679915883,0.0,0
home,WA,2,12396900,border,0.04,-0.2032572300342097,0.0,0
home,WA,2,12396900,border,0.02,-0.2106134813009261,0.0,0
home,WA,2,12396900,border,0.01,-0.2243473160297848,0.0,0
home,WA,2,12396900,border,0.002,-0.2492225733298023,0.0,0
home,WA,1,13334450,border,0.5,0.0443855438049349,0.0,0
home,WA,1,13334450,border,0.2,0.066385680065141,0.0,0
home,WA,1,13334450,border,0.1,0.0833393838623455,0.0,0
home,WA,1,13334450,border,0.04,0.1018494101587959,0.0,0
home,WA,1,13334450,border,0.02,0.1184516050920501,0.0,0
home,WA,1,13334450,border,0.01,0.1303363730800857,0.0,0
home,WA,1,13334450,border,0.002,0.1439668189998695,0.0,0
home,WA,1,13346100,straddles,0.5,-0.3803886712873456,0.0,0
home,WA,1,13346100,straddles,0.2,-0.3328587828343741,0.0,0
home,WA,1,13346100,straddles,0.1,-0.3001994538266834,0.0,0
home,WA,1,13346100,straddles,0.04,-0.2624658782097517,0.0,0
home,WA,1,13346100,straddles,0.02,-0.2299564262693971,0.0,0
home,WA,1,13346100,straddles,0.01,-0.2035265341531058,0.0,0
home,WA,1,13346100,straddles,0.002,-0.1572313817252331,0.0,0
home,WA,1,12424000,straddles,0.5,-0.4495519176087224,0.0,0
home,WA,1,12424000,straddles,0.2,-0.3773721424207017,0.0,0
home,WA,1,12424000,straddles,0.1,-0.3378569271082972,0.0,0
home,WA,1,12424000,straddles,0.04,-0.2951096208797947,0.0,0
home,WA,1,12424000,straddles,0.02,-0.2613032651180509,0.0,0
home,WA,1,12424000,straddles,0.01,-0.2342869624163741,0.0,0
home,WA,1,12424000,straddles,0.002,-0.1874239669053512,0.0,0
home,WA,1,14013000,straddles,0.5,0.063860788493975,0.0,0
home,WA,1,14013000,straddles,0.2,-0.0582507091786483,0.0,0
home,WA,1,14013000,straddles,0.1,-0.1189485104665637,0.0,0
home,WA,1,14013000,straddles,0.04,-0.1865875312248111,0.0,0
home,WA,1,14013000,straddles,0.02,-0.2230481321090476,0.0,0
home,WA,1,14013000,straddles,0.01,-0.2630906469234011,0.0,0
home,WA,1,14013000,straddles,0.002,-0.362611083264774,0.0,0
home,WA,4,14144600,border,0.5,-0.2932091961369467,0.0,0
home,WA,4,14144600,border,0.2,-0.2110804220829414,0.0,0
home,WA,4,14144600,border,0.1,-0.1673436850281833,0.0,0
home,WA,4,14144600,border,0.04,-0.1309210238978337,0.0,0
home,WA,4,14144600,border,0.02,-0.1089026504083139,0.0,0
home,WA,4,14144600,border,0.01,-0.0887731198464842,0.0,0
home,WA,4,14144600,border,0.002,-0.0607199062004051,0.0,0
home,WA,4,14125500,border,0.5,0.1244388359001384,0.0,0
home,WA,4,14125500,border,0.2,0.122398090668383,0.0,0
home,WA,4,14125500,border,0.1,0.1216746314842445,0.0,0
home,WA,4,14125500,border,0.04,0.1080914453352881,0.0,0
home,WA,4,14125500,border,0.02,0.0971400087063436,0.0,0
home,WA,4,14125500,border,0.01,0.0856678073626255,0.0,0
home,WA,4,14125500,border,0.002,0.0511014217303635,0.0,0
home,WA,4,14223800,border,0.5,-0.0599261893878988,0.0,0
home,WA,4,14223800,border,0.2,0.027629592272623,0.0,0
home,WA,4,14223800,border,0.1,0.0759323359507329,0.0,0
home,WA,4,14223800,border,0.04,0.1179658869648869,0.0,0
home,WA,4,14223800,border,0.02,0.1443313088450786,0.0,0
home,WA,4,14223800,border,0.01,0.168717674850892,0.0,0
home,WA,4,14223800,border,0.002,0.2067130874360256,0.0,0
home,WA,4,14143200,border,0.5,0.1154380919196729,0.0,0
home,WA,4,14143200,border,0.2,0.1398215366072248,0.0,0
home,WA,4,14143200,border,0.1,0.1561672293474116,0.0,0
home,WA,4,14143200,border,0.04,0.161136055067038,0.0,0
home,WA,4,14143200,border,0.02,0.1644608353878274,0.0,0
home,WA,4,14143200,border,0.01,0.1691981771331958,0.0,0
home,WA,4,14143200,border,0.002,0.1640373593645239,0.0,0
home,WA,4,14128500,border,0.5,-0.1241011241346221,0.0,0
home,WA,4,14128500,border,0.2,-0.1492975284153521,0.0,0
home,WA,4,14128500,border,0.1,-0.154407739713557,0.0,0
home,WA,4,14128500,border,0.04,-0.1695435164653282,0.0,0
home,WA,4,14128500,border,0.02,-0.1778246637306191,0.0,0
home,WA,4,14128500,border,0.01,-0.1840214383530769,0.0,0
home,WA,4,14128500,border,0.002,-0.2045724622591187,0.0,0
home,WA,4,14123500,border,0.5,0.3364448685883916,0.0,0
home,WA,4,14123500,border,0.2,0.372869781533796,0.0,1
home,WA,4,14123500,border,0.1,0.3985663341610213,0.0,1
home,WA,4,14123500,border,0.04,0.4195484965799387,0.0,1
home,WA,4,14123500,border,0.02,0.4332583668668395,0.0,1
home,WA,4,14123500,border,0.01,0.4448628543925119,0.0,1
home,WA,4,14123500,border,0.002,0.4653367656489298,0.0,1
home,WA,4,14125200,border,0.5,-0.1130314700299406,0.0,0
home,WA,4,14125200,border,0.2,-0.0636761930956231,0.0,0
home,WA,4,14125200,border,0.1,-0.0358851328855078,0.0,0
home,WA,4,14125200,border,0.04,-0.0164275359233183,0.0,0
home,WA,4,14125200,border,0.02,-0.0050102939676839,0.0,0
home,WA,4,14125200,border,0.01,0.0052990001192108,0.0,0
home,WA,4,14125200,border,0.002,0.0150532383187491,0.0,0
home,WA,1,14013500,border,0.5,0.1789090322345798,0.0,0
home,WA,1,14013500,border,0.2,0.1618609608878514,0.0,0
home,WA,1,14013500,border,0.1,0.1641294792204233,0.0,0
home,WA,1,14013500,border,0.04,0.1739823940549985,0.0,0
home,WA,1,14013500,border,0.02,0.1921041629732336,0.0,0
home,WA,1,14013500,border,0.01,0.2044661351265899,0.0,0
home,WA,1,14013500,border,0.002,0.2234407098287398,0.0,0
home,WA,4,14247500,border,0.5,-0.1684548599602893,0.0,0
home,WA,4,14247500,border,0.2,-0.1148146446172191,0.0,0
home,WA,4,14247500,border,0.1,-0.076887804624774,0.0,0
home,WA,4,14247500,border,0.04,-0.0445073283704511,0.0,0
home,WA,4,14247500,border,0.02,-0.0212091060453287,0.0,0
home,WA,4,14247500,border,0.01,0.0019744379497037,0.0,0
home,WA,4,14247500,border,0.002,0.0416009275211113,0.0,0
home,WA,4,14245000,border,0.5,-0.051292405314657,0.0,0
home,WA,4,14245000,border,0.2,0.0049604558214153,0.0,0
home,WA,4,14245000,border,0.1,0.0386316021012942,0.0,0
home,WA,4,14245000,border,0.04,0.0639789824161938,0.0,0
home,WA,4,14245000,border,0.02,0.0800045691630622,0.0,0
home,WA,4,14245000,border,0.01,0.094234340905448,0.0,0
home,WA,4,14245000,border,0.002,0.1139470185501911,0.0,0
home,WA,4,14143500,border,0.5,-0.3410421917961459,0.0,0
home,WA,4,14143500,border,0.2,-0.3314065029002453,0.0,0
home,WA,4,14143500,border,0.1,-0.3179713072916481,0.0,0
home,WA,4,14143500,border,0.04,-0.3145519290971821,0.0,0
home,WA,4,14143500,border,0.02,-0.3103747119075315,0.0,0
home,WA,4,14143500,border,0.01,-0.3044850279008324,0.0,0
home,WA,4,14143500,border,0.002,-0.302881287342327,0.0,0
home,WA,4,14123000,border,0.5,0.4734728764215599,0.0,1
home,WA,4,14123000,border,0.2,0.4971638187155482,0.0,1
home,WA,4,14123000,border,0.1,0.5111482077926004,0.0,1
home,WA,4,14123000,border,0.04,0.5148320433547298,0.0,1
home,WA,4,14123000,border,0.02,0.5153767392231039,0.0,1
home,WA,4,14123000,border,0.01,0.5140696039318424,0.0,1
home,WA,4,14123000,border,0.002,0.5026749172959732,0.0,1
home,WA,4,14223000,border,0.5,0.082420250955951,0.0,0
home,WA,4,14223000,border,0.2,0.0754473951049794,0.0,0
home,WA,4,14223000,border,0.1,0.0746223918195108,0.0,0
home,WA,4,14223000,border,0.04,0.0591541048123458,0.0,0
home,WA,4,14223000,border,0.02,0.0485313276194201,0.0,0
home,WA,4,14223000,border,0.01,0.0390291672569604,0.0,0
home,WA,4,14223000,border,0.002,0.0059208787143427,0.0,0
home,WA,4,14113000,border,0.5,0.3869736766258991,0.0,1
home,WA,4,14113000,border,0.2,0.3842807703779956,0.0,1
home,WA,4,14113000,border,0.1,0.3831207117860167,0.0,1
home,WA,4,14113000,border,0.04,0.3741095321505687,0.0,1
home,WA,4,14113000,border,0.02,0.3650180008210339,0.0,0
home,WA,4,14113000,border,0.01,0.3526518235178413,0.0,0
home,WA,4,14113000,border,0.002,0.3249792392761765,0.0,0
home,WA,1,14013700,straddles,0.5,0.0455515077674344,0.0,0
home,WA,1,14013700,straddles,0.2,-0.0235251810825762,0.0,0
home,WA,1,14013700,straddles,0.1,-0.0579427820395865,0.0,0
home,WA,1,14013700,straddles,0.04,-0.0969771632131641,0.0,0
home,WA,1,14013700,straddles,0.02,-0.1147326003386801,0.0,0
home,WA,1,14013700,straddles,0.01,-0.1376853156020594,0.0,0
home,WA,1,14013700,straddles,0.002,-0.2006651578436988,0.0,0
home,WA,1,14015900,border,0.5,0.2768716456401774,0.0,0
home,WA,1,14015900,border,0.2,0.144979530978337,0.0,0
home,WA,1,14015900,border,0.1,0.0735121117211785,0.0,0
home,WA,1,14015900,border,0.04,-0.0010243062088388,0.0,0
home,WA,1,14015900,border,0.02,-0.0450529947011779,0.0,0
home,WA,1,14015900,border,0.01,-0.0897930217472677,0.0,0
home,WA,1,14015900,border,0.002,-0.1901815401443904,0.0,0
home,WA,4,12010600,border,0.5,0.1428579357033692,0.0,0
home,WA,4,12010600,border,0.2,0.2094806053911266,0.0,0
home,WA,4,12010600,border,0.1,0.2553983801678741,0.0,0
home,WA,4,12010600,border,0.04,0.2934480184284802,0.0,0
home,WA,4,12010600,border,0.02,0.3219549920216482,0.0,0
home,WA,4,12010600,border,0.01,0.3528307381599269,0.0,0
home,WA,4,12010600,border,0.002,0.4010811408047567,0.0,1
home,WA,4,14127000,border,0.5,0.0273047363214549,0.0,0
home,WA,4,14127000,border,0.2,0.079372518351934,0.0,0
home,WA,4,14127000,border,0.1,0.1171684708749936,0.0,0
home,WA,4,14127000,border,0.04,0.1494601180093284,0.0,0
home,WA,4,14127000,border,0.02,0.1729948116747941,0.0,0
home,WA,4,14127000,border,0.01,0.1965126861355388,0.0,0
home,WA,4,14127000,border,0.002,0.237181120662882,0.0,0
home,WA,4,14250500,border,0.5,-0.2050374266246262,0.0,0
home,WA,4,14250500,border,0.2,-0.2022505907961402,0.0,0
home,WA,4,14250500,border,0.1,-0.1921326693380356,0.0,0
home,WA,4,14250500,border,0.04,-0.1941777322139719,0.0,0
home,WA,4,14250500,border,0.02,-0.1928270994735648,0.0,0
home,WA,4,14250500,border,0.01,-0.1878942199336553,0.0,0
home,WA,4,14250500,border,0.002,-0.1924805893755365,0.0,0
home,WA,4,14249000,border,0.5,-0.2447113923210024,0.0,0
home,WA,4,14249000,border,0.2,-0.2284248449138237,0.0,0
home,WA,4,14249000,border,0.1,-0.2075087769457813,0.0,0
home,WA,4,14249000,border,0.04,-0.194086378258206,0.0,0
home,WA,4,14249000,border,0.02,-0.1815043220793257,0.0,0
home,WA,4,14249000,border,0.01,-0.1662014477424622,0.0,0
home,WA,4,14249000,border,0.002,-0.1445122785866974,0.0,0
home,WA,4,14144550,border,0.5,0.0954285213099186,0.0,0
home,WA,4,14144550,border,0.2,0.1466020870384397,0.0,0
home,WA,4,14144550,border,0.1,0.1807898190145294,0.0,0
home,WA,4,14144550,border,0.04,0.2101815397898581,0.0,0
home,WA,4,14144550,border,0.02,0.2305300267682968,0.0,0
home,WA,4,14144550,border,0.01,0.2509954203379978,0.0,0
home,WA,4,14144550,border,0.002,0.2838296021299524,0.0,0
home,WA,4,14243500,border,0.5,-0.257099680760422,0.0,0
home,WA,4,14243500,border,0.2,-0.2193897204973254,0.0,0
home,WA,4,14243500,border,0.1,-0.1956336702290393,0.0,0
home,WA,4,14243500,border,0.04,-0.1798634252345419,0.0,0
home,WA,4,14243500,border,0.02,-0.1700306027505118,0.0,0
home,WA,4,14243500,border,0.01,-0.1609731354289865,0.0,0
home,WA,4,14243500,border,0.002,-0.1519117849664719,0.0,0
home,WA,4,14112200,border,0.5,-0.2416862425969548,0.0,0
home,WA,4,14112200,border,0.2,-0.3464143606628178,0.0,0
home,WA,4,14112200,border,0.1,-0.4080522748301334,0.0,1
home,WA,4,14112200,border,0.04,-0.4857674413681769,0.0,1
home,WA,4,14112200,border,0.02,-0.5414127053235471,0.0,1
home,WA,4,14112200,border,0.01,-0.5947125313677764,0.0,1
home,WA,4,14112200,border,0.002,-0.7161148002108799,0.0,1
home,WA,4,14112000,border,0.5,0.0622461701890069,0.0,0
home,WA,4,14112000,border,0.2,0.0309981231719294,0.0,0
home,WA,4,14112000,border,0.1,0.0144647057663984,0.0,0
home,WA,4,14112000,border,0.04,-0.0101299620897896,0.0,0
home,WA,4,14112000,border,0.02,-0.0292272804673925,0.0,0
home,WA,4,14112000,border,0.01,-0.0498185219067863,0.0,0
home,WA,4,14112000,border,0.002,-0.09542518858074,0.0,0
home,WA,4,14112500,inland,0.5,0.0614706246931797,0.0,0
home,WA,4,14112500,inland,0.2,0.0274478770060606,0.0,0
home,WA,4,14112500,inland,0.1,0.0150646863015122,0.0,0
home,WA,4,14112500,inland,0.04,-0.0007647493606306,0.0,0
home,WA,4,14112500,inland,0.02,-0.0120768730548537,0.0,0
home,WA,4,14112500,inland,0.01,-0.0246789825500854,0.0,0
home,WA,4,14112500,inland,0.002,-0.0483240617838296,0.0,0
home,WA,1,14017000,inland,0.5,-0.0645167521589069,0.0,0
home,WA,1,14017000,inland,0.2,-0.0533436566551408,0.0,0
home,WA,1,14017000,inland,0.1,-0.0380197850293333,0.0,0
home,WA,1,14017000,inland,0.04,-0.0164628340252681,0.0,0
home,WA,1,14017000,inland,0.02,0.0077803204848767,0.0,0
home,WA,1,14017000,inland,0.01,0.0266779261519327,0.0,0
home,WA,1,14017000,inland,0.002,0.0596035966198691,0.0,0
home,WA,4,14242500,inland,0.5,0.058865368465697,0.0,0
home,WA,4,14242500,inland,0.2,0.0943682715993823,0.0,0
home,WA,4,14242500,inland,0.1,0.1177699642142453,0.0,0
home,WA,4,14242500,inland,0.04,0.1311743000189436,0.0,0
home,WA,4,14242500,inland,0.02,0.1397381541241324,0.0,0
home,WA,4,14242500,inland,0.01,0.1472185819082589,0.0,0
home,WA,4,14242500,inland,0.002,0.1530590823667248,0.0,0
home,WA,4,14111400,inland,0.5,0.3879996857668959,0.0,1
home,WA,4,14111400,inland,0.2,0.4716023454033484,0.0,1
home,WA,4,14111400,inland,0.1,0.5233043401590591,0.0,1
home,WA,4,14111400,inland,0.04,0.5756429471648508,0.0,1
home,WA,4,14111400,inland,0.02,0.609634452949706,0.0,1
home,WA,4,14111400,inland,0.01,0.6387134392574252,0.0,1
home,WA,4,14111400,inland,0.002,0.699592627904579,0.0,1
home,WA,4,14235000,inland,0.5,0.0847718536176245,0.0,0
home,WA,4,14235000,inland,0.2,0.138904315351442,0.0,0
home,WA,4,14235000,inland,0.1,0.1702865345043447,0.0,0
home,WA,4,14235000,inland,0.04,0.1927323342899694,0.0,0
home,WA,4,14235000,inland,0.02,0.2059634453313892,0.0,0
home,WA,4,14235000,inland,0.01,0.21615056977146,0.0,0
home,WA,4,14235000,inland,0.002,0.2292082907560724,0.0,0
home,WY,1,06623800,straddles,0.5,-0.0944487191680947,0.0,0
home,WY,1,06623800,straddles,0.2,-0.0492129867731749,0.0,0
home,WY,1,06623800,straddles,0.1,-0.0303295936231453,0.0,0
home,WY,1,06623800,straddles,0.04,-0.0077740385430873,0.0,0
home,WY,1,06623800,straddles,0.02,-0.0008743804171502,0.0,0
home,WY,1,06623800,straddles,0.01,0.0095973430844873,0.0,0
home,WY,1,06623800,straddles,0.002,0.0374225387310085,0.0,0
home,WY,6,09258980,border,0.5,0.8135506941623043,0.0,1
home,WY,6,09258980,border,0.2,0.7658055879454619,0.0,1
home,WY,6,09258980,border,0.1,0.7373863042895721,0.0,1
home,WY,6,09258980,border,0.04,0.7013659014246598,0.0,1
home,WY,6,09258980,border,0.02,0.6741855096780847,0.0,1
home,WY,6,09258980,border,0.01,0.6458459041363263,0.0,1
home,WY,6,09258980,border,0.002,0.5871292852037366,0.0,0
home,WY,1,09256000,border,0.5,0.120836720407933,0.0,0
home,WY,1,09256000,border,0.2,0.1848766917534328,0.0,0
home,WY,1,09256000,border,0.1,0.2133813676255966,0.0,0
home,WY,1,09256000,border,0.04,0.24491615235734,0.0,0
home,WY,1,09256000,border,0.02,0.2581150500289575,0.0,0
home,WY,1,09256000,border,0.01,0.2741321480795045,0.0,0
home,WY,1,09256000,border,0.002,0.3115153736029663,0.0,0
home,WY,4,06755000,border,0.5,0.3941591249118128,0.0,1
home,WY,4,06755000,border,0.2,0.324038765368386,0.0,0
home,WY,4,06755000,border,0.1,0.2760828643303301,0.0,0
home,WY,4,06755000,border,0.04,0.2118048647787356,0.0,0
home,WY,4,06755000,border,0.02,0.1663611884505789,0.0,0
home,WY,4,06755000,border,0.01,0.1207851898434206,0.0,0
home,WY,4,06755000,border,0.002,0.0150357045118387,0.0,0
home,WY,1,09255500,inland,0.5,0.3452852609170165,0.0,0
home,WY,1,09255500,inland,0.2,0.2935849259511593,0.0,0
home,WY,1,09255500,inland,0.1,0.2587504267046472,0.0,0
home,WY,1,09255500,inland,0.04,0.2205733592125032,0.0,0
home,WY,1,09255500,inland,0.02,0.1879079120094666,0.0,0
home,WY,1,09255500,inland,0.01,0.1618116678879011,0.0,0
home,WY,1,09255500,inland,0.002,0.1121866763861079,0.0,0
home,WY,1,06036905,inland,0.5,0.1971825014387374,0.0,0
home,WY,1,06036905,inland,0.2,0.2331708140780528,0.0,0
home,WY,1,06036905,inland,0.1,0.2385565508966864,0.0,0
home,WY,1,06036905,inland,0.04,0.2395555047119169,0.0,0
home,WY,1,06036905,inland,0.02,0.2293382776900774,0.0,0
home,WY,1,06036905,inland,0.01,0.2217939896061782,0.0,0
home,WY,1,06036905,inland,0.002,0.2034064397565185,0.0,0
home,WY,1,13014500,inland,0.5,0.1096214584714521,0.0,0
home,WY,1,13014500,inland,0.2,0.11869046669824,0.0,0
home,WY,1,13014500,inland,0.1,0.1080791699219769,0.0,0
home,WY,1,13014500,inland,0.04,0.0911510957048897,0.0,0
home,WY,1,13014500,inland,0.02,0.0672888751313567,0.0,0
home,WY,1,13014500,inland,0.01,0.0472746356089039,0.0,0
home,WY,1,13014500,inland,0.002,0.0012727427839456,0.0,0
home,WY,1,06187000,inland,0.5,0.1419126143560971,0.0,0
home,WY,1,06187000,inland,0.2,0.1424134181410434,0.0,0
home,WY,1,06187000,inland,0.1,0.1361771957931483,0.0,0
home,WY,1,06187000,inland,0.04,0.1306181496625615,0.0,0
home,WY,1,06187000,inland,0.02,0.1178092722335941,0.0,0
home,WY,1,06187000,inland,0.01,0.1104409498024434,0.0,0
home,WY,1,06187000,inland,0.002,0.0972122413364768,0.0,0
home,WY,1,06186500,inland,0.5,0.0966800994235628,0.0,0
home,WY,1,06186500,inland,0.2,0.0923238907528265,0.0,0
home,WY,1,06186500,inland,0.1,0.0855859959275018,0.0,0
home,WY,1,06186500,inland,0.04,0.0810294867000611,0.0,0
home,WY,1,06186500,inland,0.02,0.0696937908606383,0.0,0
home,WY,1,06186500,inland,0.01,0.0641695548342342,0.0,0
home,WY,1,06186500,inland,0.002,0.0563414707525851,0.0,0
home,WY,1,06289820,border,0.5,-0.1658040421336966,0.0,0
home,WY,1,06289820,border,0.2,-0.2318840383494089,0.0,0
home,WY,1,06289820,border,0.1,-0.2886660696649175,0.0,0
home,WY,1,06289820,border,0.04,-0.362808671060419,0.0,0
home,WY,1,06289820,border,0.02,-0.4222518979784189,0.0,0
home,WY,1,06289820,border,0.01,-0.4775661102284281,0.0,0
home,WY,1,06289820,border,0.002,-0.5969608274358844,0.0,0
home,WY,1,06188000,straddles,0.5,-0.3955492581616546,0.0,1
home,WY,1,06188000,straddles,0.2,-0.3873817936764152,0.0,1
home,WY,1,06188000,straddles,0.1,-0.3992327014995545,0.0,1
home,WY,1,06188000,straddles,0.04,-0.4185118623850483,0.0,1
home,WY,1,06188000,straddles,0.02,-0.4438453354693568,0.0,1
home,WY,1,06188000,straddles,0.01,-0.4655117196817517,0.0,1
home,WY,1,06188000,straddles,0.002,-0.5155881917888943,0.0,1
home,WY,1,06187500,border,0.5,0.0401468329485124,0.0,0
home,WY,1,06187500,border,0.2,0.0603058976199331,0.0,0
home,WY,1,06187500,border,0.1,0.0728071256334028,0.0,0
home,WY,1,06187500,border,0.04,0.0930261704369255,0.0,0
home,WY,1,06187500,border,0.02,0.1019602304905427,0.0,0
home,WY,1,06187500,border,0.01,0.1154117891382457,0.0,0
home,WY,1,06187500,border,0.002,0.1526795752083733,0.0,0
home,WY,1,06037100,border,0.5,0.1204533389844115,0.0,0
home,WY,1,06037100,border,0.2,0.1389621566412375,0.0,0
home,WY,1,06037100,border,0.1,0.1374095777089388,0.0,0
home,WY,1,06037100,border,0.04,0.1326321724791666,0.0,0
home,WY,1,06037100,border,0.02,0.1201776601181272,0.0,0
home,WY,1,06037100,border,0.01,0.1110989677895393,0.0,0
home,WY,1,06037100,border,0.002,0.0922220822690436,0.0,0
home,WY,1,06298000,border,0.5,-0.0458200775166379,0.0,0
home,WY,1,06298000,border,0.2,-0.0041406382841051,0.0,0
home,WY,1,06298000,border,0.1,0.0243526254260184,0.0,0
home,WY,1,06298000,border,0.04,0.0640817560691227,0.0,0
home,WY,1,06298000,border,0.02,0.0859807610573537,0.0,0
home,WY,1,06298000,border,0.01,0.1121199263384733,0.0,0
home,WY,1,06298000,border,0.002,0.1759028155391226,0.0,0
home,WY,1,09226000,straddles,0.5,0.2026382153093928,0.0,0
home,WY,1,09226000,straddles,0.2,0.1205757128082805,0.0,0
home,WY,1,09226000,straddles,0.1,0.0528249980297661,0.0,0
home,WY,1,09226000,straddles,0.04,-0.0316416229833751,0.0,0
home,WY,1,09226000,straddles,0.02,-0.1030793803294822,0.0,0
home,WY,1,09226000,straddles,0.01,-0.1689833337446473,0.0,0
home,WY,1,09226000,straddles,0.002,-0.3141391307493046,0.0,0
home,WY,1,09220500,straddles,0.5,0.0818443948695097,0.0,0
home,WY,1,09220500,straddles,0.2,0.0095609180856728,0.0,0
home,WY,1,09220500,straddles,0.1,-0.0440617462994112,0.0,0
home,WY,1,09220500,straddles,0.04,-0.1065184407229238,0.0,0
home,WY,1,09220500,straddles,0.02,-0.1590858968627313,0.0,0
home,WY,1,09220500,straddles,0.01,-0.2053826708001387,0.0,0
home,WY,1,09220500,straddles,0.002,-0.3021946395575128,0.0,0
home,WY,1,10015700,straddles,0.5,0.0931700961386661,0.0,0
home,WY,1,10015700,straddles,0.2,0.0632025977348726,0.0,0
home,WY,1,10015700,straddles,0.1,0.0255932432898715,0.0,0
home,WY,1,10015700,straddles,0.04,-0.0259652329470605,0.0,0
home,WY,1,10015700,straddles,0.02,-0.0731607929998912,0.0,0
home,WY,1,10015700,straddles,0.01,-0.1168507794895403,0.0,0
home,WY,1,10015700,straddles,0.002,-0.2147797517977623,0.0,0
home,WY,6,09225200,border,0.5,-0.2680698436351383,0.0,0
home,WY,6,09225200,border,0.2,-0.1664499399241257,0.0,0
home,WY,6,09225200,border,0.1,-0.114495376858652,0.0,0
home,WY,6,09225200,border,0.04,-0.0664299532510219,0.0,0
home,WY,6,09225200,border,0.02,-0.0385477778540526,0.0,0
home,WY,6,09225200,border,0.01,-0.0161038035919576,0.0,0
home,WY,6,09225200,border,0.002,0.0261488307327146,0.0,0
neighbor,UT,7,09414900,straddles,0.5,0.6331543286785877,0.0,1
neighbor,UT,7,09414900,straddles,0.2,0.0564423052599032,0.0,0
neighbor,UT,7,09414900,straddles,0.1,-0.2873968179006319,0.0,0
neighbor,UT,7,09414900,straddles,0.04,-0.6886028331548837,0.0,0
neighbor,UT,7,09414900,straddles,0.02,-0.966047319663658,0.0,0
neighbor,UT,7,09414900,straddles,0.01,-1.2248459918891972,0.0,0
neighbor,UT,7,09414900,straddles,0.002,-1.7887820356938349,0.0,0
neighbor,UT,6,09382000,straddles,0.5,-0.0521010904564649,0.0,0
neighbor,UT,6,09382000,straddles,0.2,-0.0717547460280587,0.0,0
neighbor,UT,6,09382000,straddles,0.1,-0.0737223679368392,0.0,0
neighbor,UT,6,09382000,straddles,0.04,-0.0529622931010802,0.0,0
neighbor,UT,6,09382000,straddles,0.02,-0.0355979124255725,0.0,0
neighbor,UT,6,09382000,straddles,0.01,0.0261204116794377,0.0,0
neighbor,UT,6,09382000,straddles,0.002,0.0227335078756105,0.0,0
neighbor,UT,6,09404115,inland,0.5,0.4958255628754662,0.0,0
neighbor,UT,6,09404115,inland,0.2,0.3744179892986823,0.0,0
neighbor,UT,6,09404115,inland,0.1,0.2565154642453389,0.0,0
neighbor,UT,6,09404115,inland,0.04,0.1039174255218773,0.0,0
neighbor,UT,6,09404115,inland,0.02,-0.0190532054422218,0.0,0
neighbor,UT,6,09404115,inland,0.01,-0.0982044650333886,0.0,0
neighbor,UT,6,09404115,inland,0.002,-0.4575734476232478,0.0,0
neighbor,UT,6,09404110,inland,0.5,0.6499229046746215,0.0,1
neighbor,UT,6,09404110,inland,0.2,0.5571654801737784,0.0,1
neighbor,UT,6,09404110,inland,0.1,0.5109546577676651,0.0,1
neighbor,UT,6,09404110,inland,0.04,0.4804293546273039,0.0,1
neighbor,UT,6,09404110,inland,0.02,0.4622281118506697,0.0,0
neighbor,UT,6,09404110,inland,0.01,0.4944602086557257,0.0,0
neighbor,UT,6,09404110,inland,0.002,0.4150775352159099,0.0,0
neighbor,UT,6,09177000,inland,0.5,-0.2828042662068499,0.0,0
neighbor,UT,6,09177000,inland,0.2,-0.2064006530225626,0.0,0
neighbor,UT,6,09177000,inland,0.1,-0.1660767325274474,0.0,0
neighbor,UT,6,09177000,inland,0.04,-0.1038958010681816,0.0,0
neighbor,UT,6,09177000,inland,0.02,-0.0617754261512462,0.0,0
neighbor,UT,6,09177000,inland,0.01,0.0204290917264895,0.0,0
neighbor,UT,6,09177000,inland,0.002,0.0548476638210484,0.0,0
neighbor,UT,6,09175500,inland,0.5,-0.4106833916734551,0.0,0
neighbor,UT,6,09175500,inland,0.2,-0.3429071823373775,0.0,0
neighbor,UT,6,09175500,inland,0.1,-0.3084781357504149,0.0,0
neighbor,UT,6,09175500,inland,0.04,-0.2533914531103627,0.0,0
neighbor,UT,6,09175500,inland,0.02,-0.2161322267476935,0.0,0
neighbor,UT,6,09175500,inland,0.01,-0.1412621668908809,0.0,0
neighbor,UT,6,09175500,inland,0.002,-0.1144294234691734,0.0,0
neighbor,UT,6,09174600,inland,0.5,-0.300109431240176,0.0,0
neighbor,UT,6,09174600,inland,0.2,-0.2190556060850603,0.0,0
neighbor,UT,6,09174600,inland,0.1,-0.178868502432135,0.0,0
neighbor,UT,6,09174600,inland,0.04,-0.1183476325511283,0.0,0
neighbor,UT,6,09174600,inland,0.02,-0.0777964445019674,0.0,0
neighbor,UT,6,09174600,inland,0.01,-0.0030573604610393,0.0,0
neighbor,UT,6,09174600,inland,0.002,0.0313532878410693,0.0,0
neighbor,MT,W,12392100,border,0.5,-0.2349395963514997,0.0,0
neighbor,MT,W,12392100,border,0.2,-0.5030613048970753,0.0,1
neighbor,MT,W,12392100,border,0.1,-0.6337984573791104,0.0,1
neighbor,MT,W,12392100,border,0.04,-0.8125007207790107,0.0,1
neighbor,MT,W,12392100,border,0.02,-0.927956858239231,0.0,1
neighbor,MT,W,12392100,border,0.01,-1.0356340078632096,0.0,1
neighbor,MT,W,12392100,border,0.002,-1.276793386747246,0.0,1
neighbor,MT,W,12392155,straddles,0.5,-0.3705845041687858,0.0,0
neighbor,MT,W,12392155,straddles,0.2,-0.4567742810522452,0.0,1
neighbor,MT,W,12392155,straddles,0.1,-0.4836865992312482,0.0,1
neighbor,MT,W,12392155,straddles,0.04,-0.5392141906145111,0.0,1
neighbor,MT,W,12392155,straddles,0.02,-0.5691112304733403,0.0,1
neighbor,MT,W,12392155,straddles,0.01,-0.5975490690200842,0.0,1
neighbor,MT,W,12392155,straddles,0.002,-0.6681868883841413,0.0,1
neighbor,MT,W,12413125,straddles,0.5,-0.1727018364794745,0.0,0
neighbor,MT,W,12413125,straddles,0.2,-0.1636607602084807,0.0,0
neighbor,MT,W,12413125,straddles,0.1,-0.1391027689251647,0.0,0
neighbor,MT,W,12413125,straddles,0.04,-0.1393721542823129,0.0,0
neighbor,MT,W,12413125,straddles,0.02,-0.1335564580508732,0.0,0
neighbor,MT,W,12413125,straddles,0.01,-0.1287342762392214,0.0,0
neighbor,MT,W,12413125,straddles,0.002,-0.1304961028891398,0.0,0
neighbor,MT,W,12413875,border,0.5,-0.0010414237196796,0.0,0
neighbor,MT,W,12413875,border,0.2,-0.0521103786369456,0.0,0
neighbor,MT,W,12413875,border,0.1,-0.056879203525828,0.0,0
neighbor,MT,W,12413875,border,0.04,-0.086539446352726,0.0,0
neighbor,MT,W,12413875,border,0.02,-0.0980218940944426,0.0,0
neighbor,MT,W,12413875,border,0.01,-0.1091902347552733,0.0,0
neighbor,MT,W,12413875,border,0.002,-0.1420508321667126,0.0,0
neighbor,MT,W,12413130,border,0.5,-0.0318793619005326,0.0,0
neighbor,MT,W,12413130,border,0.2,-0.0757956434994713,0.0,0
neighbor,MT,W,12413130,border,0.1,-0.0810262174871776,0.0,0
neighbor,MT,W,12413130,border,0.04,-0.1148046535921341,0.0,0
neighbor,MT,W,12413130,border,0.02,-0.131605765762206,0.0,0
neighbor,MT,W,12413130,border,0.01,-0.1474030543593758,0.0,0
neighbor,MT,W,12413130,border,0.002,-0.1920612993335155,0.0,0
neighbor,MT,W,12413150,straddles,0.5,-0.2573961183416982,0.0,0
neighbor,MT,W,12413150,straddles,0.2,-0.2758136622086091,0.0,0
neighbor,MT,W,12413150,straddles,0.1,-0.2655185610434043,0.0,0
neighbor,MT,W,12413150,straddles,0.04,-0.2788990975733401,0.0,0
neighbor,MT,W,12413150,straddles,0.02,-0.2805961061699409,0.0,0
neighbor,MT,W,12413150,straddles,0.01,-0.282583498235919,0.0,0
neighbor,MT,W,12413150,straddles,0.002,-0.296759990542113,0.0,0
neighbor,MT,W,13307000,border,0.5,0.0649850500134325,0.0,0
neighbor,MT,W,13307000,border,0.2,0.0988117327783735,0.0,0
neighbor,MT,W,13307000,border,0.1,0.1346853783995758,0.0,0
neighbor,MT,W,13307000,border,0.04,0.1564877978504553,0.0,0
neighbor,MT,W,13307000,border,0.02,0.177880231134206,0.0,0
neighbor,MT,W,13307000,border,0.01,0.1982987468873043,0.0,0
neighbor,MT,W,13307000,border,0.002,0.2319734314435351,0.0,0
neighbor,MT,W,13306500,border,0.5,-0.1480190806792349,0.0,0
neighbor,MT,W,13306500,border,0.2,-0.1174297291085522,0.0,0
neighbor,MT,W,13306500,border,0.1,-0.0798656486486426,0.0,0
neighbor,MT,W,13306500,border,0.04,-0.05811083974279,0.0,0
neighbor,MT,W,13306500,border,0.02,-0.0356540030995748,0.0,0
neighbor,MT,W,13306500,border,0.01,-0.014182519791142,0.0,0
neighbor,MT,W,13306500,border,0.002,0.023497445099391,0.0,0
neighbor,MT,W,12413210,straddles,0.5,-0.0697504924984766,0.0,0
neighbor,MT,W,12413210,straddles,0.2,-0.1550110562182598,0.0,0
neighbor,MT,W,12413210,straddles,0.1,-0.1871766680469142,0.0,0
neighbor,MT,W,12413210,straddles,0.04,-0.2511026166316252,0.0,0
neighbor,MT,W,12413210,straddles,0.02,-0.2884248114262338,0.0,0
neighbor,MT,W,12413210,straddles,0.01,-0.3247249639847176,0.0,0
neighbor,MT,W,12413210,straddles,0.002,-0.4145606312468195,0.0,0
neighbor,MT,W,13310199,inland,0.5,-0.2976576325429105,0.0,0
neighbor,MT,W,13310199,inland,0.2,-0.3037776569950372,0.0,0
neighbor,MT,W,13310199,inland,0.1,-0.2869188632385624,0.0,0
neighbor,MT,W,13310199,inland,0.04,-0.2868684102827146,0.0,0
neighbor,MT,W,13310199,inland,0.02,-0.278392166145248,0.0,0
neighbor,MT,W,13310199,inland,0.01,-0.2702075184714214,0.0,0
neighbor,MT,W,13310199,inland,0.002,-0.2603341708615865,0.0,0
neighbor,MT,W,12414500,inland,0.5,-0.2001348473596067,0.0,0
neighbor,MT,W,12414500,inland,0.2,-0.2824001294390657,0.0,0
neighbor,MT,W,12414500,inland,0.1,-0.304970534441713,0.0,0
neighbor,MT,W,12414500,inland,0.04,-0.3510521307152219,0.0,0
neighbor,MT,W,12414500,inland,0.02,-0.3725204321482023,0.0,1
neighbor,MT,W,12414500,inland,0.01,-0.3927111467152029,0.0,1
neighbor,MT,W,12414500,inland,0.002,-0.4425680119407076,0.0,1
neighbor,MT,W,12413000,inland,0.5,-0.2876447718666046,0.0,0
neighbor,MT,W,12413000,inland,0.2,-0.4103606888030211,0.0,1
neighbor,MT,W,12413000,inland,0.1,-0.4576558497417888,0.0,1
neighbor,MT,W,12413000,inland,0.04,-0.5327629935233729,0.0,1
neighbor,MT,W,12413000,inland,0.02,-0.5745506521714887,0.0,1
neighbor,MT,W,12413000,inland,0.01,-0.613897672619002,0.0,1
neighbor,MT,W,12413000,inland,0.002,-0.7053676057937084,0.0,1
neighbor,MT,W,12413500,inland,0.5,-0.2607938339275097,0.0,0
neighbor,MT,W,12413500,inland,0.2,-0.3746607628277063,0.0,1
neighbor,MT,W,12413500,inland,0.1,-0.4191334977307059,0.0,1
neighbor,MT,W,12413500,inland,0.04,-0.4922321997858132,0.0,1
neighbor,MT,W,12413500,inland,0.02,-0.5333708677289399,0.0,1
neighbor,MT,W,12413500,inland,0.01,-0.5726601971866341,0.0,1
neighbor,MT,W,12413500,inland,0.002,-0.6653995265018189,0.0,1
neighbor,MT,W,13340500,inland,0.5,-0.1086251838765486,0.0,0
neighbor,MT,W,13340500,inland,0.2,-0.1532192813282975,0.0,0
neighbor,MT,W,13340500,inland,0.1,-0.1551342750365849,0.0,0
neighbor,MT,W,13340500,inland,0.04,-0.1789805929862051,0.0,0
neighbor,MT,W,13340500,inland,0.02,-0.1859253999038514,0.0,0
neighbor,MT,W,13340500,inland,0.01,-0.1929785483795445,0.0,0
neighbor,MT,W,13340500,inland,0.002,-0.2163039816318699,0.0,0
neighbor,MT,W,12413860,inland,0.5,-0.0727842279098753,0.0,0
neighbor,MT,W,12413860,inland,0.2,-0.1271906754856395,0.0,0
neighbor,MT,W,12413860,inland,0.1,-0.1367049189538658,0.0,0
neighbor,MT,W,12413860,inland,0.04,-0.1691201603849688,0.0,0
neighbor,MT,W,12413860,inland,0.02,-0.1822500241140643,0.0,0
neighbor,MT,W,12413860,inland,0.01,-0.1951346403064056,0.0,0
neighbor,MT,W,12413860,inland,0.002,-0.2309213654530957,0.0,0
neighbor,MT,W,13340000,inland,0.5,-0.2466757885568107,0.0,0
neighbor,MT,W,13340000,inland,0.2,-0.2783486671802135,0.0,0
neighbor,MT,W,13340000,inland,0.1,-0.2692953189932625,0.0,0
neighbor,MT,W,13340000,inland,0.04,-0.2748209765181686,0.0,0
neighbor,MT,W,13340000,inland,0.02,-0.267549541656578,0.0,0
neighbor,MT,W,13340000,inland,0.01,-0.2602099413098946,0.0,0
neighbor,MT,W,13340000,inland,0.002,-0.2495973216205032,0.0,0
neighbor,MT,W,13339000,inland,0.5,-0.2684365740618242,0.0,0
neighbor,MT,W,13339000,inland,0.2,-0.3050851587026413,0.0,0
neighbor,MT,W,13339000,inland,0.1,-0.3055807487734139,0.0,0
neighbor,MT,W,13339000,inland,0.04,-0.3264839859457922,0.0,0
neighbor,MT,W,13339000,inland,0.02,-0.3317642415508697,0.0,0
neighbor,MT,W,13339000,inland,0.01,-0.3373942931762856,0.0,0
neighbor,MT,W,13339000,inland,0.002,-0.3576381197596712,0.0,0
neighbor,OR,E3,13263500,border,0.5,-0.2151617590752641,0.0,0
neighbor,OR,E3,13263500,border,0.2,-0.2023357448006217,0.0,0
neighbor,OR,E3,13263500,border,0.1,-0.20219655048645,0.0,0
neighbor,OR,E3,13263500,border,0.04,-0.2089187784407959,0.0,0
neighbor,OR,E3,13263500,border,0.02,-0.2174746281475963,0.0,0
neighbor,OR,E3,13263500,border,0.01,-0.2279491212277777,0.0,0
neighbor,OR,E3,13263500,border,0.002,-0.2562997096087622,0.0,0
neighbor,OR,E3,13317000,border,0.5,-0.3629911074009895,0.0,0
neighbor,OR,E3,13317000,border,0.2,-0.2747309096126518,0.0,0
neighbor,OR,E3,13317000,border,0.1,-0.2235222818067725,0.0,0
neighbor,OR,E3,13317000,border,0.04,-0.1669115642459022,0.0,0
neighbor,OR,E3,13317000,border,0.02,-0.1301410187000842,0.0,0
neighbor,OR,E3,13317000,border,0.01,-0.0970948667570832,0.0,0
neighbor,OR,E3,13317000,border,0.002,-0.0296738188012222,0.0,0
neighbor,OR,E3,13267000,border,0.5,0.033680765026864,0.0,0
neighbor,OR,E3,13267000,border,0.2,0.0533227565004308,0.0,0
neighbor,OR,E3,13267000,border,0.1,0.0585183199170011,0.0,0
neighbor,OR,E3,13267000,border,0.04,0.0583066502042708,0.0,0
neighbor,OR,E3,13267000,border,0.02,0.0551586412153271,0.0,0
neighbor,OR,E3,13267000,border,0.01,0.0506245719209461,0.0,0
neighbor,OR,E3,13267000,border,0.002,0.0378206568605281,0.0,0
neighbor,OR,E3,13316500,border,0.5,-0.2796448868675512,0.0,0
neighbor,OR,E3,13316500,border,0.2,-0.1983695239292386,0.0,0
neighbor,OR,E3,13316500,border,0.1,-0.1554110695115538,0.0,0
neighbor,OR,E3,13316500,border,0.04,-0.1110947257628898,0.0,0
neighbor,OR,E3,13316500,border,0.02,-0.0835739408189795,0.0,0
neighbor,OR,E3,13316500,border,0.01,-0.0594427265648036,0.0,0
neighbor,OR,E3,13316500,border,0.002,-0.0113680729281444,0.0,0
neighbor,OR,E3,13258500,inland,0.5,-0.2452354417139051,0.0,0
neighbor,OR,E3,13258500,inland,0.2,-0.2332321880444259,0.0,0
neighbor,OR,E3,13258500,inland,0.1,-0.2206448876173521,0.0,0
neighbor,OR,E3,13258500,inland,0.04,-0.2044491794655698,0.0,0
neighbor,OR,E3,13258500,inland,0.02,-0.1928195042401945,0.0,0
neighbor,OR,E3,13258500,inland,0.01,-0.1814953066921463,0.0,0
neighbor,OR,E3,13258500,inland,0.002,-0.1551556807855849,0.0,0
neighbor,OR,E3,13338000,inland,0.5,-0.1586086589136823,0.0,0
neighbor,OR,E3,13338000,inland,0.2,-0.0936551802808658,0.0,0
neighbor,OR,E3,13338000,inland,0.1,-0.0650467062061075,0.0,0
neighbor,OR,E3,13338000,inland,0.04,-0.0404756572979883,0.0,0
neighbor,OR,E3,13338000,inland,0.02,-0.0282363976831447,0.0,0
neighbor,OR,E3,13338000,inland,0.01,-0.0195863130582116,0.0,0
neighbor,OR,E3,13338000,inland,0.002,-0.0079564962723717,0.0,0
neighbor,OR,E3,13338500,inland,0.5,-0.1454930608917504,0.0,0
neighbor,OR,E3,13338500,inland,0.2,-0.1189641479832408,0.0,0
neighbor,OR,E3,13338500,inland,0.1,-0.102620557809538,0.0,0
neighbor,OR,E3,13338500,inland,0.04,-0.0851697176336472,0.0,0
neighbor,OR,E3,13338500,inland,0.02,-0.074309711049608,0.0,0
neighbor,OR,E3,13338500,inland,0.01,-0.0647623232224337,0.0,0
neighbor,OR,E3,13338500,inland,0.002,-0.0451393089917893,0.0,0
neighbor,OR,E3,13339000,inland,0.5,-0.6034888756998313,0.0,1
neighbor,OR,E3,13339000,inland,0.2,-0.5170827990750384,0.0,1
neighbor,OR,E3,13339000,inland,0.1,-0.4708963212553652,0.0,1
neighbor,OR,E3,13339000,inland,0.04,-0.4226552108889603,0.0,1
neighbor,OR,E3,13339000,inland,0.02,-0.3927239926732149,0.0,1
neighbor,OR,E3,13339000,inland,0.01,-0.3666850920630793,0.0,1
neighbor,OR,E3,13339000,inland,0.002,-0.3157466070431516,0.0,0
neighbor,OR,E3,13341000,inland,0.5,-0.5974332736679759,0.0,1
neighbor,OR,E3,13341000,inland,0.2,-0.5542034895897521,0.0,1
neighbor,OR,E3,13341000,inland,0.1,-0.5333761331842073,0.0,1
neighbor,OR,E3,13341000,inland,0.04,-0.5143133684426644,0.0,1
neighbor,OR,E3,13341000,inland,0.02,-0.5042796417716469,0.0,1
neighbor,OR,E3,13341000,inland,0.01,-0.4967849527762853,0.0,1
neighbor,OR,E3,13341000,inland,0.002,-0.4851839985811281,0.0,1
neighbor,OR,E3,13340000,inland,0.5,-0.5705075349336699,0.0,1
neighbor,OR,E3,13340000,inland,0.2,-0.4810128974293564,0.0,1
neighbor,OR,E3,13340000,inland,0.1,-0.4259738792035854,0.0,1
neighbor,OR,E3,13340000,inland,0.04,-0.3631618456832184,0.0,1
neighbor,OR,E3,13340000,inland,0.02,-0.3211695098893932,0.0,0
neighbor,OR,E3,13340000,inland,0.01,-0.2826040212704406,0.0,0
neighbor,OR,E3,13340000,inland,0.002,-0.2017451609772065,0.0,0
neighbor,UT,3,13082500,straddles,0.5,-0.274738175178824,0.0,0
neighbor,UT,3,13082500,straddles,0.2,-0.213317088319576,0.0,0
neighbor,UT,3,13082500,straddles,0.1,-0.157046460866197,0.0,0
neighbor,UT,3,13082500,straddles,0.04,-0.1046680504278629,0.0,0
neighbor,UT,3,13082500,straddles,0.02,-0.080905706585399,0.0,0
neighbor,UT,3,13082500,straddles,0.01,-0.0729381484395959,0.0,0
neighbor,UT,3,13082500,straddles,0.002,-0.0807791876282619,0.0,0
neighbor,UT,1,10093000,border,0.5,-0.5168392170299057,0.0,1
neighbor,UT,1,10093000,border,0.2,-0.3530746737735053,0.0,0
neighbor,UT,1,10093000,border,0.1,-0.2994829659258062,0.0,0
neighbor,UT,1,10093000,border,0.04,-0.2202639483801198,0.0,0
neighbor,UT,1,10093000,border,0.02,-0.1646561234405839,0.0,0
neighbor,UT,1,10093000,border,0.01,-0.126293847452882,0.0,0
neighbor,UT,1,10093000,border,0.002,-0.0505493610736471,0.0,0
neighbor,UT,3,13083000,border,0.5,0.0284888961699463,0.0,0
neighbor,UT,3,13083000,border,0.2,0.2366979568140756,0.0,0
neighbor,UT,3,13083000,border,0.1,0.3510516028169466,0.0,0
neighbor,UT,3,13083000,border,0.04,0.4632068079791134,0.0,0
neighbor,UT,3,13083000,border,0.02,0.5305111669572842,0.0,0
neighbor,UT,3,13083000,border,0.01,0.5824778923157137,0.0,0
neighbor,UT,3,13083000,border,0.002,0.6761811317069499,0.0,0
neighbor,ID,1_2,12304500,border,0.5,-0.0126551378308654,0.0,0
neighbor,ID,1_2,12304500,border,0.2,-0.0052532090972259,0.0,0
neighbor,ID,1_2,12304500,border,0.1,-0.0071978136860186,0.0,0
neighbor,ID,1_2,12304500,border,0.04,0.0008071673557221,0.0,0
neighbor,ID,1_2,12304500,border,0.02,0.0077893808513858,0.0,0
neighbor,ID,1_2,12304500,border,0.01,0.0259295900221667,0.0,0
neighbor,ID,1_2,12304500,border,0.002,0.0404948603680299,0.0,0
neighbor,ID,6_8,06006000,straddles,0.5,0.3878225653467884,0.0,0
neighbor,ID,6_8,06006000,straddles,0.2,0.4132750321425127,0.0,1
neighbor,ID,6_8,06006000,straddles,0.1,0.4390890777724343,0.0,1
neighbor,ID,6_8,06006000,straddles,0.04,0.458931122298881,0.0,1
neighbor,ID,6_8,06006000,straddles,0.02,0.4700252614298899,0.0,0
neighbor,ID,6_8,06006000,straddles,0.01,0.4944439827707541,0.0,1
neighbor,ID,6_8,06006000,straddles,0.002,0.5256735554127943,0.0,0
neighbor,ID,1_2,12304300,border,0.5,-0.1115829332081688,0.0,0
neighbor,ID,1_2,12304300,border,0.2,-0.0637664186629676,0.0,0
neighbor,ID,1_2,12304300,border,0.1,-0.0556533240402647,0.0,0
neighbor,ID,1_2,12304300,border,0.04,-0.0482600256939593,0.0,0
neighbor,ID,1_2,12304300,border,0.02,-0.0466263713991983,0.0,0
neighbor,ID,1_2,12304300,border,0.01,-0.0360358241846219,0.0,0
neighbor,ID,1_2,12304300,border,0.002,-0.0456816312459977,0.0,0
neighbor,ID,6_8,06011000,straddles,0.5,0.1198300216583896,0.0,0
neighbor,ID,6_8,06011000,straddles,0.2,0.1727284377695896,0.0,0
neighbor,ID,6_8,06011000,straddles,0.1,0.2177589036959855,0.0,0
neighbor,ID,6_8,06011000,straddles,0.04,0.260448320176081,0.0,0
neighbor,ID,6_8,06011000,straddles,0.02,0.2881244525640052,0.0,0
neighbor,ID,6_8,06011000,straddles,0.01,0.3272444180923735,0.0,0
neighbor,ID,6_8,06011000,straddles,0.002,0.39046360662162,0.0,0
neighbor,ID,6_8,06037500,border,0.5,0.2236626350072756,0.0,0
neighbor,ID,6_8,06037500,border,0.2,0.2422230971034298,0.0,0
neighbor,ID,6_8,06037500,border,0.1,0.2601812851272775,0.0,0
neighbor,ID,6_8,06037500,border,0.04,0.2660125745446837,0.0,0
neighbor,ID,6_8,06037500,border,0.02,0.2653522382913333,0.0,0
neighbor,ID,6_8,06037500,border,0.01,0.2774163824798568,0.0,0
neighbor,ID,6_8,06037500,border,0.002,0.2771525817990405,0.0,0
neighbor,ID,1_2,12303500,straddles,0.5,0.1469150289375234,0.0,0
neighbor,ID,1_2,12303500,straddles,0.2,0.146606362344285,0.0,0
neighbor,ID,1_2,12303500,straddles,0.1,0.1313219869139237,0.0,0
neighbor,ID,1_2,12303500,straddles,0.04,0.1180090550480823,0.0,0
neighbor,ID,1_2,12303500,straddles,0.02,0.1076059256596182,0.0,0
neighbor,ID,1_2,12303500,straddles,0.01,0.1082145510309335,0.0,0
neighbor,ID,1_2,12303500,straddles,0.002,0.0797267161293282,0.0,0
neighbor,ID,1_2,12303400,border,0.5,-0.118885190964475,0.0,0
neighbor,ID,1_2,12303400,border,0.2,-0.1741826436879314,0.0,0
neighbor,ID,1_2,12303400,border,0.1,-0.2205399998381727,0.0,0
neighbor,ID,1_2,12303400,border,0.04,-0.2696991980450582,0.0,0
neighbor,ID,1_2,12303400,border,0.02,-0.3043190973373706,0.0,0
neighbor,ID,1_2,12303400,border,0.01,-0.325738046202269,0.0,0
neighbor,ID,1_2,12303400,border,0.002,-0.4013566717148209,0.0,0
neighbor,ID,6_8,06038550,border,0.5,-0.1053260402501767,0.0,0
neighbor,ID,6_8,06038550,border,0.2,-0.1184431208301846,0.0,0
neighbor,ID,6_8,06038550,border,0.1,-0.1196848004020165,0.0,0
neighbor,ID,6_8,06038550,border,0.04,-0.1339226544180234,0.0,0
neighbor,ID,6_8,06038550,border,0.02,-0.1477867132218189,0.0,0
neighbor,ID,6_8,06038550,border,0.01,-0.1475776518813618,0.0,0
neighbor,ID,6_8,06038550,border,0.002,-0.1710262886592435,0.0,0
neighbor,ID,1_2,12350500,border,0.5,-0.3624951776592611,0.0,0
neighbor,ID,1_2,12350500,border,0.2,-0.2906137488772966,0.0,0
neighbor,ID,1_2,12350500,border,0.1,-0.2612439524990084,0.0,0
neighbor,ID,1_2,12350500,border,0.04,-0.2236944184859952,0.0,0
neighbor,ID,1_2,12350500,border,0.02,-0.1988205277781345,0.0,0
neighbor,ID,1_2,12350500,border,0.01,-0.1650572864791231,0.0,0
neighbor,ID,1_2,12350500,border,0.002,-0.1203663028970649,0.0,0
neighbor,ID,1_2,12347500,straddles,0.5,-0.1285851476227084,0.0,0
neighbor,ID,1_2,12347500,straddles,0.2,-0.036301319541951,0.0,0
neighbor,ID,1_2,12347500,straddles,0.1,0.0004121937965559,0.0,0
neighbor,ID,1_2,12347500,straddles,0.04,0.0438035799861884,0.0,0
neighbor,ID,1_2,12347500,straddles,0.02,0.0712959644619379,0.0,0
neighbor,ID,1_2,12347500,straddles,0.01,0.1069552178437227,0.0,0
neighbor,ID,1_2,12347500,straddles,0.002,0.1525024799559844,0.0,0
neighbor,ID,1_2,12354000,straddles,0.5,-0.086531919484861,0.0,0
neighbor,ID,1_2,12354000,straddles,0.2,-0.1511105629803868,0.0,0
neighbor,ID,1_2,12354000,straddles,0.1,-0.2063513601041915,0.0,0
neighbor,ID,1_2,12354000,straddles,0.04,-0.2675673469380699,0.0,0
neighbor,ID,1_2,12354000,straddles,0.02,-0.3118530675441153,0.0,0
neighbor,ID,1_2,12354000,straddles,0.01,-0.3440796029851549,0.0,0
neighbor,ID,1_2,12354000,straddles,0.002,-0.4440738840885538,0.0,0
neighbor,ID,1_2,12391400,straddles,0.5,0.0771999005638193,0.0,0
neighbor,ID,1_2,12391400,straddles,0.2,0.0730612482329782,0.0,0
neighbor,ID,1_2,12391400,straddles,0.1,0.0614839640297351,0.0,0
neighbor,ID,1_2,12391400,straddles,0.04,0.0584460951341068,0.0,0
neighbor,ID,1_2,12391400,straddles,0.02,0.0570260072288011,0.0,0
neighbor,ID,1_2,12391400,straddles,0.01,0.0663253794896574,0.0,0
neighbor,ID,1_2,12391400,straddles,0.002,0.0607521601041183,0.0,0
neighbor,ID,1_2,12303440,border,0.5,0.1504617967965664,0.0,0
neighbor,ID,1_2,12303440,border,0.2,0.1955072135122457,0.0,0
neighbor,ID,1_2,12303440,border,0.1,0.2085570030243695,0.0,0
neighbor,ID,1_2,12303440,border,0.04,0.227417974710935,0.0,0
neighbor,ID,1_2,12303440,border,0.02,0.2395743355961266,0.0,0
neighbor,ID,1_2,12303440,border,0.01,0.2621033446909071,0.0,0
neighbor,ID,1_2,12303440,border,0.002,0.2815401313288141,0.0,0
neighbor,ID,1_2,12342500,straddles,0.5,0.0349772490847479,0.0,0
neighbor,ID,1_2,12342500,straddles,0.2,0.0538112401552983,0.0,0
neighbor,ID,1_2,12342500,straddles,0.1,0.0610896988468319,0.0,0
neighbor,ID,1_2,12342500,straddles,0.04,0.0801285224639007,0.0,0
neighbor,ID,1_2,12342500,straddles,0.02,0.0950762886207239,0.0,0
neighbor,ID,1_2,12342500,straddles,0.01,0.1207464811350198,0.0,0
neighbor,ID,1_2,12342500,straddles,0.002,0.152751201996709,0.0,0
neighbor,ID,6_8,06013500,straddles,0.5,0.095425406776556,0.0,0
neighbor,ID,6_8,06013500,straddles,0.2,0.1080384419439086,0.0,0
neighbor,ID,6_8,06013500,straddles,0.1,0.1229877653091846,0.0,0
neighbor,ID,6_8,06013500,straddles,0.04,0.1285866622632276,0.0,0
neighbor,ID,6_8,06013500,straddles,0.02,0.1300505324104905,0.0,0
neighbor,ID,6_8,06013500,straddles,0.01,0.1424539281943144,0.0,0
neighbor,ID,6_8,06013500,straddles,0.002,0.1480800725997064,0.0,0
neighbor,ID,1_2,12354500,border,0.5,-0.0500801119174028,0.0,0
neighbor,ID,1_2,12354500,border,0.2,-0.0455699731459517,0.0,0
neighbor,ID,1_2,12354500,border,0.1,-0.0511131207959136,0.0,0
neighbor,ID,1_2,12354500,border,0.04,-0.0476838698447297,0.0,0
neighbor,ID,1_2,12354500,border,0.02,-0.0445818230624635,0.0,0
neighbor,ID,1_2,12354500,border,0.01,-0.0312465600881424,0.0,0
neighbor,ID,1_2,12354500,border,0.002,-0.027464040325337,0.0,0
neighbor,ID,1_2,12344000,inland,0.5,-0.1015916908493861,0.0,0
neighbor,ID,1_2,12344000,inland,0.2,-0.0763364413327747,0.0,0
neighbor,ID,1_2,12344000,inland,0.1,-0.0677558146183079,0.0,0
neighbor,ID,1_2,12344000,inland,0.04,-0.0482832752133193,0.0,0
neighbor,ID,1_2,12344000,inland,0.02,-0.0337742613328986,0.0,0
neighbor,ID,1_2,12344000,inland,0.01,-0.0092119507683792,0.0,0
neighbor,ID,1_2,12344000,inland,0.002,0.0192403329105026,0.0,0
neighbor,ID,1_2,12343400,inland,0.5,-0.138298718011641,0.0,0
neighbor,ID,1_2,12343400,inland,0.2,-0.1160450634545107,0.0,0
neighbor,ID,1_2,12343400,inland,0.1,-0.1136387788419672,0.0,0
neighbor,ID,1_2,12343400,inland,0.04,-0.1050183770364285,0.0,0
neighbor,ID,1_2,12343400,inland,0.02,-0.0993970614020032,0.0,0
neighbor,ID,1_2,12343400,inland,0.01,-0.0841413088905298,0.0,0
neighbor,ID,1_2,12343400,inland,0.002,-0.0769336024180047,0.0,0
neighbor,ID,1_2,12343500,inland,0.5,-0.0463804446821951,0.0,0
neighbor,ID,1_2,12343500,inland,0.2,-0.0549011103562544,0.0,0
neighbor,ID,1_2,12343500,inland,0.1,-0.0688578773701182,0.0,0
neighbor,ID,1_2,12343500,inland,0.04,-0.0778719886401106,0.0,0
neighbor,ID,1_2,12343500,inland,0.02,-0.0837472678746396,0.0,0
neighbor,ID,1_2,12343500,inland,0.01,-0.0789216232636946,0.0,0
neighbor,ID,1_2,12343500,inland,0.002,-0.0929698566565062,0.0,0
neighbor,ID,1_2,12390700,inland,0.5,0.0699664461972546,0.0,0
neighbor,ID,1_2,12390700,inland,0.2,0.0486795634352748,0.0,0
neighbor,ID,1_2,12390700,inland,0.1,0.0251601002793808,0.0,0
neighbor,ID,1_2,12390700,inland,0.04,0.0043931177815248,0.0,0
neighbor,ID,1_2,12390700,inland,0.02,-0.0099170203208829,0.0,0
neighbor,ID,1_2,12390700,inland,0.01,-0.0125695834156953,0.0,0
neighbor,ID,1_2,12390700,inland,0.002,-0.0447997645759778,0.0,0
neighbor,ID,6_8,06024450,inland,0.5,-0.1927417876361672,0.0,0
neighbor,ID,6_8,06024450,inland,0.2,-0.2480280362490985,0.0,0
neighbor,ID,6_8,06024450,inland,0.1,-0.26453298913481,0.0,0
neighbor,ID,6_8,06024450,inland,0.04,-0.2909085601228351,0.0,0
neighbor,ID,6_8,06024450,inland,0.02,-0.3093417176916695,0.0,0
neighbor,ID,6_8,06024450,inland,0.01,-0.3133965200913331,0.0,0
neighbor,ID,6_8,06024450,inland,0.002,-0.3401769411789948,0.0,0
neighbor,ID,1_2,12353000,inland,0.5,-0.0797888769757699,0.0,0
neighbor,ID,1_2,12353000,inland,0.2,-0.074080101142627,0.0,0
neighbor,ID,1_2,12353000,inland,0.1,-0.0779820538412803,0.0,0
neighbor,ID,1_2,12353000,inland,0.04,-0.0724316931456989,0.0,0
neighbor,ID,1_2,12353000,inland,0.02,-0.0677013617011716,0.0,0
neighbor,ID,1_2,12353000,inland,0.01,-0.0528422373719079,0.0,0
neighbor,ID,1_2,12353000,inland,0.002,-0.0452557696576958,0.0,0
neighbor,ID,1_2,12352500,inland,0.5,-0.0997140119983717,0.0,0
neighbor,ID,1_2,12352500,inland,0.2,-0.081001817070808,0.0,0
neighbor,ID,1_2,12352500,inland,0.1,-0.0851951789088154,0.0,0
neighbor,ID,1_2,12352500,inland,0.04,-0.0853789536084264,0.0,0
neighbor,ID,1_2,12352500,inland,0.02,-0.0869941768143442,0.0,0
neighbor,ID,1_2,12352500,inland,0.01,-0.0792171301589128,0.0,0
neighbor,ID,1_2,12352500,inland,0.002,-0.0910719871780063,0.0,0
neighbor,ID,6_8,06014000,inland,0.5,0.7220285312801136,0.0,1
neighbor,ID,6_8,06014000,inland,0.2,0.6727498281697222,0.0,1
neighbor,ID,6_8,06014000,inland,0.1,0.6416792005653154,0.0,1
neighbor,ID,6_8,06014000,inland,0.04,0.5855370785627625,0.0,1
neighbor,ID,6_8,06014000,inland,0.02,0.5401787785995156,0.0,0
neighbor,ID,6_8,06014000,inland,0.01,0.5062196794795786,0.0,0
neighbor,ID,6_8,06014000,inland,0.002,0.4031956848153206,0.0,0
neighbor,ID,1_2,12389500,inland,0.5,0.1051950842550502,0.0,0
neighbor,ID,1_2,12389500,inland,0.2,0.0697401782162714,0.0,0
neighbor,ID,1_2,12389500,inland,0.1,0.0395520881352862,0.0,0
neighbor,ID,1_2,12389500,inland,0.04,0.0121705633391817,0.0,0
neighbor,ID,1_2,12389500,inland,0.02,-0.0062978674039331,0.0,0
neighbor,ID,1_2,12389500,inland,0.01,-0.0131935501800253,0.0,0
neighbor,ID,1_2,12389500,inland,0.002,-0.0527536514364301,0.0,0
neighbor,ID,1_2,12340500,inland,0.5,-0.0369590555475332,0.0,0
neighbor,ID,1_2,12340500,inland,0.2,-0.0554483584754015,0.0,0
neighbor,ID,1_2,12340500,inland,0.1,-0.0782777891639003,0.0,0
neighbor,ID,1_2,12340500,inland,0.04,-0.0979931197842853,0.0,0
neighbor,ID,1_2,12340500,inland,0.02,-0.1120917330663209,0.0,0
neighbor,ID,1_2,12340500,inland,0.01,-0.1159269296609561,0.0,0
neighbor,ID,1_2,12340500,inland,0.002,-0.1500752557157216,0.0,0
neighbor,ID,1_2,12334550,inland,0.5,0.0837834226845344,0.0,0
neighbor,ID,1_2,12334550,inland,0.2,0.044112045204919,0.0,0
neighbor,ID,1_2,12334550,inland,0.1,0.0144249803450415,0.0,0
neighbor,ID,1_2,12334550,inland,0.04,-0.0102247262107191,0.0,0
neighbor,ID,1_2,12334550,inland,0.02,-0.0260397113868666,0.0,0
neighbor,ID,1_2,12334550,inland,0.01,-0.0306154724114646,0.0,0
neighbor,ID,1_2,12334550,inland,0.002,-0.062887239317205,0.0,0
neighbor,ID,6_8,06024540,straddles,0.5,-0.2443001251744951,0.0,0
neighbor,ID,6_8,06024540,straddles,0.2,-0.260105649606539,0.0,0
neighbor,ID,6_8,06024540,straddles,0.1,-0.2355377029629051,0.0,0
neighbor,ID,6_8,06024540,straddles,0.04,-0.205467394208783,0.0,0
neighbor,ID,6_8,06024540,straddles,0.02,-0.1812989082751839,0.0,0
neighbor,ID,6_8,06024540,straddles,0.01,-0.1432720423278786,0.0,0
neighbor,ID,6_8,06024540,straddles,0.002,-0.076579484706631,0.0,0
neighbor,ID,1_2,12334510,inland,0.5,-0.0301240661866777,0.0,0
neighbor,ID,1_2,12334510,inland,0.2,-0.0202977997235023,0.0,0
neighbor,ID,1_2,12334510,inland,0.1,-0.0188127390076209,0.0,0
neighbor,ID,1_2,12334510,inland,0.04,-0.0067790635664195,0.0,0
neighbor,ID,1_2,12334510,inland,0.02,0.0031086607234973,0.0,0
neighbor,ID,1_2,12334510,inland,0.01,0.0234004393684257,0.0,0
neighbor,ID,1_2,12334510,inland,0.002,0.0441967498870434,0.0,0
neighbor,ID,1_2,12340000,inland,0.5,-0.0533638902520112,0.0,0
neighbor,ID,1_2,12340000,inland,0.2,-0.0610914168125065,0.0,0
neighbor,ID,1_2,12340000,inland,0.1,-0.0737401448224606,0.0,0
neighbor,ID,1_2,12340000,inland,0.04,-0.0795005953895557,0.0,0
neighbor,ID,1_2,12340000,inland,0.02,-0.0827458413089337,0.0,0
neighbor,ID,1_2,12340000,inland,0.01,-0.0753171569807431,0.0,0
neighbor,ID,1_2,12340000,inland,0.002,-0.0836134115819993,0.0,0
neighbor,ID,1_2,12301933,inland,0.5,0.0990038991471129,0.0,0
neighbor,ID,1_2,12301933,inland,0.2,0.1386207880327505,0.0,0
neighbor,ID,1_2,12301933,inland,0.1,0.1409178945546649,0.0,0
neighbor,ID,1_2,12301933,inland,0.04,0.1451171273542781,0.0,0
neighbor,ID,1_2,12301933,inland,0.02,0.1445817355068612,0.0,0
neighbor,ID,1_2,12301933,inland,0.01,0.1521096279573903,0.0,0
neighbor,ID,1_2,12301933,inland,0.002,0.1358296329649864,0.0,0
neighbor,ID,1_2,12302055,inland,0.5,-0.0349766209210926,0.0,0
neighbor,ID,1_2,12302055,inland,0.2,-0.0722122035262073,0.0,0
neighbor,ID,1_2,12302055,inland,0.1,-0.1079632677574293,0.0,0
neighbor,ID,1_2,12302055,inland,0.04,-0.1450373186325846,0.0,0
neighbor,ID,1_2,12302055,inland,0.02,-0.171821329808774,0.0,0
neighbor,ID,1_2,12302055,inland,0.01,-0.1878351440076384,0.0,0
neighbor,ID,1_2,12302055,inland,0.002,-0.2492619726641409,0.0,0
neighbor,ID,6_8,06191500,inland,0.5,-0.42529124717344,0.0,1
neighbor,ID,6_8,06191500,inland,0.2,-0.418564404331466,0.0,1
neighbor,ID,6_8,06191500,inland,0.1,-0.403539996684044,0.0,0
neighbor,ID,6_8,06191500,inland,0.04,-0.3997147863723933,0.0,0
neighbor,ID,6_8,06191500,inland,0.02,-0.4006611446268149,0.0,0
neighbor,ID,6_8,06191500,inland,0.01,-0.3886249827124262,0.0,0
neighbor,ID,6_8,06191500,inland,0.002,-0.387759443021876,0.0,0
neighbor,ID,6_8,06040000,inland,0.5,0.0691869636336113,0.0,0
neighbor,ID,6_8,06040000,inland,0.2,0.0667598501360937,0.0,0
neighbor,ID,6_8,06040000,inland,0.1,0.0851631882345089,0.0,0
neighbor,ID,6_8,06040000,inland,0.04,0.0987371108773773,0.0,0
neighbor,ID,6_8,06040000,inland,0.02,0.1072198482799851,0.0,0
neighbor,ID,6_8,06040000,inland,0.01,0.1299576035456122,0.0,0
neighbor,ID,6_8,06040000,inland,0.002,0.1582936312629277,0.0,0
neighbor,ID,6_8,06018000,straddles,0.5,0.4540407277426976,0.0,1
neighbor,ID,6_8,06018000,straddles,0.2,0.5305675192819921,0.0,1
neighbor,ID,6_8,06018000,straddles,0.1,0.5781206168949895,0.0,1
neighbor,ID,6_8,06018000,straddles,0.04,0.615446147748822,0.0,1
neighbor,ID,6_8,06018000,straddles,0.02,0.6361166133386202,0.0,1
neighbor,ID,6_8,06018000,straddles,0.01,0.6649526998577993,0.0,1
neighbor,ID,6_8,06018000,straddles,0.002,0.7000766831376071,0.0,1
neighbor,ID,1_2,12331800,inland,0.5,0.0910570213921566,0.0,0
neighbor,ID,1_2,12331800,inland,0.2,0.0480718272282714,0.0,0
neighbor,ID,1_2,12331800,inland,0.1,0.0110671708425429,0.0,0
neighbor,ID,1_2,12331800,inland,0.04,-0.0261254713537768,0.0,0
neighbor,ID,1_2,12331800,inland,0.02,-0.0524352355729007,0.0,0
neighbor,ID,1_2,12331800,inland,0.01,-0.0681941862368544,0.0,0
neighbor,ID,1_2,12331800,inland,0.002,-0.1270012967012928,0.0,0
neighbor,ID,6_8,06025500,inland,0.5,-0.3346813895910774,0.0,0
neighbor,ID,6_8,06025500,inland,0.2,-0.328031350875877,0.0,0
neighbor,ID,6_8,06025500,inland,0.1,-0.2974594793477436,0.0,0
neighbor,ID,6_8,06025500,inland,0.04,-0.2652929190898336,0.0,0
neighbor,ID,6_8,06025500,inland,0.02,-0.2416753718164415,0.0,0
neighbor,ID,6_8,06025500,inland,0.01,-0.2051604867863878,0.0,0
neighbor,ID,6_8,06025500,inland,0.002,-0.144290048817326,0.0,0
neighbor,ID,6_8,06026210,inland,0.5,-0.2445283537310607,0.0,0
neighbor,ID,6_8,06026210,inland,0.2,-0.2547411113082471,0.0,0
neighbor,ID,6_8,06026210,inland,0.1,-0.2432641224885587,0.0,0
neighbor,ID,6_8,06026210,inland,0.04,-0.2381120379456773,0.0,0
neighbor,ID,6_8,06026210,inland,0.02,-0.2350910529684373,0.0,0
neighbor,ID,6_8,06026210,inland,0.01,-0.2190307085662914,0.0,0
neighbor,ID,6_8,06026210,inland,0.002,-0.2039205773681898,0.0,0
neighbor,ID,6_8,06025250,straddles,0.5,-0.2825107153108428,0.0,0
neighbor,ID,6_8,06025250,straddles,0.2,-0.2712007274588197,0.0,0
neighbor,ID,6_8,06025250,straddles,0.1,-0.2459052167752271,0.0,0
neighbor,ID,6_8,06025250,straddles,0.04,-0.2242507867510945,0.0,0
neighbor,ID,6_8,06025250,straddles,0.02,-0.2097580686302107,0.0,0
neighbor,ID,6_8,06025250,straddles,0.01,-0.1826683871748966,0.0,0
neighbor,ID,6_8,06025250,straddles,0.002,-0.1438963913810562,0.0,0
neighbor,ID,6_8,06026500,inland,0.5,-0.1924243126925766,0.0,0
neighbor,ID,6_8,06026500,inland,0.2,-0.175927307344355,0.0,0
neighbor,ID,6_8,06026500,inland,0.1,-0.1390972686708353,0.0,0
neighbor,ID,6_8,06026500,inland,0.04,-0.1001647235806775,0.0,0
neighbor,ID,6_8,06026500,inland,0.02,-0.071888546853283,0.0,0
neighbor,ID,6_8,06026500,inland,0.01,-0.0317903216952446,0.0,0
neighbor,ID,6_8,06026500,inland,0.002,0.0360738548275838,0.0,0
neighbor,ID,6_8,06027000,inland,0.5,-0.185283062871381,0.0,0
neighbor,ID,6_8,06027000,inland,0.2,-0.1897074429645204,0.0,0
neighbor,ID,6_8,06027000,inland,0.1,-0.1658050709844962,0.0,0
neighbor,ID,6_8,06027000,inland,0.04,-0.1416361430140931,0.0,0
neighbor,ID,6_8,06027000,inland,0.02,-0.1232027885351962,0.0,0
neighbor,ID,6_8,06027000,inland,0.01,-0.0920255513690193,0.0,0
neighbor,ID,6_8,06027000,inland,0.002,-0.0419661814282514,0.0,0
neighbor,ID,6_8,06192500,inland,0.5,-0.4471036847406897,0.0,1
neighbor,ID,6_8,06192500,inland,0.2,-0.4325562170092416,0.0,1
neighbor,ID,6_8,06192500,inland,0.1,-0.4160501073086555,0.0,0
neighbor,ID,6_8,06192500,inland,0.04,-0.4127532381014989,0.0,0
neighbor,ID,6_8,06192500,inland,0.02,-0.4151077047183724,0.0,0
neighbor,ID,6_8,06192500,inland,0.01,-0.4052983106158851,0.0,0
neighbor,ID,6_8,06192500,inland,0.002,-0.4111638190140239,0.0,0
neighbor,ID,6_8,06034500,straddles,0.5,-0.2050642072921569,0.0,0
neighbor,ID,6_8,06034500,straddles,0.2,-0.1826849674354749,0.0,0
neighbor,ID,6_8,06034500,straddles,0.1,-0.1543087690076943,0.0,0
neighbor,ID,6_8,06034500,straddles,0.04,-0.1318940779895188,0.0,0
neighbor,ID,6_8,06034500,straddles,0.02,-0.1177899586601967,0.0,0
neighbor,ID,6_8,06034500,straddles,0.01,-0.092525319670969,0.0,0
neighbor,ID,6_8,06034500,straddles,0.002,-0.0594453251585456,0.0,0
neighbor,ID,6_8,06036650,straddles,0.5,-0.1324491228803874,0.0,0
neighbor,ID,6_8,06036650,straddles,0.2,-0.1445887655460369,0.0,0
neighbor,ID,6_8,06036650,straddles,0.1,-0.1267333260253824,0.0,0
neighbor,ID,6_8,06036650,straddles,0.04,-0.1103811196357211,0.0,0
neighbor,ID,6_8,06036650,straddles,0.02,-0.0975688750399204,0.0,0
neighbor,ID,6_8,06036650,straddles,0.01,-0.0718424232311401,0.0,0
neighbor,ID,6_8,06036650,straddles,0.002,-0.0335425431382585,0.0,0
neighbor,AZ,4,09455800,border,0.5,-0.1951525032898868,0.0,0
neighbor,AZ,4,09455800,border,0.2,-0.1332517965009558,0.0,0
neighbor,AZ,4,09455800,border,0.1,-0.0660716404515189,0.0,0
neighbor,AZ,4,09455800,border,0.04,0.0270697014739411,0.0,0
neighbor,AZ,4,09455800,border,0.02,0.1001946509551761,0.0,0
neighbor,AZ,4,09455800,border,0.01,0.171706799308339,0.0,0
neighbor,AZ,4,09455800,border,0.002,0.3324436041307432,0.0,0
neighbor,AZ,1,09442660,straddles,0.5,-0.028508164557806,0.0,0
neighbor,AZ,1,09442660,straddles,0.2,-0.1666469655720908,0.0,0
neighbor,AZ,1,09442660,straddles,0.1,-0.2182708700952043,0.0,0
neighbor,AZ,1,09442660,straddles,0.04,-0.2584782659609828,0.0,0
neighbor,AZ,1,09442660,straddles,0.02,-0.2773279677191951,0.0,0
neighbor,AZ,1,09442660,straddles,0.01,-0.2912884329428031,0.0,0
neighbor,AZ,1,09442660,straddles,0.002,-0.3005660134287122,0.0,0
neighbor,AZ,1,09442630,border,0.5,-0.0591370318424464,0.0,0
neighbor,AZ,1,09442630,border,0.2,0.0570088649426332,0.0,0
neighbor,AZ,1,09442630,border,0.1,0.0897968581270265,0.0,0
neighbor,AZ,1,09442630,border,0.04,0.1019796180784391,0.0,0
neighbor,AZ,1,09442630,border,0.02,0.0957344556025487,0.0,0
neighbor,AZ,1,09442630,border,0.01,0.0798750338568106,0.0,0
neighbor,AZ,1,09442630,border,0.002,0.0268446853858357,0.0,0
neighbor,AZ,4,09443000,straddles,0.5,0.147615592843366,0.0,0
neighbor,AZ,4,09443000,straddles,0.2,-0.1360200705020116,0.0,0
neighbor,AZ,4,09443000,straddles,0.1,-0.1976747461647985,0.0,0
neighbor,AZ,4,09443000,straddles,0.04,-0.2539883758924146,0.0,0
neighbor,AZ,4,09443000,straddles,0.02,-0.2753730393514955,0.0,0
neighbor,AZ,4,09443000,straddles,0.01,-0.2975125791956063,0.0,0
neighbor,AZ,4,09443000,straddles,0.002,-0.3397975137830684,0.0,0
neighbor,AZ,4,09444000,straddles,0.5,0.463087088825961,0.0,0
neighbor,AZ,4,09444000,straddles,0.2,0.2443821950638556,0.0,0
neighbor,AZ,4,09444000,straddles,0.1,0.2148768137195471,0.0,0
neighbor,AZ,4,09444000,straddles,0.04,0.1937926019651072,0.0,0
neighbor,AZ,4,09444000,straddles,0.02,0.1954597757347675,0.0,0
neighbor,AZ,4,09444000,straddles,0.01,0.194360002499347,0.0,0
neighbor,AZ,4,09444000,straddles,0.002,0.1957526142749266,0.0,0
neighbor,AZ,4,09438200,straddles,0.5,0.2129734838033692,0.0,0
neighbor,AZ,4,09438200,straddles,0.2,0.2078086410769644,0.0,0
neighbor,AZ,4,09438200,straddles,0.1,0.2065143076718048,0.0,0
neighbor,AZ,4,09438200,straddles,0.04,0.2008277534556652,0.0,0
neighbor,AZ,4,09438200,straddles,0.02,0.1977500849545594,0.0,0
neighbor,AZ,4,09438200,straddles,0.01,0.1891410838407168,0.0,0
neighbor,AZ,4,09438200,straddles,0.002,0.1623329091220933,0.0,0
neighbor,AZ,2,09367860,border,0.5,-0.8188156550888257,0.0,1
neighbor,AZ,2,09367860,border,0.2,-0.7735013988996795,0.0,1
neighbor,AZ,2,09367860,border,0.1,-0.7377822727788463,0.0,1
neighbor,AZ,2,09367860,border,0.04,-0.6892029913505047,0.0,1
neighbor,AZ,2,09367860,border,0.02,-0.653839826606009,0.0,1
neighbor,AZ,2,09367860,border,0.01,-0.6200056050001432,0.0,1
neighbor,AZ,2,09367860,border,0.002,-0.5430959082748381,0.0,0
neighbor,AZ,4,09432000,border,0.5,0.3651143233179135,0.0,0
neighbor,AZ,4,09432000,border,0.2,0.2028051292440453,0.0,0
neighbor,AZ,4,09432000,border,0.1,0.1799414656417237,0.0,0
neighbor,AZ,4,09432000,border,0.04,0.1642998325555771,0.0,0
neighbor,AZ,4,09432000,border,0.02,0.1707179206512705,0.0,0
neighbor,AZ,4,09432000,border,0.01,0.175399674195031,0.0,0
neighbor,AZ,4,09432000,border,0.002,0.1947089955578178,0.0,0
neighbor,AZ,1,09442680,straddles,0.5,0.0317729848347863,0.0,0
neighbor,AZ,1,09442680,straddles,0.2,-0.0585116242016918,0.0,0
neighbor,AZ,1,09442680,straddles,0.1,-0.1232703409124509,0.0,0
neighbor,AZ,1,09442680,straddles,0.04,-0.2050126679322401,0.0,0
neighbor,AZ,1,09442680,straddles,0.02,-0.2649199611752308,0.0,0
neighbor,AZ,1,09442680,straddles,0.01,-0.3264731502728404,0.0,0
neighbor,AZ,1,09442680,straddles,0.002,-0.4606345849373214,0.0,0
neighbor,AZ,2,09395500,inland,0.5,-0.1122098031422385,0.0,0
neighbor,AZ,2,09395500,inland,0.2,-0.2117785129374243,0.0,0
neighbor,AZ,2,09395500,inland,0.1,-0.2200742788935237,0.0,0
neighbor,AZ,2,09395500,inland,0.04,-0.1980877024192908,0.0,0
neighbor,AZ,2,09395500,inland,0.02,-0.1680586028018109,0.0,0
neighbor,AZ,2,09395500,inland,0.01,-0.1328043292669818,0.0,0
neighbor,AZ,2,09395500,inland,0.002,-0.0331897389011048,0.0,0
neighbor,AZ,1,09442740,inland,0.5,0.5075687248191016,0.0,0
neighbor,AZ,1,09442740,inland,0.2,0.3817559465697639,0.0,0
neighbor,AZ,1,09442740,inland,0.1,0.338320037604809,0.0,0
neighbor,AZ,1,09442740,inland,0.04,0.3093693817318703,0.0,0
neighbor,AZ,1,09442740,inland,0.02,0.3000252007353969,0.0,0
neighbor,AZ,1,09442740,inland,0.01,0.2947961415592548,0.0,0
neighbor,AZ,1,09442740,inland,0.002,0.3060447382976443,0.0,0
neighbor,AZ,4,09431500,inland,0.5,0.2431590991550041,0.0,0
neighbor,AZ,4,09431500,inland,0.2,0.0833330774038012,0.0,0
neighbor,AZ,4,09431500,inland,0.1,0.0741767843579968,0.0,0
neighbor,AZ,4,09431500,inland,0.04,0.0761141875924353,0.0,0
neighbor,AZ,4,09431500,inland,0.02,0.0951421435965365,0.0,0
neighbor,AZ,4,09431500,inland,0.01,0.1115946837554844,0.0,0
neighbor,AZ,4,09431500,inland,0.002,0.1554112832834864,0.0,0
neighbor,AZ,2,09367950,straddles,0.5,-0.0159328718409632,0.0,0
neighbor,AZ,2,09367950,straddles,0.2,0.16395574795686,0.0,0
neighbor,AZ,2,09367950,straddles,0.1,0.2511894423551486,0.0,0
neighbor,AZ,2,09367950,straddles,0.04,0.3400143050190438,0.0,0
neighbor,AZ,2,09367950,straddles,0.02,0.3964800659437895,0.0,0
neighbor,AZ,2,09367950,straddles,0.01,0.4447027647388677,0.0,0
neighbor,AZ,2,09367950,straddles,0.002,0.5444415112954113,0.0,1
neighbor,AZ,4,09431000,inland,0.5,0.207813452226611,0.0,0
neighbor,AZ,4,09431000,inland,0.2,0.1260254446323427,0.0,0
neighbor,AZ,4,09431000,inland,0.1,0.1797559160866928,0.0,0
neighbor,AZ,4,09431000,inland,0.04,0.2575483689499727,0.0,1
neighbor,AZ,4,09431000,inland,0.02,0.3295598675332387,0.0,1
neighbor,AZ,4,09431000,inland,0.01,0.3956756138576374,0.0,1
neighbor,AZ,4,09431000,inland,0.002,0.5444299656326601,0.0,1
neighbor,AZ,4,09430500,inland,0.5,0.5889846210382146,0.0,0
neighbor,AZ,4,09430500,inland,0.2,0.2306082639274183,0.0,0
neighbor,AZ,4,09430500,inland,0.1,0.1288891510730669,0.0,0
neighbor,AZ,4,09430500,inland,0.04,0.0225882771398877,0.0,0
neighbor,AZ,4,09430500,inland,0.02,-0.0341864590000788,0.0,0
neighbor,AZ,4,09430500,inland,0.01,-0.0908943953325494,0.0,0
neighbor,AZ,4,09430500,inland,0.002,-0.2110901641363272,0.0,0
neighbor,CO,RioGrande,08247500,border,0.5,-0.0991059072881275,0.0,0
neighbor,CO,RioGrande,08247500,border,0.2,-0.1063365656475396,0.0,0
neighbor,CO,RioGrande,08247500,border,0.1,-0.0796200608443564,0.0,0
neighbor,CO,RioGrande,08247500,border,0.04,-0.0414880556983896,0.0,0
neighbor,CO,RioGrande,08247500,border,0.02,-0.0223065627676195,0.0,0
neighbor,CO,RioGrande,08247500,border,0.01,0.0423821745860015,0.0,0
neighbor,CO,RioGrande,08247500,border,0.002,0.1410590718562838,0.0,0
neighbor,CO,RioGrande,08248000,straddles,0.5,-0.2202338999460131,0.0,0
neighbor,CO,RioGrande,08248000,straddles,0.2,-0.1874929575922772,0.0,0
neighbor,CO,RioGrande,08248000,straddles,0.1,-0.1431205955699037,0.0,0
neighbor,CO,RioGrande,08248000,straddles,0.04,-0.0907962881497708,0.0,0
neighbor,CO,RioGrande,08248000,straddles,0.02,-0.0650221198651088,0.0,0
neighbor,CO,RioGrande,08248000,straddles,0.01,-0.0022968314009204,0.0,0
neighbor,CO,RioGrande,08248000,straddles,0.002,0.1009269453210888,0.0,0
neighbor,CO,RioGrande,08253000,border,0.5,-0.0050369168299659,0.0,0
neighbor,CO,RioGrande,08253000,border,0.2,0.0516631765449324,0.0,0
neighbor,CO,RioGrande,08253000,border,0.1,0.0957827250664,0.0,0
neighbor,CO,RioGrande,08253000,border,0.04,0.14332950111016,0.0,0
neighbor,CO,RioGrande,08253000,border,0.02,0.1700691692104188,0.0,0
neighbor,CO,RioGrande,08253000,border,0.01,0.2398548356133827,0.0,0
neighbor,CO,RioGrande,08253000,border,0.002,0.3343648670603496,0.0,0
neighbor,CO,RioGrande,08253500,border,0.5,-0.1858397461175173,0.0,0
neighbor,CO,RioGrande,08253500,border,0.2,-0.0318930919572291,0.0,0
neighbor,CO,RioGrande,08253500,border,0.1,0.068650171211132,0.0,0
neighbor,CO,RioGrande,08253500,border,0.04,0.183547223281457,0.0,0
neighbor,CO,RioGrande,08253500,border,0.02,0.2642907623998689,0.0,0
neighbor,CO,RioGrande,08253500,border,0.01,0.3894085677501513,0.0,1
neighbor,CO,RioGrande,08253500,border,0.002,0.5886270276273422,0.0,1
neighbor,CO,RioGrande,08263000,border,0.5,0.0048976293674742,0.0,0
neighbor,CO,RioGrande,08263000,border,0.2,0.0461871883005409,0.0,0
neighbor,CO,RioGrande,08263000,border,0.1,0.0743497769676659,0.0,0
neighbor,CO,RioGrande,08263000,border,0.04,0.0982781092041897,0.0,0
neighbor,CO,RioGrande,08263000,border,0.02,0.1087105705915862,0.0,0
neighbor,CO,RioGrande,08263000,border,0.01,0.1575197360481963,0.0,0
neighbor,CO,RioGrande,08263000,border,0.002,0.2094295616195101,0.0,0
neighbor,CO,RioGrande,08284100,straddles,0.5,-0.2329522646042501,0.0,0
neighbor,CO,RioGrande,08284100,straddles,0.2,-0.2549596139425389,0.0,0
neighbor,CO,RioGrande,08284100,straddles,0.1,-0.2484840051831782,0.0,0
neighbor,CO,RioGrande,08284100,straddles,0.04,-0.2444944269590596,0.0,0
neighbor,CO,RioGrande,08284100,straddles,0.02,-0.2580778819139047,0.0,0
neighbor,CO,RioGrande,08284100,straddles,0.01,-0.2337541096490096,0.0,0
neighbor,CO,RioGrande,08284100,straddles,0.002,-0.2131470563734128,0.0,0
neighbor,AZ,3,09419910,border,0.5,-0.4779803540994218,0.0,0
neighbor,AZ,3,09419910,border,0.2,-0.6742801175404596,0.0,1
neighbor,AZ,3,09419910,border,0.1,-0.7278576008861353,0.0,1
neighbor,AZ,3,09419910,border,0.04,-0.6557154093587685,0.0,0
neighbor,AZ,3,09419910,border,0.02,-0.6823946263591942,0.0,0
neighbor,AZ,3,09419910,border,0.01,-0.6881122070066348,0.0,0
neighbor,AZ,3,09419910,border,0.002,-0.6527279213791539,0.0,0
neighbor,ID,7,13105000,straddles,0.5,0.134746556031116,0.0,0
neighbor,ID,7,13105000,straddles,0.2,0.1018456676654424,0.0,0
neighbor,ID,7,13105000,straddles,0.1,0.1014633304595835,0.0,0
neighbor,ID,7,13105000,straddles,0.04,0.1292242833143295,0.0,0
neighbor,ID,7,13105000,straddles,0.02,0.1420986471925855,0.0,0
neighbor,ID,7,13105000,straddles,0.01,0.1614835493372926,0.0,0
neighbor,ID,7,13105000,straddles,0.002,0.2124546795604867,0.0,0
neighbor,ID,7,10323500,inland,0.5,0.1302915700055873,0.0,0
neighbor,ID,7,10323500,inland,0.2,0.0923766435505881,0.0,0
neighbor,ID,7,10323500,inland,0.1,0.0925950314100387,0.0,0
neighbor,ID,7,10323500,inland,0.04,0.1242115651585642,0.0,0
neighbor,ID,7,10323500,inland,0.02,0.1408811966862746,0.0,0
neighbor,ID,7,10323500,inland,0.01,0.1640853726105784,0.0,0
neighbor,ID,7,10323500,inland,0.002,0.2250666390646847,0.0,0
neighbor,UT,3,10243240,border,0.5,-0.3059366533071759,0.0,0
neighbor,UT,3,10243240,border,0.2,-0.1090508575603563,0.0,0
neighbor,UT,3,10243240,border,0.1,-0.0003204851581104,0.0,0
neighbor,UT,3,10243240,border,0.04,0.1116238092936652,0.0,0
neighbor,UT,3,10243240,border,0.02,0.184798910730354,0.0,0
neighbor,UT,3,10243240,border,0.01,0.2467947283077429,0.0,0
neighbor,UT,3,10243240,border,0.002,0.373923810811247,0.0,0
neighbor,UT,3,13105000,inland,0.5,-0.6455948510005616,0.0,0
neighbor,UT,3,13105000,inland,0.2,-0.5086636528758506,0.0,0
neighbor,UT,3,13105000,inland,0.1,-0.3720357912378822,0.0,0
neighbor,UT,3,13105000,inland,0.04,-0.2070493653984755,0.0,0
neighbor,UT,3,13105000,inland,0.02,-0.0978257915844604,0.0,0
neighbor,UT,3,13105000,inland,0.01,-0.0050185632217147,0.0,0
neighbor,UT,3,13105000,inland,0.002,0.1822241695556634,0.0,0
neighbor,ID,4,13290190,border,0.5,0.0246706195241928,0.0,0
neighbor,ID,4,13290190,border,0.2,-0.015456393157073,0.0,0
neighbor,ID,4,13290190,border,0.1,-0.0366081903174255,0.0,0
neighbor,ID,4,13290190,border,0.04,-0.0470545790043006,0.0,0
neighbor,ID,4,13290190,border,0.02,-0.0665597306435694,0.0,0
neighbor,ID,4,13290190,border,0.01,-0.0719398545042677,0.0,0
neighbor,ID,4,13290190,border,0.002,-0.0889339540146325,0.0,0
neighbor,ID,4,13288200,inland,0.5,0.1111402017833387,0.0,0
neighbor,ID,4,13288200,inland,0.2,0.1214047350746745,0.0,0
neighbor,ID,4,13288200,inland,0.1,0.1190789833720797,0.0,0
neighbor,ID,4,13288200,inland,0.04,0.1219090806174834,0.0,0
neighbor,ID,4,13288200,inland,0.02,0.1069245810978487,0.0,0
neighbor,ID,4,13288200,inland,0.01,0.1034686873175734,0.0,0
neighbor,ID,4,13288200,inland,0.002,0.0859395469160224,0.0,0
neighbor,ID,4,13333000,inland,0.5,0.0583925965318021,0.0,0
neighbor,ID,4,13333000,inland,0.2,0.0538398587202051,0.0,0
neighbor,ID,4,13333000,inland,0.1,0.043481204630793,0.0,0
neighbor,ID,4,13333000,inland,0.04,0.0370851895280681,0.0,0
neighbor,ID,4,13333000,inland,0.02,0.0185328745710853,0.0,0
neighbor,ID,4,13333000,inland,0.01,0.0096531030489446,0.0,0
neighbor,ID,4,13333000,inland,0.002,-0.0191044591582532,0.0,0
neighbor,WA,4,14113200,border,0.5,-0.0086804156366526,0.0,0
neighbor,WA,4,14113200,border,0.2,-0.1119925758510316,0.0,0
neighbor,WA,4,14113200,border,0.1,-0.1600442797005881,0.0,0
neighbor,WA,4,14113200,border,0.04,-0.2111473088907427,0.0,0
neighbor,WA,4,14113200,border,0.02,-0.245161799034947,0.0,0
neighbor,WA,4,14113200,border,0.01,-0.2779497211440977,0.0,0
neighbor,WA,4,14113200,border,0.002,-0.3406721340175065,0.0,0
neighbor,WA,4,14120000,border,0.5,-0.5746358561302087,0.0,1
neighbor,WA,4,14120000,border,0.2,-0.4712844726392058,0.0,1
neighbor,WA,4,14120000,border,0.1,-0.411335429694935,0.0,1
neighbor,WA,4,14120000,border,0.04,-0.3471842287149718,0.0,0
neighbor,WA,4,14120000,border,0.02,-0.3070458112047705,0.0,0
neighbor,WA,4,14120000,border,0.01,-0.2740360774833981,0.0,0
neighbor,WA,4,14120000,border,0.002,-0.2018143571648085,0.0,0
neighbor,WA,4,14211800,border,0.5,-0.2900593530724418,0.0,0
neighbor,WA,4,14211800,border,0.2,-0.2988239997522224,0.0,0
neighbor,WA,4,14211800,border,0.1,-0.2956630621503229,0.0,0
neighbor,WA,4,14211800,border,0.04,-0.296977035244871,0.0,0
neighbor,WA,4,14211800,border,0.02,-0.2966655292887612,0.0,0
neighbor,WA,4,14211800,border,0.01,-0.2947100714236699,0.0,0
neighbor,WA,4,14211800,border,0.002,-0.296582089200808,0.0,0
neighbor,WA,4,14138850,border,0.5,-1.04845302285729,0.0,1
neighbor,WA,4,14138850,border,0.2,-0.8793648006234505,0.0,1
neighbor,WA,4,14138850,border,0.1,-0.7910054593263438,0.0,1
neighbor,WA,4,14138850,border,0.04,-0.7011346139331422,0.0,1
neighbor,WA,4,14138850,border,0.02,-0.6465557066489334,0.0,1
neighbor,WA,4,14138850,border,0.01,-0.6013624174357108,0.0,1
neighbor,WA,4,14138850,border,0.002,-0.5108351393652972,0.0,1
neighbor,WA,4,14118500,border,0.5,-0.1801342082677863,0.0,0
neighbor,WA,4,14118500,border,0.2,-0.1683353979583119,0.0,0
neighbor,WA,4,14118500,border,0.1,-0.1513913909087998,0.0,0
neighbor,WA,4,14118500,border,0.04,-0.1402162727602354,0.0,0
neighbor,WA,4,14118500,border,0.02,-0.1303886838149859,0.0,0
neighbor,WA,4,14118500,border,0.01,-0.1194069723304895,0.0,0
neighbor,WA,4,14118500,border,0.002,-0.1028057045324848,0.0,0
neighbor,WA,4,14048300,border,0.5,0.1095745952601758,0.0,0
neighbor,WA,4,14048300,border,0.2,0.0240955210259561,0.0,0
neighbor,WA,4,14048300,border,0.1,-0.0209701554284542,0.0,0
neighbor,WA,4,14048300,border,0.04,-0.0737524449094966,0.0,0
neighbor,WA,4,14048300,border,0.02,-0.1112139645429639,0.0,0
neighbor,WA,4,14048300,border,0.01,-0.1480788514609741,0.0,0
neighbor,WA,4,14048300,border,0.002,-0.2256421827252102,0.0,0
neighbor,WA,4,14138870,border,0.5,-0.8792524748231307,0.0,1
neighbor,WA,4,14138870,border,0.2,-0.7566652353119285,0.0,1
neighbor,WA,4,14138870,border,0.1,-0.6924423569932352,0.0,1
neighbor,WA,4,14138870,border,0.04,-0.6283139654194656,0.0,1
neighbor,WA,4,14138870,border,0.02,-0.5899742367917953,0.0,1
neighbor,WA,4,14138870,border,0.01,-0.5583318268019473,0.0,1
neighbor,WA,4,14138870,border,0.002,-0.4971641011201475,0.0,1
neighbor,WA,4,14139700,border,0.5,-0.9971599946577834,0.0,1
neighbor,WA,4,14139700,border,0.2,-0.8452034643369757,0.0,1
neighbor,WA,4,14139700,border,0.1,-0.7610662994933235,0.0,1
neighbor,WA,4,14139700,border,0.04,-0.6723053431372699,0.0,1
neighbor,WA,4,14139700,border,0.02,-0.6162804021609469,0.0,1
neighbor,WA,4,14139700,border,0.01,-0.567686664993051,0.0,1
neighbor,WA,4,14139700,border,0.002,-0.4684366327850084,0.0,1
neighbor,WA,4,14139800,border,0.5,-0.9762133898100612,0.0,1
neighbor,WA,4,14139800,border,0.2,-0.8352188204717943,0.0,1
neighbor,WA,4,14139800,border,0.1,-0.756782047219767,0.0,1
neighbor,WA,4,14139800,border,0.04,-0.6740156068496148,0.0,1
neighbor,WA,4,14139800,border,0.02,-0.6219396284637022,0.0,1
neighbor,WA,4,14139800,border,0.01,-0.5772030645350825,0.0,1
neighbor,WA,4,14139800,border,0.002,-0.4850110144474695,0.0,1
neighbor,WA,4,14141500,border,0.5,-0.8803476882953243,0.0,1
neighbor,WA,4,14141500,border,0.2,-0.7441500639037213,0.0,1
neighbor,WA,4,14141500,border,0.1,-0.6746514382571278,0.0,1
neighbor,WA,4,14141500,border,0.04,-0.6062145032939017,0.0,1
neighbor,WA,4,14141500,border,0.02,-0.5660808625463636,0.0,1
neighbor,WA,4,14141500,border,0.01,-0.5340177356276152,0.0,1
neighbor,WA,4,14141500,border,0.002,-0.4721591809941383,0.0,1
neighbor,WA,4,14251500,border,0.5,-0.8907389751384072,0.0,1
neighbor,WA,4,14251500,border,0.2,-0.6867725410026142,0.0,1
neighbor,WA,4,14251500,border,0.1,-0.5785326213839013,0.0,1
neighbor,WA,4,14251500,border,0.04,-0.4662341348921917,0.0,1
neighbor,WA,4,14251500,border,0.02,-0.3964293359874951,0.0,1
neighbor,WA,4,14251500,border,0.01,-0.3369169297054197,0.0,0
neighbor,WA,4,14251500,border,0.002,-0.216405081656259,0.0,0
neighbor,WA,4,14211000,inland,0.5,-0.1663953168258318,0.0,0
neighbor,WA,4,14211000,inland,0.2,-0.1182336869309326,0.0,0
neighbor,WA,4,14211000,inland,0.1,-0.0901833421684585,0.0,0
neighbor,WA,4,14211000,inland,0.04,-0.071099337566868,0.0,0
neighbor,WA,4,14211000,inland,0.02,-0.0601455679455078,0.0,0
neighbor,WA,4,14211000,inland,0.01,-0.0520717543103863,0.0,0
neighbor,WA,4,14211000,inland,0.002,-0.0431775102938356,0.0,0
neighbor,AZ,2,09403600,border,0.5,0.3724162754927622,0.0,0
neighbor,AZ,2,09403600,border,0.2,0.3047278645663862,0.0,0
neighbor,AZ,2,09403600,border,0.1,0.2815352306823468,0.0,0
neighbor,AZ,2,09403600,border,0.04,0.2670377874582925,0.0,0
neighbor,AZ,2,09403600,border,0.02,0.2629987246578977,0.0,0
neighbor,AZ,2,09403600,border,0.01,0.2616171852423714,0.0,0
neighbor,AZ,2,09403600,border,0.002,0.2712075075746099,0.0,0
neighbor,AZ,2,09381800,border,0.5,-0.2483782548123168,0.0,0
neighbor,AZ,2,09381800,border,0.2,-0.1896226934598885,0.0,0
neighbor,AZ,2,09381800,border,0.1,-0.1595449023548223,0.0,0
neighbor,AZ,2,09381800,border,0.04,-0.1267793540335597,0.0,0
neighbor,AZ,2,09381800,border,0.02,-0.1048004793554424,0.0,0
neighbor,AZ,2,09381800,border,0.01,-0.0860072838722789,0.0,0
neighbor,AZ,2,09381800,border,0.002,-0.0433602876580589,0.0,0
neighbor,AZ,2,09404900,border,0.5,-0.1636716299898504,0.0,0
neighbor,AZ,2,09404900,border,0.2,-0.051425252965334,0.0,0
neighbor,AZ,2,09404900,border,0.1,0.0366446572525993,0.0,0
neighbor,AZ,2,09404900,border,0.04,0.1506195762771707,0.0,0
neighbor,AZ,2,09404900,border,0.02,0.2339269217359798,0.0,0
neighbor,AZ,2,09404900,border,0.01,0.3130992664480181,0.0,0
neighbor,AZ,2,09404900,border,0.002,0.489588601837446,0.0,0
neighbor,AZ,2,09406100,inland,0.5,-0.3261514897930078,0.0,0
neighbor,AZ,2,09406100,inland,0.2,-0.1961406828974219,0.0,0
neighbor,AZ,2,09406100,inland,0.1,-0.1144840171139209,0.0,0
neighbor,AZ,2,09406100,inland,0.04,-0.0169241254283565,0.0,0
neighbor,AZ,2,09406100,inland,0.02,0.0520789343758893,0.0,0
neighbor,AZ,2,09406100,inland,0.01,0.1162864156109142,0.0,0
neighbor,AZ,2,09406100,inland,0.002,0.2595294568932349,0.0,0
neighbor,AZ,2,09406000,inland,0.5,-0.3329634115710647,0.0,0
neighbor,AZ,2,09406000,inland,0.2,-0.2530636778864652,0.0,0
neighbor,AZ,2,09406000,inland,0.1,-0.2172710079255289,0.0,0
neighbor,AZ,2,09406000,inland,0.04,-0.182472993971178,0.0,0
neighbor,AZ,2,09406000,inland,0.02,-0.1612110341903854,0.0,0
neighbor,AZ,2,09406000,inland,0.01,-0.1445051901260523,0.0,0
neighbor,AZ,2,09406000,inland,0.002,-0.1098251382898016,0.0,0
neighbor,AZ,2,09405500,inland,0.5,-0.2550415166221098,0.0,0
neighbor,AZ,2,09405500,inland,0.2,-0.1623281394508144,0.0,0
neighbor,AZ,2,09405500,inland,0.1,-0.111032806673887,0.0,0
neighbor,AZ,2,09405500,inland,0.04,-0.0530161165942977,0.0,0
neighbor,AZ,2,09405500,inland,0.02,-0.0136216877122934,0.0,0
neighbor,AZ,2,09405500,inland,0.01,0.0216990742098155,0.0,0
neighbor,AZ,2,09405500,inland,0.002,0.0995605328154969,0.0,0
neighbor,ID,6_8,10099000,straddles,0.5,0.1399175842606692,0.0,0
neighbor,ID,6_8,10099000,straddles,0.2,0.1075349902023425,0.0,0
neighbor,ID,6_8,10099000,straddles,0.1,0.0831505159172043,0.0,0
neighbor,ID,6_8,10099000,straddles,0.04,0.0340001426856151,0.0,0
neighbor,ID,6_8,10099000,straddles,0.02,-0.0084404253939633,0.0,0
neighbor,ID,6_8,10099000,straddles,0.01,-0.0375848935927458,0.0,0
neighbor,ID,6_8,10099000,straddles,0.002,-0.1324977851829722,0.0,0
neighbor,ID,7,13077700,border,0.5,-0.0304999107438874,0.0,0
neighbor,ID,7,13077700,border,0.2,-0.0756359730964113,0.0,0
neighbor,ID,7,13077700,border,0.1,-0.1161550503418404,0.0,0
neighbor,ID,7,13077700,border,0.04,-0.160037493891644,0.0,0
neighbor,ID,7,13077700,border,0.02,-0.2072257106122546,0.0,0
neighbor,ID,7,13077700,border,0.01,-0.2498285468405718,0.0,0
neighbor,ID,7,13077700,border,0.002,-0.3506344210839582,0.0,0
neighbor,ID,3,13335050,border,0.5,0.3982324038462517,0.0,0
neighbor,ID,3,13335050,border,0.2,0.3444156982008151,0.0,0
neighbor,ID,3,13335050,border,0.1,0.3151357045648231,0.0,0
neighbor,ID,3,13335050,border,0.04,0.281003194869605,0.0,0
neighbor,ID,3,13335050,border,0.02,0.2567532918534532,0.0,0
neighbor,ID,3,13335050,border,0.01,0.229858885939437,0.0,0
neighbor,ID,3,13335050,border,0.002,0.1749328935173624,0.0,0
neighbor,ID,3,13334700,border,0.5,0.3944985643663226,0.0,0
neighbor,ID,3,13334700,border,0.2,0.3173303960052749,0.0,0
neighbor,ID,3,13334700,border,0.1,0.2688358663044683,0.0,0
neighbor,ID,3,13334700,border,0.04,0.2082141164946627,0.0,0
neighbor,ID,3,13334700,border,0.02,0.1637171818198322,0.0,0
neighbor,ID,3,13334700,border,0.01,0.116492597307003,0.0,0
neighbor,ID,3,13334700,border,0.002,0.0134382137086572,0.0,0
neighbor,ID,3,13348400,border,0.5,-0.3418211250155798,0.0,0
neighbor,ID,3,13348400,border,0.2,-0.3558032554909185,0.0,0
neighbor,ID,3,13348400,border,0.1,-0.3714630707112214,0.0,0
neighbor,ID,3,13348400,border,0.04,-0.4018437467283831,0.0,0
neighbor,ID,3,13348400,border,0.02,-0.4277826911120901,0.0,0
neighbor,ID,3,13348400,border,0.01,-0.4588944663277021,0.0,1
neighbor,ID,3,13348400,border,0.002,-0.5371251754019299,0.0,1
neighbor,ID,3,13348500,straddles,0.5,-0.2365264404036704,0.0,0
neighbor,ID,3,13348500,straddles,0.2,-0.1769308820596093,0.0,0
neighbor,ID,3,13348500,straddles,0.1,-0.1488647067397539,0.0,0
neighbor,ID,3,13348500,straddles,0.04,-0.1255448855371441,0.0,0
neighbor,ID,3,13348500,straddles,0.02,-0.1139509082854779,0.0,0
neighbor,ID,3,13348500,straddles,0.01,-0.1094298337383494,0.0,0
neighbor,ID,3,13348500,straddles,0.002,-0.106076344340841,0.0,0
neighbor,ID,3,13348000,straddles,0.5,-0.0952964461872478,0.0,0
neighbor,ID,3,13348000,straddles,0.2,-0.0710732397299764,0.0,0
neighbor,ID,3,13348000,straddles,0.1,-0.0618723810392993,0.0,0
neighbor,ID,3,13348000,straddles,0.04,-0.0575868990745918,0.0,0
neighbor,ID,3,13348000,straddles,0.02,-0.0581798380176774,0.0,0
neighbor,ID,3,13348000,straddles,0.01,-0.0645698572444368,0.0,0
neighbor,ID,3,13348000,straddles,0.002,-0.08135023575714,0.0,0
neighbor,ID,3,13334500,border,0.5,0.446111890358233,0.0,0
neighbor,ID,3,13334500,border,0.2,0.5031095432077968,0.0,1
neighbor,ID,3,13334500,border,0.1,0.5316463195887629,0.0,1
neighbor,ID,3,13334500,border,0.04,0.558430899707314,0.0,1
neighbor,ID,3,13334500,border,0.02,0.5733516858142362,0.0,1
neighbor,ID,3,13334500,border,0.01,0.5815762319052951,0.0,1
neighbor,ID,3,13334500,border,0.002,0.5965521635520683,0.0,1
neighbor,ID,1_2,12395900,border,0.5,-0.16533788530086,0.0,0
neighbor,ID,1_2,12395900,border,0.2,-0.0767016022300834,0.0,0
neighbor,ID,1_2,12395900,border,0.1,-0.0425612017978322,0.0,0
neighbor,ID,1_2,12395900,border,0.04,-0.0051421667504847,0.0,0
neighbor,ID,1_2,12395900,border,0.02,0.0172922770334555,0.0,0
neighbor,ID,1_2,12395900,border,0.01,0.0463036348382224,0.0,0
neighbor,ID,1_2,12395900,border,0.002,0.0797462472837331,0.0,0
neighbor,ID,1_2,12396900,border,0.5,0.0658671314236092,0.0,0
neighbor,ID,1_2,12396900,border,0.2,0.1177148298663324,0.0,0
neighbor,ID,1_2,12396900,border,0.1,0.1337685216007154,0.0,0
neighbor,ID,1_2,12396900,border,0.04,0.1562735468665246,0.0,0
neighbor,ID,1_2,12396900,border,0.02,0.1706215906024009,0.0,0
neighbor,ID,1_2,12396900,border,0.01,0.1946693133022252,0.0,0
neighbor,ID,1_2,12396900,border,0.002,0.2170342739658184,0.0,0
neighbor,ID,3,13334450,border,0.5,0.2939064111142602,0.0,0
neighbor,ID,3,13334450,border,0.2,0.3370881421766047,0.0,0
neighbor,ID,3,13334450,border,0.1,0.3607750416585271,0.0,0
neighbor,ID,3,13334450,border,0.04,0.3838341891808956,0.0,1
neighbor,ID,3,13334450,border,0.02,0.3972769516516901,0.0,1
neighbor,ID,3,13334450,border,0.01,0.4048041111989269,0.0,1
neighbor,ID,3,13334450,border,0.002,0.419730974814378,0.0,1
neighbor,ID,3,13346100,straddles,0.5,-0.2777022750504265,0.0,0
neighbor,ID,3,13346100,straddles,0.2,-0.1983121800549701,0.0,0
neighbor,ID,3,13346100,straddles,0.1,-0.1505493253860899,0.0,0
neighbor,ID,3,13346100,straddles,0.04,-0.0965168223540877,0.0,0
neighbor,ID,3,13346100,straddles,0.02,-0.0606535087538171,0.0,0
neighbor,ID,3,13346100,straddles,0.01,-0.0313470006135885,0.0,0
neighbor,ID,3,13346100,straddles,0.002,0.0340433385423555,0.0,0
neighbor,ID,3,13349210,straddles,0.5,-0.2101763383157164,0.0,0
neighbor,ID,3,13349210,straddles,0.2,-0.1651404204668121,0.0,0
neighbor,ID,3,13349210,straddles,0.1,-0.1360410183779237,0.0,0
neighbor,ID,3,13349210,straddles,0.04,-0.102037271043244,0.0,0
neighbor,ID,3,13349210,straddles,0.02,-0.0793130909617874,0.0,0
neighbor,ID,3,13349210,straddles,0.01,-0.0619800095049249,0.0,0
neighbor,ID,3,13349210,straddles,0.002,-0.0206012107219386,0.0,0
neighbor,ID,3,12424000,straddles,0.5,-0.2645328478960822,0.0,0
neighbor,ID,3,12424000,straddles,0.2,-0.2230459988619419,0.0,0
neighbor,ID,3,12424000,straddles,0.1,-0.1973322501386798,0.0,0
neighbor,ID,3,12424000,straddles,0.04,-0.1682200023224345,0.0,0
neighbor,ID,3,12424000,straddles,0.02,-0.1493092275243963,0.0,0
neighbor,ID,3,12424000,straddles,0.01,-0.1358404817647649,0.0,0
neighbor,ID,3,12424000,straddles,0.002,-0.1037104829248827,0.0,0
neighbor,CO,Mountain,06623800,straddles,0.5,0.0307441312956298,0.0,0
neighbor,CO,Mountain,06623800,straddles,0.2,0.0074591736835465,0.0,0
neighbor,CO,Mountain,06623800,straddles,0.1,0.0021034236976325,0.0,0
neighbor,CO,Mountain,06623800,straddles,0.04,-0.0286413914191894,0.0,0
neighbor,CO,Mountain,06623800,straddles,0.02,-0.0085678659520271,0.0,0
neighbor,CO,Mountain,06623800,straddles,0.01,-0.0110173271465106,0.0,0
neighbor,CO,Mountain,06623800,straddles,0.002,-0.019463651626761,0.0,0
neighbor,CO,Northwest,09258980,border,0.5,0.7892818769260801,0.0,1
neighbor,CO,Northwest,09258980,border,0.2,0.765978449728927,0.0,1
neighbor,CO,Northwest,09258980,border,0.1,0.746356114195744,0.0,1
neighbor,CO,Northwest,09258980,border,0.04,0.7628435981228838,0.0,1
neighbor,CO,Northwest,09258980,border,0.02,0.7547440070437781,0.0,1
neighbor,CO,Northwest,09258980,border,0.01,0.7711586498015928,0.0,1
neighbor,CO,Northwest,09258980,border,0.002,0.7640077628022612,0.0,0
neighbor,CO,Northwest,09256000,border,0.5,-0.0820672974609135,0.0,0
neighbor,CO,Northwest,09256000,border,0.2,0.0104273369756695,0.0,0
neighbor,CO,Northwest,09256000,border,0.1,0.039762359778567,0.0,0
neighbor,CO,Northwest,09256000,border,0.04,0.0957258350172662,0.0,0
neighbor,CO,Northwest,09256000,border,0.02,0.1205236338061412,0.0,0
neighbor,CO,Northwest,09256000,border,0.01,0.1602395745470031,0.0,0
neighbor,CO,Northwest,09256000,border,0.002,0.2082778338787148,0.0,0
neighbor,CO,Northwest,09255500,inland,0.5,0.1782909215172821,0.0,0
neighbor,CO,Northwest,09255500,inland,0.2,0.1449176880543001,0.0,0
neighbor,CO,Northwest,09255500,inland,0.1,0.1087132335508234,0.0,0
neighbor,CO,Northwest,09255500,inland,0.04,0.0907830031339069,0.0,0
neighbor,CO,Northwest,09255500,inland,0.02,0.0685158069117721,0.0,0
neighbor,CO,Northwest,09255500,inland,0.01,0.06349362733568,0.0,0
neighbor,CO,Northwest,09255500,inland,0.002,0.022542541898054,0.0,0
neighbor,ID,6_8,10041000,straddles,0.5,-0.1110142363725623,0.0,0
neighbor,ID,6_8,10041000,straddles,0.2,-0.1544560188032546,0.0,0
neighbor,ID,6_8,10041000,straddles,0.1,-0.1594358590887288,0.0,0
neighbor,ID,6_8,10041000,straddles,0.04,-0.1682997170279048,0.0,0
neighbor,ID,6_8,10041000,straddles,0.02,-0.1729524480512947,0.0,0
neighbor,ID,6_8,10041000,straddles,0.01,-0.1627180980440639,0.0,0
neighbor,ID,6_8,10041000,straddles,0.002,-0.1552722066605949,0.0,0
neighbor,ID,6_8,13025500,straddles,0.5,0.4432623831142428,0.0,1
neighbor,ID,6_8,13025500,straddles,0.2,0.4707947709296585,0.0,1
neighbor,ID,6_8,13025500,straddles,0.1,0.4934742817509701,0.0,1
neighbor,ID,6_8,13025500,straddles,0.04,0.5065506470004726,0.0,1
neighbor,ID,6_8,13025500,straddles,0.02,0.5118338791726869,0.0,1
neighbor,ID,6_8,13025500,straddles,0.01,0.5289930352110379,0.0,1
neighbor,ID,6_8,13025500,straddles,0.002,0.5423863518465488,0.0,0
neighbor,ID,6_8,13023000,border,0.5,-0.1551653341298324,0.0,0
neighbor,ID,6_8,13023000,border,0.2,-0.1443351439054985,0.0,0
neighbor,ID,6_8,13023000,border,0.1,-0.1250857004868026,0.0,0
neighbor,ID,6_8,13023000,border,0.04,-0.1138334832333352,0.0,0
neighbor,ID,6_8,13023000,border,0.02,-0.1087567119665222,0.0,0
neighbor,ID,6_8,13023000,border,0.01,-0.0900858776909556,0.0,0
neighbor,ID,6_8,13023000,border,0.002,-0.0726425512888861,0.0,0
neighbor,ID,6_8,13025000,border,0.5,-0.0180884595684709,0.0,0
neighbor,ID,6_8,13025000,border,0.2,0.0205763541601937,0.0,0
neighbor,ID,6_8,13025000,border,0.1,0.0515304502802531,0.0,0
neighbor,ID,6_8,13025000,border,0.04,0.0750305323513007,0.0,0
neighbor,ID,6_8,13025000,border,0.02,0.0872347969249602,0.0,0
neighbor,ID,6_8,13025000,border,0.01,0.1128182350825119,0.0,0
neighbor,ID,6_8,13025000,border,0.002,0.1439891445946024,0.0,0
neighbor,ID,6_8,13024500,border,0.5,0.2470704080110302,0.0,0
neighbor,ID,6_8,13024500,border,0.2,0.2676643203041808,0.0,0
neighbor,ID,6_8,13024500,border,0.1,0.2932457544591056,0.0,0
neighbor,ID,6_8,13024500,border,0.04,0.3141870614198891,0.0,0
neighbor,ID,6_8,13024500,border,0.02,0.3264673071384121,0.0,0
neighbor,ID,6_8,13024500,border,0.01,0.353071692990504,0.0,0
neighbor,ID,6_8,13024500,border,0.002,0.3895718414672857,0.0,0
neighbor,ID,6_8,13016450,border,0.5,0.0148149091841682,0.0,0
neighbor,ID,6_8,13016450,border,0.2,0.0609166804805481,0.0,0
neighbor,ID,6_8,13016450,border,0.1,0.0953896779220251,0.0,0
neighbor,ID,6_8,13016450,border,0.04,0.1215311852175693,0.0,0
neighbor,ID,6_8,13016450,border,0.02,0.1350064931963785,0.0,0
neighbor,ID,6_8,13016450,border,0.01,0.1613324086709564,0.0,0
neighbor,ID,6_8,13016450,border,0.002,0.1927048911795505,0.0,0
neighbor,ID,6_8,10032000,border,0.5,-0.0161552747196185,0.0,0
neighbor,ID,6_8,10032000,border,0.2,-0.0083663499118298,0.0,0
neighbor,ID,6_8,10032000,border,0.1,0.0128170906625606,0.0,0
neighbor,ID,6_8,10032000,border,0.04,0.0300096782025991,0.0,0
neighbor,ID,6_8,10032000,border,0.02,0.0409437101037837,0.0,0
neighbor,ID,6_8,10032000,border,0.01,0.0656607656691274,0.0,0
neighbor,ID,6_8,10032000,border,0.002,0.0995958126512381,0.0,0
neighbor,ID,6_8,13016305,border,0.5,0.1103161758836379,0.0,0
neighbor,ID,6_8,13016305,border,0.2,0.1507620478216806,0.0,0
neighbor,ID,6_8,13016305,border,0.1,0.1739040785966694,0.0,0
neighbor,ID,6_8,13016305,border,0.04,0.1821374379090272,0.0,0
neighbor,ID,6_8,13016305,border,0.02,0.1803167189013788,0.0,0
neighbor,ID,6_8,13016305,border,0.01,0.191132434747379,0.0,0
neighbor,ID,6_8,13016305,border,0.002,0.184163948595919,0.0,0
neighbor,ID,6_8,13018350,inland,0.5,0.4621601583218591,0.0,1
neighbor,ID,6_8,13018350,inland,0.2,0.5404706212568802,0.0,1
neighbor,ID,6_8,13018350,inland,0.1,0.5911227350075654,0.0,1
neighbor,ID,6_8,13018350,inland,0.04,0.6347695484958273,0.0,1
neighbor,ID,6_8,13018350,inland,0.02,0.6601639234728309,0.0,1
neighbor,ID,6_8,13018350,inland,0.01,0.6959397859688083,0.0,1
neighbor,ID,6_8,13018350,inland,0.002,0.7476156401420955,0.0,1
neighbor,ID,6_8,06036905,inland,0.5,0.1167800753384131,0.0,0
neighbor,ID,6_8,06036905,inland,0.2,0.1411491131890714,0.0,0
neighbor,ID,6_8,06036905,inland,0.1,0.1581460890846053,0.0,0
neighbor,ID,6_8,06036905,inland,0.04,0.160912431992267,0.0,0
neighbor,ID,6_8,06036905,inland,0.02,0.1572084143695535,0.0,0
neighbor,ID,6_8,06036905,inland,0.01,0.165078027819217,0.0,0
neighbor,ID,6_8,06036905,inland,0.002,0.1545404020681449,0.0,0
neighbor,ID,6_8,10027000,inland,0.5,-0.1108301465454544,0.0,0
neighbor,ID,6_8,10027000,inland,0.2,-0.1973892586056576,0.0,0
neighbor,ID,6_8,10027000,inland,0.1,-0.2125563618384482,0.0,0
neighbor,ID,6_8,10027000,inland,0.04,-0.2221728396415101,0.0,0
neighbor,ID,6_8,10027000,inland,0.02,-0.2212950958096629,0.0,0
neighbor,ID,6_8,10027000,inland,0.01,-0.2052680115503862,0.0,0
neighbor,ID,6_8,10027000,inland,0.002,-0.1755708804426357,0.0,0
neighbor,ID,6_8,13015000,inland,0.5,-0.1658548842132128,0.0,0
neighbor,ID,6_8,13015000,inland,0.2,-0.1792692840876073,0.0,0
neighbor,ID,6_8,13015000,inland,0.1,-0.1719470260361117,0.0,0
neighbor,ID,6_8,13015000,inland,0.04,-0.172147945387163,0.0,0
neighbor,ID,6_8,13015000,inland,0.02,-0.1734384484562885,0.0,0
neighbor,ID,6_8,13015000,inland,0.01,-0.1611338979364078,0.0,0
neighbor,ID,6_8,13015000,inland,0.002,-0.1545524813749912,0.0,0
neighbor,ID,6_8,13014500,inland,0.5,-0.3157162807654154,0.0,0
neighbor,ID,6_8,13014500,inland,0.2,-0.2661288976462064,0.0,0
neighbor,ID,6_8,13014500,inland,0.1,-0.2377035651675845,0.0,0
neighbor,ID,6_8,13014500,inland,0.04,-0.2244958690828991,0.0,0
neighbor,ID,6_8,13014500,inland,0.02,-0.2221714515131032,0.0,0
neighbor,ID,6_8,13014500,inland,0.01,-0.2100007870008924,0.0,0
neighbor,ID,6_8,13014500,inland,0.002,-0.2136365148783414,0.0,0
neighbor,ID,6_8,06187000,inland,0.5,-0.0530398021141205,0.0,0
neighbor,ID,6_8,06187000,inland,0.2,-0.0462424899402362,0.0,0
neighbor,ID,6_8,06187000,inland,0.1,-0.0299395859085609,0.0,0
neighbor,ID,6_8,06187000,inland,0.04,-0.0232483872854749,0.0,0
neighbor,ID,6_8,06187000,inland,0.02,-0.0217148315504021,0.0,0
neighbor,ID,6_8,06187000,inland,0.01,-0.0067441452384762,0.0,0
neighbor,ID,6_8,06187000,inland,0.002,0.0016357274506644,0.0,0
neighbor,ID,6_8,06186500,inland,0.5,-0.07742309032183,0.0,0
neighbor,ID,6_8,06186500,inland,0.2,-0.0777714933919764,0.0,0
neighbor,ID,6_8,06186500,inland,0.1,-0.0630568303857219,0.0,0
neighbor,ID,6_8,06186500,inland,0.04,-0.0564445579716386,0.0,0
neighbor,ID,6_8,06186500,inland,0.02,-0.0541438705349062,0.0,0
neighbor,ID,6_8,06186500,inland,0.01,-0.0378169879575325,0.0,0
neighbor,ID,6_8,06186500,inland,0.002,-0.025115628132478,0.0,0
neighbor,MT,UYCM,06289820,border,0.5,0.0869050420338384,0.0,0
neighbor,MT,UYCM,06289820,border,0.2,-0.0178441404783407,0.0,0
neighbor,MT,UYCM,06289820,border,0.1,-0.0793499147372833,0.0,0
neighbor,MT,UYCM,06289820,border,0.04,-0.1562303563868634,0.0,0
neighbor,MT,UYCM,06289820,border,0.02,-0.2149295819324286,0.0,0
neighbor,MT,UYCM,06289820,border,0.01,-0.277477648801435,0.0,0
neighbor,MT,UYCM,06289820,border,0.002,-0.4172177158377503,0.0,0
neighbor,MT,UYCM,06188000,straddles,0.5,-0.6252604709767873,0.0,0
neighbor,MT,UYCM,06188000,straddles,0.2,-0.5856257432538285,0.0,1
neighbor,MT,UYCM,06188000,straddles,0.1,-0.5581550430635085,0.0,1
neighbor,MT,UYCM,06188000,straddles,0.04,-0.5330061143281579,0.0,1
neighbor,MT,UYCM,06188000,straddles,0.02,-0.5247229903557216,0.0,1
neighbor,MT,UYCM,06188000,straddles,0.01,-0.52521303244127,0.0,1
neighbor,MT,UYCM,06188000,straddles,0.002,-0.5341920319411146,0.0,1
neighbor,MT,UYCM,06187500,border,0.5,-0.1183306637395773,0.0,0
neighbor,MT,UYCM,06187500,border,0.2,-0.0590695528325668,0.0,0
neighbor,MT,UYCM,06187500,border,0.1,-0.0080736753547774,0.0,0
neighbor,MT,UYCM,06187500,border,0.04,0.0557618556718262,0.0,0
neighbor,MT,UYCM,06187500,border,0.02,0.0985604806714968,0.0,0
neighbor,MT,UYCM,06187500,border,0.01,0.1345758331480473,0.0,0
neighbor,MT,UYCM,06187500,border,0.002,0.2145572945624554,0.0,0
neighbor,MT,SW,06036905,border,0.5,-0.100521132572251,0.0,0
neighbor,MT,SW,06036905,border,0.2,-0.0770998131684992,0.0,0
neighbor,MT,SW,06036905,border,0.1,-0.0625391770027259,0.0,0
neighbor,MT,SW,06036905,border,0.04,-0.0516955838535886,0.0,0
neighbor,MT,SW,06036905,border,0.02,-0.0510493123384505,0.0,0
neighbor,MT,SW,06036905,border,0.01,-0.0488814506500152,0.0,0
neighbor,MT,SW,06036905,border,0.002,-0.0523557838205994,0.0,0
neighbor,MT,UYCM,06037100,border,0.5,0.0176388320938052,0.0,0
neighbor,MT,UYCM,06037100,border,0.2,0.0540119175117457,0.0,0
neighbor,MT,UYCM,06037100,border,0.1,0.081123006947779,0.0,0
neighbor,MT,UYCM,06037100,border,0.04,0.1094013742883905,0.0,0
neighbor,MT,UYCM,06037100,border,0.02,0.1231008798521049,0.0,0
neighbor,MT,UYCM,06037100,border,0.01,0.129822272484136,0.0,0
neighbor,MT,UYCM,06037100,border,0.002,0.1401332920468685,0.0,0
neighbor,MT,SEP,06298000,border,0.5,-1.068031923736743,0.0,1
neighbor,MT,SEP,06298000,border,0.2,-0.62701234315591,0.0,1
neighbor,MT,SEP,06298000,border,0.1,-0.3706865211668497,0.0,0
neighbor,MT,SEP,06298000,border,0.04,-0.1087659867153805,0.0,0
neighbor,MT,SEP,06298000,border,0.02,0.0517839420906471,0.0,0
neighbor,MT,SEP,06298000,border,0.01,0.1848624576172,0.0,0
neighbor,MT,SEP,06298000,border,0.002,0.4455585420822525,0.0,0
neighbor,MT,SW,06187000,inland,0.5,-0.2277125946411353,0.0,0
neighbor,MT,SW,06187000,inland,0.2,-0.2384043223382232,0.0,0
neighbor,MT,SW,06187000,inland,0.1,-0.2323986391640504,0.0,0
neighbor,MT,SW,06187000,inland,0.04,-0.2224161966762321,0.0,0
neighbor,MT,SW,06187000,inland,0.02,-0.2187297392196154,0.0,0
neighbor,MT,SW,06187000,inland,0.01,-0.2131290632120261,0.0,0
neighbor,MT,SW,06187000,inland,0.002,-0.2011116054240971,0.0,0
neighbor,MT,SW,06186500,inland,0.5,-0.3020955254637116,0.0,0
neighbor,MT,SW,06186500,inland,0.2,-0.3235123285516081,0.0,0
neighbor,MT,SW,06186500,inland,0.1,-0.3230294919359444,0.0,0
neighbor,MT,SW,06186500,inland,0.04,-0.3183563654074164,0.0,0
neighbor,MT,SW,06186500,inland,0.02,-0.3174141287277772,0.0,0
neighbor,MT,SW,06186500,inland,0.01,-0.3119398967519244,0.0,0
neighbor,MT,SW,06186500,inland,0.002,-0.29906589254978,0.0,0
neighbor,UT,1,09226000,straddles,0.5,0.0971319086230457,0.0,0
neighbor,UT,1,09226000,straddles,0.2,0.0477715281542492,0.0,0
neighbor,UT,1,09226000,straddles,0.1,-0.0314108664338323,0.0,0
neighbor,UT,1,09226000,straddles,0.04,-0.0944951362446571,0.0,0
neighbor,UT,1,09226000,straddles,0.02,-0.1327731824330893,0.0,0
neighbor,UT,1,09226000,straddles,0.01,-0.1839637838485068,0.0,0
neighbor,UT,1,09226000,straddles,0.002,-0.3123758285777485,0.0,0
neighbor,UT,1,09220500,straddles,0.5,0.0109565331637599,0.0,0
neighbor,UT,1,09220500,straddles,0.2,-0.0221689595050467,0.0,0
neighbor,UT,1,09220500,straddles,0.1,-0.08300810489109,0.0,0
neighbor,UT,1,09220500,straddles,0.04,-0.1217103608521434,0.0,0
neighbor,UT,1,09220500,straddles,0.02,-0.1409761481561853,0.0,0
neighbor,UT,1,09220500,straddles,0.01,-0.1734002312231917,0.0,0
neighbor,UT,1,09220500,straddles,0.002,-0.2498666963269116,0.0,0
neighbor,UT,1,10027000,border,0.5,0.4923672106538275,0.0,1
neighbor,UT,1,10027000,border,0.2,0.3499572253436498,0.0,0
neighbor,UT,1,10027000,border,0.1,0.2680507743225515,0.0,0
neighbor,UT,1,10027000,border,0.04,0.2200292243295298,0.0,0
neighbor,UT,1,10027000,border,0.02,0.2010390898445271,0.0,0
neighbor,UT,1,10027000,border,0.01,0.1862007410033292,0.0,0
neighbor,UT,1,10027000,border,0.002,0.142429593177408,0.0,0
neighbor,UT,1,10015700,straddles,0.5,0.0348296035574278,0.0,0
neighbor,UT,1,10015700,straddles,0.2,0.0302368057873838,0.0,0
neighbor,UT,1,10015700,straddles,0.1,-0.0192086198273657,0.0,0
neighbor,UT,1,10015700,straddles,0.04,-0.0582797758591104,0.0,0
neighbor,UT,1,10015700,straddles,0.02,-0.0845173117328808,0.0,0
neighbor,UT,1,10015700,straddles,0.01,-0.1218630988427413,0.0,0
neighbor,UT,1,10015700,straddles,0.002,-0.2209601838596149,0.0,0
neighbor,UT,1,09225200,border,0.5,-0.3389500909580349,0.0,0
neighbor,UT,1,09225200,border,0.2,-0.3595504035982277,0.0,0
neighbor,UT,1,09225200,border,0.1,-0.3948247349200233,0.0,0
neighbor,UT,1,09225200,border,0.04,-0.4098330236079825,0.0,0
neighbor,UT,1,09225200,border,0.02,-0.4134281500827219,0.0,0
neighbor,UT,1,09225200,border,0.01,-0.4318722689445518,0.0,0
neighbor,UT,1,09225200,border,0.002,-0.4456156357609098,0.0,0
